[
    [
        {
            "type": "header",
            "bbox": [
                0.119,
                0.068,
                0.371,
                0.084
            ],
            "angle": 0,
            "content": "DIRECT CONSOLIDATION"
        },
        {
            "type": "title",
            "bbox": [
                0.431,
                0.125,
                0.569,
                0.14
            ],
            "angle": 0,
            "content": "Answer 1.06"
        },
        {
            "type": "text",
            "bbox": [
                0.117,
                0.159,
                0.696,
                0.176
            ],
            "angle": 0,
            "content": "Minority interests in company A: \\(40 = 20\\%\\) [1000 - 800]"
        },
        {
            "type": "text",
            "bbox": [
                0.117,
                0.176,
                0.631,
                0.191
            ],
            "angle": 0,
            "content": "Minority interests in company B: \\(520 = 52\\%\\) 1000"
        },
        {
            "type": "text",
            "bbox": [
                0.117,
                0.191,
                0.668,
                0.208
            ],
            "angle": 0,
            "content": "The consolidated Minority interests are \\(560 = 40 + 520\\)."
        },
        {
            "type": "title",
            "bbox": [
                0.431,
                0.242,
                0.567,
                0.257
            ],
            "angle": 0,
            "content": "Answer 1.07"
        },
        {
            "type": "text",
            "bbox": [
                0.116,
                0.274,
                0.885,
                0.307
            ],
            "angle": 0,
            "content": "Gross dividends paid by company B are valuated for \\( 800 = 1000 \\, \\text{Cur}^* 0.8 \\) (average rate of Year 1)."
        },
        {
            "type": "text",
            "bbox": [
                0.116,
                0.307,
                0.88,
                0.34
            ],
            "angle": 0,
            "content": "Company A receives \\(560 = 70\\%\\) * 800 which is the amount to eliminate from the profit and to transfer to the reserves."
        },
        {
            "type": "title",
            "bbox": [
                0.431,
                0.375,
                0.567,
                0.389
            ],
            "angle": 0,
            "content": "Answer 1.08"
        },
        {
            "type": "text",
            "bbox": [
                0.117,
                0.408,
                0.778,
                0.425
            ],
            "angle": 0,
            "content": "The adjusted equity of the acquired company is \\(1000 = 800 + 200\\)."
        },
        {
            "type": "text",
            "bbox": [
                0.116,
                0.44,
                0.882,
                0.473
            ],
            "angle": 0,
            "content": "The goodwill is the difference between the acquisition price of 1000 and 800 \\(= 80\\%\\) 1000 which is 200."
        },
        {
            "type": "title",
            "bbox": [
                0.431,
                0.512,
                0.567,
                0.527
            ],
            "angle": 0,
            "content": "Answer 1.09"
        },
        {
            "type": "text",
            "bbox": [
                0.115,
                0.541,
                0.88,
                0.572
            ],
            "angle": 0,
            "content": "The cash flow is equal to the consolidated result \\( + \\) non cash charges - non cash incomes."
        },
        {
            "type": "text",
            "bbox": [
                0.114,
                0.573,
                0.88,
                0.623
            ],
            "angle": 0,
            "content": "From our situation, we get a cash flow of \\( 550 = 300 + 200 + 100 + (50) \\), considering the only non cash items are \"Depreciations\", 'Provisions\" and 'Profit from equity method company\"."
        },
        {
            "type": "title",
            "bbox": [
                0.431,
                0.657,
                0.567,
                0.671
            ],
            "angle": 0,
            "content": "Answer 1.10"
        },
        {
            "type": "text",
            "bbox": [
                0.115,
                0.688,
                0.88,
                0.723
            ],
            "angle": 0,
            "content": "The first year, the P&L impact was \\(250 = 100^{\\star}2.5\\) and this amount must be kept unchanged in the Reserves."
        },
        {
            "type": "text",
            "bbox": [
                0.115,
                0.738,
                0.879,
                0.768
            ],
            "angle": 0,
            "content": "Considering a closing rate of 1.8 this year, the adjustment after translation becomes"
        },
        {
            "type": "table",
            "bbox": [
                0.119,
                0.77,
                0.588,
                0.837
            ],
            "angle": 0,
            "content": "<table><tr><td></td><td>Debit</td><td>Credit</td></tr><tr><td>~rite - oftn receivables (P&amp;L)</td><td>250</td><td></td></tr><tr><td>Receivables (Balance sheet)</td><td></td><td>180</td></tr><tr><td>Translation adjustments</td><td></td><td>70</td></tr></table>"
        },
        {
            "type": "text",
            "bbox": [
                0.115,
                0.85,
                0.88,
                0.883
            ],
            "angle": 0,
            "content": "and the company being consolidated with the proportional method at \\(50\\%\\), the correct answer is Credit 35."
        },
        {
            "type": "page_number",
            "bbox": [
                0.476,
                0.924,
                0.521,
                0.939
            ],
            "angle": 0,
            "content": "474"
        }
    ],
    [
        {
            "type": "header",
            "bbox": [
                0.503,
                0.074,
                0.856,
                0.09
            ],
            "angle": 0,
            "content": "PART 7 CONSOLIDATION QUIZZ"
        },
        {
            "type": "title",
            "bbox": [
                0.103,
                0.123,
                0.726,
                0.147
            ],
            "angle": 0,
            "content": "6 CORRECT ANSWERS: QUIZZ 2"
        },
        {
            "type": "table_caption",
            "bbox": [
                0.418,
                0.186,
                0.556,
                0.202
            ],
            "angle": 0,
            "content": "Answer 2.01"
        },
        {
            "type": "table",
            "bbox": [
                0.297,
                0.225,
                0.709,
                0.39
            ],
            "angle": 0,
            "content": "<table><tr><td rowspan=\"3\">Company P</td><td>3rd parties</td><td>500</td><td>500</td></tr><tr><td>Company A</td><td>200</td><td>0</td></tr><tr><td>Company B</td><td>300</td><td>300</td></tr><tr><td rowspan=\"2\">Company A</td><td>3rd parties</td><td>700</td><td>700</td></tr><tr><td>Company P</td><td>100</td><td>0</td></tr><tr><td rowspan=\"2\">Company B</td><td>3rd parties</td><td>100</td><td>0</td></tr><tr><td>Company P</td><td>400</td><td>0</td></tr><tr><td colspan=\"3\"></td><td>1,500</td></tr></table>"
        },
        {
            "type": "text",
            "bbox": [
                0.102,
                0.396,
                0.55,
                0.413
            ],
            "angle": 0,
            "content": "Company P/Company A is eliminated for 200."
        },
        {
            "type": "text",
            "bbox": [
                0.102,
                0.413,
                0.868,
                0.445
            ],
            "angle": 0,
            "content": "Company P/Company B for an amount of 300 is not eliminated because B is consolidated with the equity method."
        },
        {
            "type": "text",
            "bbox": [
                0.103,
                0.445,
                0.55,
                0.461
            ],
            "angle": 0,
            "content": "Company A/Company P is eliminated for 100."
        },
        {
            "type": "text",
            "bbox": [
                0.102,
                0.461,
                0.868,
                0.493
            ],
            "angle": 0,
            "content": "All amounts in company B accounts are not integrated because of the equity method."
        },
        {
            "type": "title",
            "bbox": [
                0.417,
                0.528,
                0.557,
                0.543
            ],
            "angle": 0,
            "content": "Answer 2.02"
        },
        {
            "type": "text",
            "bbox": [
                0.103,
                0.561,
                0.848,
                0.579
            ],
            "angle": 0,
            "content": "The annual profit of 200 splits into 120 and 80 for the two mid-year periods."
        },
        {
            "type": "text",
            "bbox": [
                0.102,
                0.594,
                0.87,
                0.643
            ],
            "angle": 0,
            "content": "Moreover, we have to consider an adjustment of (40) corresponding to an additional depreciation. This amount of (40) must be split into (20) and (20) for the two periods considered."
        },
        {
            "type": "text",
            "bbox": [
                0.103,
                0.657,
                0.869,
                0.692
            ],
            "angle": 0,
            "content": "Finally, the contribution to the consolidated profit is \\(132 = 90\\% * [120 + (20)] + 70\\% * [80 + (20)]\\)"
        },
        {
            "type": "title",
            "bbox": [
                0.417,
                0.725,
                0.556,
                0.74
            ],
            "angle": 0,
            "content": "Answer 2.03"
        },
        {
            "type": "text",
            "bbox": [
                0.101,
                0.759,
                0.871,
                0.793
            ],
            "angle": 0,
            "content": "In statutory accounts, the \\(20\\%\\) of shares disposed correspond to a value of \\(250 = 1000 * [20\\% / 80\\%]\\), giving a gain of \\(150 = 400 - 250\\)."
        },
        {
            "type": "text",
            "bbox": [
                0.101,
                0.805,
                0.868,
                0.84
            ],
            "angle": 0,
            "content": "In consolidation, we sell for a price of 400 shares valuated for \\(300 = 20\\%\\) * 1500, giving a gain of 100."
        }
    ],
    [
        {
            "type": "header",
            "bbox": [
                0.118,
                0.065,
                0.373,
                0.081
            ],
            "angle": 0,
            "content": "DIRECT CONSOLIDATION"
        },
        {
            "type": "text",
            "bbox": [
                0.115,
                0.12,
                0.893,
                0.155
            ],
            "angle": 0,
            "content": "The consolidation adjustment will consist in decreasing that gain for 50 by a Debit 50."
        },
        {
            "type": "title",
            "bbox": [
                0.433,
                0.188,
                0.574,
                0.203
            ],
            "angle": 0,
            "content": "Answer 2.04"
        },
        {
            "type": "text",
            "bbox": [
                0.117,
                0.22,
                0.385,
                0.239
            ],
            "angle": 0,
            "content": "\\(3^{\\mathrm{rd}}\\) parties percentages are"
        },
        {
            "type": "text",
            "bbox": [
                0.155,
                0.254,
                0.384,
                0.269
            ],
            "angle": 0,
            "content": "20% in company A"
        },
        {
            "type": "text",
            "bbox": [
                0.155,
                0.271,
                0.383,
                0.286
            ],
            "angle": 0,
            "content": "44% in company B"
        },
        {
            "type": "text",
            "bbox": [
                0.155,
                0.287,
                0.403,
                0.302
            ],
            "angle": 0,
            "content": "- 66.4% in company C"
        },
        {
            "type": "list",
            "bbox": [
                0.155,
                0.254,
                0.403,
                0.302
            ],
            "angle": 0,
            "content": null
        },
        {
            "type": "text",
            "bbox": [
                0.115,
                0.318,
                0.89,
                0.351
            ],
            "angle": 0,
            "content": "Considering Minority interests are calculated in the net equity \\( = \\) equity less financial investments in consolidated companies, we find"
        },
        {
            "type": "text",
            "bbox": [
                0.154,
                0.363,
                0.627,
                0.384
            ],
            "angle": 0,
            "content": "For company A: \\(220 = 20\\%\\) [2000 - 900]"
        },
        {
            "type": "text",
            "bbox": [
                0.154,
                0.384,
                0.629,
                0.4
            ],
            "angle": 0,
            "content": "For Company B: \\(132 = 44\\%\\) [1000 - 700]"
        },
        {
            "type": "text",
            "bbox": [
                0.154,
                0.4,
                0.568,
                0.414
            ],
            "angle": 0,
            "content": "For Company C: \\(664 = 66.4\\%\\) ^1000"
        },
        {
            "type": "list",
            "bbox": [
                0.154,
                0.363,
                0.629,
                0.414
            ],
            "angle": 0,
            "content": null
        },
        {
            "type": "text",
            "bbox": [
                0.116,
                0.431,
                0.334,
                0.449
            ],
            "angle": 0,
            "content": "giving a total of 1016."
        },
        {
            "type": "title",
            "bbox": [
                0.431,
                0.482,
                0.571,
                0.497
            ],
            "angle": 0,
            "content": "Answer 2.05"
        },
        {
            "type": "text",
            "bbox": [
                0.115,
                0.516,
                0.329,
                0.533
            ],
            "angle": 0,
            "content": "Option a: Not correct"
        },
        {
            "type": "text",
            "bbox": [
                0.114,
                0.548,
                0.889,
                0.598
            ],
            "angle": 0,
            "content": "We can have a company owned at \\(100\\%\\) giving negative consolidated reserves and a single company with \\(3^{rd}\\) Parties with a positive equity, so giving positive Minority interests."
        },
        {
            "type": "text",
            "bbox": [
                0.115,
                0.613,
                0.292,
                0.63
            ],
            "angle": 0,
            "content": "Option b: Correct"
        },
        {
            "type": "text",
            "bbox": [
                0.114,
                0.645,
                0.887,
                0.679
            ],
            "angle": 0,
            "content": "... and the cumulated losses are greater than the consolidated reserves of all the other companies of the group."
        },
        {
            "type": "text",
            "bbox": [
                0.115,
                0.693,
                0.325,
                0.71
            ],
            "angle": 0,
            "content": "Option c: Not correct"
        },
        {
            "type": "text",
            "bbox": [
                0.114,
                0.725,
                0.886,
                0.759
            ],
            "angle": 0,
            "content": "In consolidation, reserves can be negative because one company makes huge cumulative losses since a number of years."
        },
        {
            "type": "text",
            "bbox": [
                0.115,
                0.79,
                0.329,
                0.807
            ],
            "angle": 0,
            "content": "Option d: Not correct"
        },
        {
            "type": "text",
            "bbox": [
                0.114,
                0.822,
                0.887,
                0.873
            ],
            "angle": 0,
            "content": "Suppose parent company reserves are equal to zero and the only consolidated company is making losses since its first year consolidation. In such case we would get consolidated equity lower than statutory equity."
        }
    ],
    [
        {
            "type": "header",
            "bbox": [
                0.503,
                0.074,
                0.857,
                0.09
            ],
            "angle": 0,
            "content": "PART 7 CONSOLIDATION QUIZZ"
        },
        {
            "type": "title",
            "bbox": [
                0.419,
                0.125,
                0.556,
                0.14
            ],
            "angle": 0,
            "content": "Answer 2.06"
        },
        {
            "type": "text",
            "bbox": [
                0.103,
                0.158,
                0.545,
                0.175
            ],
            "angle": 0,
            "content": "The contribution of the paid dividends will be"
        },
        {
            "type": "text",
            "bbox": [
                0.141,
                0.19,
                0.386,
                0.206
            ],
            "angle": 0,
            "content": "(300) for company P"
        },
        {
            "type": "text",
            "bbox": [
                0.141,
                0.207,
                0.529,
                0.223
            ],
            "angle": 0,
            "content": "(40) \\(= 20\\%\\) \\* (200) for company A"
        },
        {
            "type": "text",
            "bbox": [
                0.141,
                0.223,
                0.529,
                0.24
            ],
            "angle": 0,
            "content": "(30) \\(= 30\\%\\) (100) for company B"
        },
        {
            "type": "list",
            "bbox": [
                0.141,
                0.19,
                0.529,
                0.24
            ],
            "angle": 0,
            "content": null
        },
        {
            "type": "text",
            "bbox": [
                0.103,
                0.255,
                0.325,
                0.273
            ],
            "angle": 0,
            "content": "giving a total of (370)."
        },
        {
            "type": "title",
            "bbox": [
                0.418,
                0.306,
                0.556,
                0.321
            ],
            "angle": 0,
            "content": "Answer 2.07"
        },
        {
            "type": "text",
            "bbox": [
                0.103,
                0.34,
                0.871,
                0.373
            ],
            "angle": 0,
            "content": "Bank account of parent company is consolidated at \\(100\\%\\) and we show a cash out of (300)."
        },
        {
            "type": "text",
            "bbox": [
                0.103,
                0.388,
                0.871,
                0.421
            ],
            "angle": 0,
            "content": "Bank account of company A being consolidated by the equity method, we don't have any cash in the cash flow statement."
        },
        {
            "type": "text",
            "bbox": [
                0.104,
                0.436,
                0.366,
                0.454
            ],
            "angle": 0,
            "content": "So the net impact is (300)."
        },
        {
            "type": "title",
            "bbox": [
                0.418,
                0.488,
                0.556,
                0.503
            ],
            "angle": 0,
            "content": "Answer 2.08"
        },
        {
            "type": "text",
            "bbox": [
                0.103,
                0.521,
                0.871,
                0.587
            ],
            "angle": 0,
            "content": "The amount of 150 in the transfer column has nothing to do with dividends or interim dividends. We have seen several times that this column was used mainly for two reasons, either a decrease in percentage in company A or some elimination of group profit via the Reserves account."
        },
        {
            "type": "text",
            "bbox": [
                0.104,
                0.602,
                0.369,
                0.619
            ],
            "angle": 0,
            "content": "The option d is not correct."
        },
        {
            "type": "title",
            "bbox": [
                0.418,
                0.652,
                0.556,
                0.667
            ],
            "angle": 0,
            "content": "Answer 2.09"
        },
        {
            "type": "text",
            "bbox": [
                0.104,
                0.686,
                0.5,
                0.703
            ],
            "angle": 0,
            "content": "Consolidated reserves of company A are"
        },
        {
            "type": "equation",
            "bbox": [
                0.225,
                0.717,
                0.745,
                0.735
            ],
            "angle": 0,
            "content": "\\[\n60 \\% * [ 2000 + 500 ] + (200) - [ 1000 + 200 ] = 100.\n\\]"
        },
        {
            "type": "title",
            "bbox": [
                0.418,
                0.769,
                0.556,
                0.784
            ],
            "angle": 0,
            "content": "Answer 2.10"
        },
        {
            "type": "text",
            "bbox": [
                0.101,
                0.802,
                0.871,
                0.852
            ],
            "angle": 0,
            "content": "Capital account at closing rate is \\(7400 = 2000 \\times 3.7\\) and at historical rate is \\(6600 = 1000 \\times 3.0 + 1000 \\times 3.6\\). This implies a debit on Capital for 800 and a credit on Translation adjustments for 800."
        },
        {
            "type": "page_number",
            "bbox": [
                0.463,
                0.923,
                0.508,
                0.937
            ],
            "angle": 0,
            "content": "477"
        }
    ],
    [
        {
            "type": "header",
            "bbox": [
                0.117,
                0.066,
                0.373,
                0.082
            ],
            "angle": 0,
            "content": "DIRECT CONSOLIDATION"
        },
        {
            "type": "text",
            "bbox": [
                0.119,
                0.119,
                0.89,
                0.17
            ],
            "angle": 0,
            "content": "Retained earnings account at closing rate is \\(2590 = 700^{*}3.7\\) and at historical rate is \\(2210 = 300^{*}3.1 + 400^{*}3.2\\). This implies a debit on Retained earnings for 380 and a credit on Translation adjustments for 380."
        },
        {
            "type": "text",
            "bbox": [
                0.119,
                0.184,
                0.889,
                0.234
            ],
            "angle": 0,
            "content": "Result account at closing rate is \\(1110 = 300 \\times 3.7\\) and at average rate is \\(1020 = 300 \\times 3.4\\). This implies a debit on Result for 90 and a credit on Translation adjustments for 90."
        },
        {
            "type": "text",
            "bbox": [
                0.119,
                0.25,
                0.782,
                0.266
            ],
            "angle": 0,
            "content": "The total impact on Translation adjustments account is Credit 1270."
        }
    ],
    [
        {
            "type": "header",
            "bbox": [
                0.503,
                0.074,
                0.857,
                0.09
            ],
            "angle": 0,
            "content": "PART 7 CONSOLIDATION QUIZZ"
        },
        {
            "type": "title",
            "bbox": [
                0.106,
                0.124,
                0.728,
                0.147
            ],
            "angle": 0,
            "content": "7 CORRECT ANSWERS: QUIZZ 3"
        },
        {
            "type": "title",
            "bbox": [
                0.419,
                0.17,
                0.558,
                0.186
            ],
            "angle": 0,
            "content": "Answer 3.01"
        },
        {
            "type": "title",
            "bbox": [
                0.104,
                0.204,
                0.39,
                0.22
            ],
            "angle": 0,
            "content": "Indirect financial wercentacle"
        },
        {
            "type": "text",
            "bbox": [
                0.142,
                0.236,
                0.644,
                0.251
            ],
            "angle": 0,
            "content": "- P -> A -> C -> E: 80% * 60% * 10% = 4.8%"
        },
        {
            "type": "text",
            "bbox": [
                0.141,
                0.253,
                0.654,
                0.267
            ],
            "angle": 0,
            "content": "- P -> A -> D -> E : 80% * 70% * 20% = 11.2%"
        },
        {
            "type": "text",
            "bbox": [
                0.141,
                0.269,
                0.775,
                0.284
            ],
            "angle": 0,
            "content": "- P -> B -> A -> C -> E : 40% * 10% * 60% * 10% = 0.24%"
        },
        {
            "type": "text",
            "bbox": [
                0.141,
                0.285,
                0.776,
                0.3
            ],
            "angle": 0,
            "content": "- P -> B -> A -> D -> E : 40% * 10% * 70% * 20% = 0.56%"
        },
        {
            "type": "text",
            "bbox": [
                0.142,
                0.301,
                0.513,
                0.316
            ],
            "angle": 0,
            "content": "- P->B->E:40%*70%=28%"
        },
        {
            "type": "list",
            "bbox": [
                0.141,
                0.236,
                0.776,
                0.316
            ],
            "angle": 0,
            "content": null
        },
        {
            "type": "text",
            "bbox": [
                0.105,
                0.334,
                0.339,
                0.35
            ],
            "angle": 0,
            "content": "giving a total of \\(44.8\\%\\)."
        },
        {
            "type": "text",
            "bbox": [
                0.105,
                0.365,
                0.375,
                0.381
            ],
            "angle": 0,
            "content": "Indirect control percentage"
        },
        {
            "type": "text",
            "bbox": [
                0.105,
                0.397,
                0.343,
                0.414
            ],
            "angle": 0,
            "content": "Company E is owned by"
        },
        {
            "type": "text",
            "bbox": [
                0.142,
                0.429,
                0.797,
                0.445
            ],
            "angle": 0,
            "content": "- Company B: Not controlled by P because B owned at only \\(40 \\%\\)"
        },
        {
            "type": "text",
            "bbox": [
                0.142,
                0.446,
                0.849,
                0.461
            ],
            "angle": 0,
            "content": "Company C: Not controlled by P because of shareholders agreement"
        },
        {
            "type": "text",
            "bbox": [
                0.143,
                0.462,
                0.635,
                0.478
            ],
            "angle": 0,
            "content": "Company D: Controlled indirectly by P at \\(70\\%\\)"
        },
        {
            "type": "list",
            "bbox": [
                0.142,
                0.429,
                0.849,
                0.478
            ],
            "angle": 0,
            "content": null
        },
        {
            "type": "text",
            "bbox": [
                0.105,
                0.493,
                0.868,
                0.511
            ],
            "angle": 0,
            "content": "The only voting rights to take into account are the \\(20\\%\\) owned by company D."
        },
        {
            "type": "title",
            "bbox": [
                0.42,
                0.544,
                0.558,
                0.559
            ],
            "angle": 0,
            "content": "Answer 3.02"
        },
        {
            "type": "text",
            "bbox": [
                0.105,
                0.578,
                0.402,
                0.594
            ],
            "angle": 0,
            "content": "Let's set the selling price to \\(X\\)."
        },
        {
            "type": "text",
            "bbox": [
                0.105,
                0.608,
                0.831,
                0.626
            ],
            "angle": 0,
            "content": "The consolidated value of the \\(80\\%\\) shares is \\(3520 = 80\\%\\) [4000 + 400]."
        },
        {
            "type": "text",
            "bbox": [
                0.104,
                0.642,
                0.872,
                0.69
            ],
            "angle": 0,
            "content": "At this moment, the consolidated gain is X - 3520. But we also have to eliminate the goodwill for 300, giving a net consolidated gain of X - 3520 - 300 which must be equal to 200."
        },
        {
            "type": "text",
            "bbox": [
                0.105,
                0.706,
                0.338,
                0.722
            ],
            "angle": 0,
            "content": "The value of \\( X \\) is 4020."
        },
        {
            "type": "title",
            "bbox": [
                0.419,
                0.757,
                0.557,
                0.772
            ],
            "angle": 0,
            "content": "Answer 3.03"
        },
        {
            "type": "text",
            "bbox": [
                0.104,
                0.789,
                0.823,
                0.825
            ],
            "angle": 0,
            "content": "Equity value of company A is \\(1560 = 40\\%\\) [3000 + 1000 + 400 - 500]. Equity value of company B is \\(240 = 12\\%\\) [1000 + 800 + 200]."
        },
        {
            "type": "text",
            "bbox": [
                0.104,
                0.84,
                0.447,
                0.856
            ],
            "angle": 0,
            "content": "Consolidated equity value is 1800."
        }
    ],
    [
        {
            "type": "header",
            "bbox": [
                0.118,
                0.068,
                0.373,
                0.084
            ],
            "angle": 0,
            "content": "DIRECT CONSOLIDATION"
        },
        {
            "type": "title",
            "bbox": [
                0.43,
                0.125,
                0.569,
                0.14
            ],
            "angle": 0,
            "content": "Answer 3.04"
        },
        {
            "type": "text",
            "bbox": [
                0.115,
                0.159,
                0.518,
                0.176
            ],
            "angle": 0,
            "content": "Consolidated reserves before transaction"
        },
        {
            "type": "text",
            "bbox": [
                0.154,
                0.187,
                0.731,
                0.209
            ],
            "angle": 0,
            "content": "For company A: (400) = 80% * 2000 - 100% * 2000"
        },
        {
            "type": "text",
            "bbox": [
                0.154,
                0.219,
                0.706,
                0.24
            ],
            "angle": 0,
            "content": "For company B: (160) = 48% * 1000 - 80% * 800"
        },
        {
            "type": "list",
            "bbox": [
                0.154,
                0.187,
                0.731,
                0.24
            ],
            "angle": 0,
            "content": null
        },
        {
            "type": "text",
            "bbox": [
                0.116,
                0.255,
                0.497,
                0.273
            ],
            "angle": 0,
            "content": "giving a total of \\((560) = (400) + (160)\\)"
        },
        {
            "type": "text",
            "bbox": [
                0.116,
                0.287,
                0.502,
                0.304
            ],
            "angle": 0,
            "content": "Consolidated reserves after transaction"
        },
        {
            "type": "text",
            "bbox": [
                0.154,
                0.317,
                0.717,
                0.335
            ],
            "angle": 0,
            "content": "For company A : (240) = 48% * 2000 - 60% * 2000"
        },
        {
            "type": "text",
            "bbox": [
                0.154,
                0.347,
                0.717,
                0.367
            ],
            "angle": 0,
            "content": "For company B: (200) = 60% * 1000 - 100% * 800"
        },
        {
            "type": "list",
            "bbox": [
                0.154,
                0.317,
                0.717,
                0.367
            ],
            "angle": 0,
            "content": null
        },
        {
            "type": "text",
            "bbox": [
                0.116,
                0.383,
                0.497,
                0.402
            ],
            "angle": 0,
            "content": "giving a total of \\((440) = (240) + (200)\\)"
        },
        {
            "type": "text",
            "bbox": [
                0.116,
                0.416,
                0.781,
                0.433
            ],
            "angle": 0,
            "content": "The impact on A and B consolidated reserves is \\(120 = (440) - (560)\\)"
        },
        {
            "type": "title",
            "bbox": [
                0.429,
                0.466,
                0.567,
                0.482
            ],
            "angle": 0,
            "content": "Answer 3.05"
        },
        {
            "type": "text",
            "bbox": [
                0.115,
                0.501,
                0.327,
                0.518
            ],
            "angle": 0,
            "content": "Option a: Not correct"
        },
        {
            "type": "text",
            "bbox": [
                0.115,
                0.533,
                0.882,
                0.584
            ],
            "angle": 0,
            "content": "Year 1 closing assets and liabilities will not impact the cash flow statement because they have not been acquired. The only cash out to show is the acquisition price of the shares giving the control on that company."
        },
        {
            "type": "text",
            "bbox": [
                0.116,
                0.597,
                0.329,
                0.614
            ],
            "angle": 0,
            "content": "Option b: Not correct"
        },
        {
            "type": "text",
            "bbox": [
                0.115,
                0.629,
                0.88,
                0.662
            ],
            "angle": 0,
            "content": "A goodwill never appears in a cash flow statement. A goodwill is only a part of the transaction amount."
        },
        {
            "type": "text",
            "bbox": [
                0.115,
                0.678,
                0.327,
                0.695
            ],
            "angle": 0,
            "content": "Option c: Not correct"
        },
        {
            "type": "text",
            "bbox": [
                0.114,
                0.709,
                0.88,
                0.758
            ],
            "angle": 0,
            "content": "This amount of 400 corresponding to the acquisition price less the goodwill is also a part of the acquisition price. It doesn't appear in the cash flow statement."
        },
        {
            "type": "text",
            "bbox": [
                0.115,
                0.773,
                0.292,
                0.79
            ],
            "angle": 0,
            "content": "Option d: Correct"
        },
        {
            "type": "text",
            "bbox": [
                0.114,
                0.805,
                0.88,
                0.84
            ],
            "angle": 0,
            "content": "Whatever the consolidation method may be or the percentage acquired, the only amount impacting the cash flow statement is the acquisition price."
        }
    ],
    [
        {
            "type": "header",
            "bbox": [
                0.505,
                0.075,
                0.858,
                0.091
            ],
            "angle": 0,
            "content": "PART 7 CONSOLIDATION QUIZZ"
        },
        {
            "type": "title",
            "bbox": [
                0.42,
                0.124,
                0.561,
                0.14
            ],
            "angle": 0,
            "content": "Answer 3.06"
        },
        {
            "type": "text",
            "bbox": [
                0.107,
                0.159,
                0.871,
                0.192
            ],
            "angle": 0,
            "content": "The first step when deconsolidating a company is to consolidate that company with the equity method."
        },
        {
            "type": "text",
            "bbox": [
                0.107,
                0.205,
                0.757,
                0.225
            ],
            "angle": 0,
            "content": "The equity value would be \\(1350 = 50\\%\\) \\* [2000 + 1000 + (300)]."
        },
        {
            "type": "text",
            "bbox": [
                0.107,
                0.239,
                0.872,
                0.288
            ],
            "angle": 0,
            "content": "The second step consists in modifying the value to bring it to the statutory financial investment of 1800. This can be done by a debit 450 on the equity value and a credit 450 on a profit account. This last booking is the answer."
        },
        {
            "type": "title",
            "bbox": [
                0.42,
                0.321,
                0.561,
                0.337
            ],
            "angle": 0,
            "content": "Answer 3.07"
        },
        {
            "type": "text",
            "bbox": [
                0.107,
                0.369,
                0.815,
                0.39
            ],
            "angle": 0,
            "content": "Equity value of company B = 520 = 20% \\(\\star\\) [2000 + 1000 + 200 - 600]."
        },
        {
            "type": "text",
            "bbox": [
                0.107,
                0.401,
                0.871,
                0.437
            ],
            "angle": 0,
            "content": "The indirect group financial percentage in company A is \\(64\\% = 60\\% + 20\\%\\) and \\(3^{\\text{rd}}\\) Parties indirect percentage is \\(36\\% = 100\\% - 64\\%\\)."
        },
        {
            "type": "text",
            "bbox": [
                0.108,
                0.449,
                0.692,
                0.469
            ],
            "angle": 0,
            "content": "Minority interests are \\(1980 = 36\\%\\) \\* [3000 + 2000 + 5001."
        },
        {
            "type": "title",
            "bbox": [
                0.42,
                0.503,
                0.559,
                0.518
            ],
            "angle": 0,
            "content": "Answer 3.08"
        },
        {
            "type": "text",
            "bbox": [
                0.107,
                0.537,
                0.831,
                0.555
            ],
            "angle": 0,
            "content": "We first have to evaluate the consolidated equity of the subgroup which is"
        },
        {
            "type": "text",
            "bbox": [
                0.147,
                0.569,
                0.474,
                0.584
            ],
            "angle": 0,
            "content": "Capital of company \\(A = 3000\\)"
        },
        {
            "type": "text",
            "bbox": [
                0.147,
                0.585,
                0.493,
                0.6
            ],
            "angle": 0,
            "content": "Reserves of company A = 2000"
        },
        {
            "type": "text",
            "bbox": [
                0.148,
                0.601,
                0.466,
                0.617
            ],
            "angle": 0,
            "content": "Result of company \\(A = 1000\\)"
        },
        {
            "type": "text",
            "bbox": [
                0.146,
                0.616,
                0.87,
                0.65
            ],
            "angle": 0,
            "content": "- Consolidated reserves of company B = 420 = 70% * [2000 + 500 + 100] - [1500 + (100)]"
        },
        {
            "type": "list",
            "bbox": [
                0.146,
                0.569,
                0.87,
                0.65
            ],
            "angle": 0,
            "content": null
        },
        {
            "type": "text",
            "bbox": [
                0.108,
                0.665,
                0.334,
                0.681
            ],
            "angle": 0,
            "content": "that is a total of 6420."
        },
        {
            "type": "text",
            "bbox": [
                0.107,
                0.696,
                0.872,
                0.73
            ],
            "angle": 0,
            "content": "Considering a selling price of \\( X \\), company \\( P \\) would make a profit of \\( X - 60\\% * 6420 = X - 3852 \\)."
        },
        {
            "type": "text",
            "bbox": [
                0.107,
                0.745,
                0.872,
                0.793
            ],
            "angle": 0,
            "content": "But this profit has to be decreased by the 500 goodwill attached to the \\(60\\%\\) shares, which gives a final profit of X - 3852 - 500 that must be equal to 300."
        },
        {
            "type": "text",
            "bbox": [
                0.108,
                0.809,
                0.294,
                0.825
            ],
            "angle": 0,
            "content": "We find \\(X = 4652\\)"
        }
    ],
    [
        {
            "type": "header",
            "bbox": [
                0.117,
                0.068,
                0.373,
                0.084
            ],
            "angle": 0,
            "content": "DIRECT CONSOLIDATION"
        },
        {
            "type": "title",
            "bbox": [
                0.429,
                0.125,
                0.568,
                0.14
            ],
            "angle": 0,
            "content": "Answer 3.09"
        },
        {
            "type": "text",
            "bbox": [
                0.113,
                0.159,
                0.881,
                0.24
            ],
            "angle": 0,
            "content": "We have seen several times through our different examples that when a company is consolidated with a percentage X until a shareholder decides to sell a percentage of Y, the following part of consolidated reserves, that is \"consolidated reserves * (Y / X)\" are transferred from the concerned company to the shareholder."
        },
        {
            "type": "text",
            "bbox": [
                0.113,
                0.255,
                0.881,
                0.305
            ],
            "angle": 0,
            "content": "In our case, we speak about a ratio of \\( \\frac{1}{4} = 20\\% / 80\\% \\) which applies to the remaining consolidated reserves \\( 180 = 200 + (20) \\). Indeed, dividends paid must be deducted because already transferred (paid) to the shareholder."
        },
        {
            "type": "text",
            "bbox": [
                0.114,
                0.317,
                0.618,
                0.337
            ],
            "angle": 0,
            "content": "The correct answer is (45) = - 180 \\(\\star\\) (20% / 80%)."
        },
        {
            "type": "title",
            "bbox": [
                0.429,
                0.37,
                0.567,
                0.385
            ],
            "angle": 0,
            "content": "Answer 3.10"
        },
        {
            "type": "text",
            "bbox": [
                0.113,
                0.404,
                0.879,
                0.438
            ],
            "angle": 0,
            "content": "Let's suppose the unknown acquisition price for the \\(30\\%\\) is \\(X\\) and the resulting goodwill is \\(G\\)."
        },
        {
            "type": "text",
            "bbox": [
                0.113,
                0.452,
                0.879,
                0.484
            ],
            "angle": 0,
            "content": "We are now able to calculate the consolidated equity used in the ratio, which is"
        },
        {
            "type": "text",
            "bbox": [
                0.152,
                0.5,
                0.522,
                0.516
            ],
            "angle": 0,
            "content": "Equity of parent company \\(= 3000\\)"
        },
        {
            "type": "text",
            "bbox": [
                0.151,
                0.516,
                0.875,
                0.546
            ],
            "angle": 0,
            "content": "- Consolidated reserves of company \\( A = 70\\% * 2000 - [1000 + X - G] = 400 - P + X \\)"
        },
        {
            "type": "text",
            "bbox": [
                0.151,
                0.546,
                0.714,
                0.564
            ],
            "angle": 0,
            "content": "Minority interests of company A = 600 = 30% * 2000"
        },
        {
            "type": "list",
            "bbox": [
                0.151,
                0.5,
                0.875,
                0.564
            ],
            "angle": 0,
            "content": null
        },
        {
            "type": "text",
            "bbox": [
                0.113,
                0.58,
                0.414,
                0.598
            ],
            "angle": 0,
            "content": "giving a total of \\(4000 - X + G\\)."
        },
        {
            "type": "text",
            "bbox": [
                0.113,
                0.613,
                0.875,
                0.646
            ],
            "angle": 0,
            "content": "But, in order to comply with Bankers requests, we have to reduce the equity by the goodwill. Consolidated equity becomes 4000 - X."
        },
        {
            "type": "text",
            "bbox": [
                0.113,
                0.66,
                0.875,
                0.694
            ],
            "angle": 0,
            "content": "After global integration, debts become \\( 4000 = 2000 + 2000 \\) and the ratio \"Debt/Consolidated equity\" is \\( 4000 / [4000 - X] = 2 \\)."
        },
        {
            "type": "text",
            "bbox": [
                0.114,
                0.708,
                0.357,
                0.726
            ],
            "angle": 0,
            "content": "We easily find \\( X = 2000 \\)."
        }
    ],
    [
        {
            "type": "title",
            "bbox": [
                0.145,
                0.257,
                0.354,
                0.29
            ],
            "angle": 0,
            "content": "PART 8"
        },
        {
            "type": "title",
            "bbox": [
                0.264,
                0.298,
                0.768,
                0.379
            ],
            "angle": 0,
            "content": "INTERNATIONAL CONSOLIDATION"
        },
        {
            "type": "title",
            "bbox": [
                0.267,
                0.386,
                0.581,
                0.42
            ],
            "angle": 0,
            "content": "GLOSSARY"
        },
        {
            "type": "image",
            "bbox": [
                0.182,
                0.477,
                0.773,
                0.691
            ],
            "angle": 0,
            "content": null
        },
        {
            "type": "page_number",
            "bbox": [
                0.471,
                0.925,
                0.515,
                0.939
            ],
            "angle": 0,
            "content": "483"
        }
    ]
]