[
    [
        {
            "type": "header",
            "bbox": [
                0.117,
                0.068,
                0.371,
                0.083
            ],
            "angle": 0,
            "content": "DIRECT CONSOLIDATION"
        },
        {
            "type": "title",
            "bbox": [
                0.422,
                0.125,
                0.579,
                0.14
            ],
            "angle": 0,
            "content": "Question 1.03"
        },
        {
            "type": "table",
            "bbox": [
                0.116,
                0.17,
                0.457,
                0.24
            ],
            "angle": 0,
            "content": "<table><tr><td></td><td>In CUR</td><td>Rates</td></tr><tr><td>Capital</td><td>1000</td><td>1.3</td></tr><tr><td>Retained earnings</td><td>600</td><td>1.4</td></tr><tr><td>Profit</td><td>100</td><td></td></tr></table>"
        },
        {
            "type": "table",
            "bbox": [
                0.117,
                0.25,
                0.456,
                0.287
            ],
            "angle": 0,
            "content": "<table><tr><td>Closing rate</td><td>1.5</td></tr><tr><td>Average rate</td><td>1.6</td></tr></table>"
        },
        {
            "type": "text",
            "bbox": [
                0.468,
                0.159,
                0.88,
                0.192
            ],
            "angle": 0,
            "content": "Here are the equity accounts of a foreign company whose currency is CUR."
        },
        {
            "type": "text",
            "bbox": [
                0.468,
                0.207,
                0.881,
                0.256
            ],
            "angle": 0,
            "content": "This company is consolidated by the global integration method with an indirect financial percentage of \\(80\\%\\)."
        },
        {
            "type": "text",
            "bbox": [
                0.469,
                0.271,
                0.837,
                0.287
            ],
            "angle": 0,
            "content": "Rates 1.3 and 1.4 are historical rates."
        },
        {
            "type": "text",
            "bbox": [
                0.114,
                0.303,
                0.882,
                0.336
            ],
            "angle": 0,
            "content": "What is the contribution of the company in the « Translation adjustments » account in the consolidated equity?"
        },
        {
            "type": "table",
            "bbox": [
                0.117,
                0.344,
                0.401,
                0.412
            ],
            "angle": 0,
            "content": "<table><tr><td>a</td><td></td><td>Debit</td><td>200</td></tr><tr><td>b</td><td></td><td>Debit</td><td>250</td></tr><tr><td>c</td><td></td><td>Credit</td><td>200</td></tr><tr><td>d</td><td></td><td>Credit</td><td>250</td></tr></table>"
        },
        {
            "type": "title",
            "bbox": [
                0.42,
                0.45,
                0.575,
                0.465
            ],
            "angle": 0,
            "content": "Question 1.04"
        },
        {
            "type": "text",
            "bbox": [
                0.113,
                0.484,
                0.879,
                0.517
            ],
            "angle": 0,
            "content": "The evolution of the Tangible assets account of a foreign company is given here below in local currency CUR."
        },
        {
            "type": "table",
            "bbox": [
                0.326,
                0.529,
                0.642,
                0.628
            ],
            "angle": 0,
            "content": "<table><tr><td>Opening value</td><td>100</td><td>0.5</td></tr><tr><td>Acquisitions Disposals</td><td>30 (10)</td><td></td></tr><tr><td>Closing value</td><td>120</td><td>0.7</td></tr></table>"
        },
        {
            "type": "text",
            "bbox": [
                0.112,
                0.644,
                0.876,
                0.678
            ],
            "angle": 0,
            "content": "The rate 0.5 is the closing rate to apply for the opening value and 0.7 for the closing value."
        },
        {
            "type": "text",
            "bbox": [
                0.113,
                0.692,
                0.846,
                0.709
            ],
            "angle": 0,
            "content": "The Acquisitions and Disposals flows are translated at the average rate 0.6."
        },
        {
            "type": "text",
            "bbox": [
                0.113,
                0.725,
                0.879,
                0.758
            ],
            "angle": 0,
            "content": "What will be the value of the Translation adjustment flow after currency conversion?"
        },
        {
            "type": "table",
            "bbox": [
                0.116,
                0.77,
                0.313,
                0.839
            ],
            "angle": 0,
            "content": "<table><tr><td>a</td><td></td><td>20</td></tr><tr><td>b</td><td></td><td>0</td></tr><tr><td>c</td><td></td><td>22</td></tr><tr><td>d</td><td></td><td>(20)</td></tr></table>"
        },
        {
            "type": "page_number",
            "bbox": [
                0.474,
                0.924,
                0.519,
                0.939
            ],
            "angle": 0,
            "content": "454"
        }
    ],
    [
        {
            "type": "header",
            "bbox": [
                0.506,
                0.074,
                0.857,
                0.091
            ],
            "angle": 0,
            "content": "PART 7 CONSOLIDATION QUIZZ"
        },
        {
            "type": "title",
            "bbox": [
                0.412,
                0.127,
                0.566,
                0.142
            ],
            "angle": 0,
            "content": "Question 1.05"
        },
        {
            "type": "text",
            "bbox": [
                0.105,
                0.173,
                0.875,
                0.224
            ],
            "angle": 0,
            "content": "A group consists in a parent company P owning directly three companies: A, B and C with financial percentages and consolidated with consolidation methods as presented hereunder."
        },
        {
            "type": "table",
            "bbox": [
                0.186,
                0.238,
                0.828,
                0.323
            ],
            "angle": 0,
            "content": "<table><tr><td>Company</td><td>Consolidation method</td><td>Financial %</td><td>Closing value</td></tr><tr><td>P</td><td>Parent company</td><td></td><td>2,000</td></tr><tr><td>A</td><td>Global integration</td><td>80%</td><td>1,000</td></tr><tr><td>B</td><td>Proportional integration</td><td>50%</td><td>600</td></tr><tr><td>C</td><td>Equity method</td><td>30%</td><td>800</td></tr></table>"
        },
        {
            "type": "text",
            "bbox": [
                0.105,
                0.35,
                0.871,
                0.385
            ],
            "angle": 0,
            "content": "The statutory closing value of the Bank account of each of these companies is also given here."
        },
        {
            "type": "text",
            "bbox": [
                0.109,
                0.399,
                0.738,
                0.415
            ],
            "angle": 0,
            "content": "What will be the consolidated value of this Bank account?"
        },
        {
            "type": "table",
            "bbox": [
                0.11,
                0.428,
                0.325,
                0.496
            ],
            "angle": 0,
            "content": "<table><tr><td>a</td><td></td><td>3,300</td></tr><tr><td>b</td><td></td><td>4,400</td></tr><tr><td>c</td><td></td><td>3,340</td></tr><tr><td>d</td><td></td><td>3,100</td></tr></table>"
        },
        {
            "type": "title",
            "bbox": [
                0.412,
                0.529,
                0.566,
                0.544
            ],
            "angle": 0,
            "content": "Question 1.06"
        },
        {
            "type": "text",
            "bbox": [
                0.106,
                0.579,
                0.757,
                0.596
            ],
            "angle": 0,
            "content": "Company P consolidates A and B by the global integration method."
        },
        {
            "type": "text",
            "bbox": [
                0.105,
                0.611,
                0.763,
                0.644
            ],
            "angle": 0,
            "content": "Total equity of companies A and B and the financial investment from A in B are given here below."
        },
        {
            "type": "table",
            "bbox": [
                0.204,
                0.66,
                0.629,
                0.713
            ],
            "angle": 0,
            "content": "<table><tr><td>Total equity of A</td><td>1,000</td></tr><tr><td>Financial investment from A in B</td><td>800</td></tr><tr><td>Total equity of B</td><td>1,000</td></tr></table>"
        },
        {
            "type": "image",
            "bbox": [
                0.775,
                0.568,
                0.868,
                0.735
            ],
            "angle": 0,
            "content": null
        },
        {
            "type": "text",
            "bbox": [
                0.107,
                0.755,
                0.871,
                0.789
            ],
            "angle": 0,
            "content": "What will be the value of the Minority interests account in the consolidated balance sheet?"
        },
        {
            "type": "table",
            "bbox": [
                0.109,
                0.806,
                0.296,
                0.873
            ],
            "angle": 0,
            "content": "<table><tr><td>a</td><td></td><td>720</td></tr><tr><td>b</td><td></td><td>600</td></tr><tr><td>c</td><td></td><td>440</td></tr><tr><td>d</td><td></td><td>560</td></tr></table>"
        }
    ],
    [
        {
            "type": "header",
            "bbox": [
                0.118,
                0.068,
                0.368,
                0.084
            ],
            "angle": 0,
            "content": "DIRECT CONSOLIDATION"
        },
        {
            "type": "title",
            "bbox": [
                0.42,
                0.125,
                0.574,
                0.141
            ],
            "angle": 0,
            "content": "Question 1.07"
        },
        {
            "type": "text",
            "bbox": [
                0.115,
                0.158,
                0.781,
                0.175
            ],
            "angle": 0,
            "content": "The structure of this group remains unchanged in Year 1 and Year 2."
        },
        {
            "type": "text",
            "bbox": [
                0.115,
                0.191,
                0.628,
                0.208
            ],
            "angle": 0,
            "content": "Company B is a foreign company with currency CUR."
        },
        {
            "type": "text",
            "bbox": [
                0.114,
                0.222,
                0.789,
                0.27
            ],
            "angle": 0,
            "content": "At the end of Year 1, company B decides to pay dividends of 1000 CUR and local laws require company B to withhold a tax of \\(25\\%\\) on these dividends."
        },
        {
            "type": "text",
            "bbox": [
                0.115,
                0.285,
                0.789,
                0.335
            ],
            "angle": 0,
            "content": "Company A receives a cash amount of 525 CUR = 70% * [75% * 1000 CUR] which corresponds to 470 EUR on the Bank receipt and book for that amount on the Financial income account."
        },
        {
            "type": "image",
            "bbox": [
                0.8,
                0.157,
                0.895,
                0.328
            ],
            "angle": 0,
            "content": null
        },
        {
            "type": "text",
            "bbox": [
                0.114,
                0.35,
                0.879,
                0.381
            ],
            "angle": 0,
            "content": "Last information: average rate of currency CUR of Year 1 is 0.8 and of Year 2 is 0.7."
        },
        {
            "type": "text",
            "bbox": [
                0.116,
                0.398,
                0.876,
                0.431
            ],
            "angle": 0,
            "content": "What is the amount of dividends to eliminate in company A accounts, that is to transfer from profit to reserves?"
        },
        {
            "type": "table",
            "bbox": [
                0.118,
                0.445,
                0.31,
                0.512
            ],
            "angle": 0,
            "content": "<table><tr><td>a</td><td></td><td>600</td></tr><tr><td>b</td><td></td><td>560</td></tr><tr><td>c</td><td></td><td>800</td></tr><tr><td>d</td><td></td><td>470</td></tr></table>"
        },
        {
            "type": "title",
            "bbox": [
                0.419,
                0.546,
                0.573,
                0.561
            ],
            "angle": 0,
            "content": "Question 1.08"
        },
        {
            "type": "text",
            "bbox": [
                0.115,
                0.579,
                0.823,
                0.596
            ],
            "angle": 0,
            "content": "A company P acquires \\(80\\%\\) of shares of a company A for a price of 1000."
        },
        {
            "type": "text",
            "bbox": [
                0.114,
                0.612,
                0.875,
                0.644
            ],
            "angle": 0,
            "content": "At the date of acquisition, company A total statutory equity is 800 and, after the due diligence process, it is decided to reevaluate a building for 200."
        },
        {
            "type": "text",
            "bbox": [
                0.115,
                0.659,
                0.805,
                0.676
            ],
            "angle": 0,
            "content": "If this transaction leads to a goodwill, what would be its value?"
        },
        {
            "type": "table",
            "bbox": [
                0.118,
                0.69,
                0.32,
                0.757
            ],
            "angle": 0,
            "content": "<table><tr><td>a</td><td></td><td>160</td></tr><tr><td>b</td><td></td><td>0</td></tr><tr><td>c</td><td></td><td>200</td></tr><tr><td>d</td><td></td><td>40</td></tr></table>"
        }
    ],
    [
        {
            "type": "header",
            "bbox": [
                0.503,
                0.073,
                0.856,
                0.089
            ],
            "angle": 0,
            "content": "PART 7 CONSOLIDATION QUIZZ"
        },
        {
            "type": "title",
            "bbox": [
                0.411,
                0.124,
                0.566,
                0.138
            ],
            "angle": 0,
            "content": "Question 1.09"
        },
        {
            "type": "text",
            "bbox": [
                0.104,
                0.158,
                0.497,
                0.175
            ],
            "angle": 0,
            "content": "Here is the consolidated P&L of a group."
        },
        {
            "type": "table",
            "bbox": [
                0.28,
                0.185,
                0.705,
                0.359
            ],
            "angle": 0,
            "content": "<table><tr><td>Turnover</td><td>2,000</td></tr><tr><td>Cost of sales</td><td>(1,600)</td></tr><tr><td>Depreciations</td><td>(200)</td></tr><tr><td>Provisions</td><td>(100)</td></tr><tr><td>Financial income</td><td>150</td></tr><tr><td>Profit from equity method comp</td><td>50</td></tr><tr><td>Consolidated profit</td><td>300</td></tr><tr><td>3rd Parties profit</td><td>60</td></tr><tr><td>Group profit</td><td>240</td></tr></table>"
        },
        {
            "type": "text",
            "bbox": [
                0.105,
                0.383,
                0.763,
                0.4
            ],
            "angle": 0,
            "content": "What is the consolidated cash flow statement of this group?"
        },
        {
            "type": "table",
            "bbox": [
                0.107,
                0.41,
                0.309,
                0.478
            ],
            "angle": 0,
            "content": "<table><tr><td>a</td><td></td><td>300</td></tr><tr><td>b</td><td></td><td>550</td></tr><tr><td>c</td><td></td><td>490</td></tr><tr><td>d</td><td></td><td>600</td></tr></table>"
        },
        {
            "type": "title",
            "bbox": [
                0.411,
                0.515,
                0.566,
                0.529
            ],
            "angle": 0,
            "content": "Question 1.10"
        },
        {
            "type": "text",
            "bbox": [
                0.104,
                0.548,
                0.871,
                0.583
            ],
            "angle": 0,
            "content": "A few years ago, the following consolidation adjustment has been booked in local currency in a company consolidated by the proportional method at \\(50\\%\\)."
        },
        {
            "type": "table",
            "bbox": [
                0.26,
                0.595,
                0.744,
                0.647
            ],
            "angle": 0,
            "content": "<table><tr><td></td><td>Debit</td><td>Credit</td></tr><tr><td>Write-off on receivables (P&amp;L)</td><td>100</td><td></td></tr><tr><td>Receivables (Balance sheet)</td><td></td><td>100</td></tr></table>"
        },
        {
            "type": "text",
            "bbox": [
                0.105,
                0.677,
                0.814,
                0.695
            ],
            "angle": 0,
            "content": "For this consolidation, the closing rate was 2.3 and the average rate 2.5."
        },
        {
            "type": "text",
            "bbox": [
                0.104,
                0.709,
                0.871,
                0.743
            ],
            "angle": 0,
            "content": "This year, the adjustment is maintained in the consolidation and the closing and average rates are 1.8 and 1.7 respectively."
        },
        {
            "type": "text",
            "bbox": [
                0.105,
                0.757,
                0.875,
                0.79
            ],
            "angle": 0,
            "content": "What is the contribution of the adjustment in the consolidated Translation adjustment account?"
        },
        {
            "type": "table",
            "bbox": [
                0.108,
                0.804,
                0.337,
                0.871
            ],
            "angle": 0,
            "content": "<table><tr><td>a</td><td></td><td>Debit 35</td></tr><tr><td>b</td><td></td><td>Debit 70</td></tr><tr><td>c</td><td></td><td>Credit 35</td></tr><tr><td>d</td><td></td><td>Credit 70</td></tr></table>"
        }
    ],
    [
        {
            "type": "header",
            "bbox": [
                0.115,
                0.067,
                0.368,
                0.082
            ],
            "angle": 0,
            "content": "DIRECT CONSOLIDATION"
        },
        {
            "type": "title",
            "bbox": [
                0.115,
                0.122,
                0.473,
                0.148
            ],
            "angle": 0,
            "content": "2 QUIZZ 2 \\((++)\\)"
        },
        {
            "type": "title",
            "bbox": [
                0.419,
                0.173,
                0.572,
                0.188
            ],
            "angle": 0,
            "content": "Question 2.01"
        },
        {
            "type": "text",
            "bbox": [
                0.113,
                0.203,
                0.881,
                0.237
            ],
            "angle": 0,
            "content": "We consider the three following companies belonging to a consolidation scope, with their consolidation method as specified here below."
        },
        {
            "type": "table",
            "bbox": [
                0.328,
                0.248,
                0.696,
                0.3
            ],
            "angle": 0,
            "content": "<table><tr><td>Company P</td><td>Consolidating company</td></tr><tr><td>Company A</td><td>Global integration</td></tr><tr><td>Company B</td><td>Equity method</td></tr></table>"
        },
        {
            "type": "text",
            "bbox": [
                0.112,
                0.332,
                0.879,
                0.364
            ],
            "angle": 0,
            "content": "We also give the Payables account of each company, with the intercompany details."
        },
        {
            "type": "table",
            "bbox": [
                0.345,
                0.38,
                0.677,
                0.527
            ],
            "angle": 0,
            "content": "<table><tr><td rowspan=\"3\">Company P</td><td>3rd parties</td><td>500</td></tr><tr><td>Company A</td><td>200</td></tr><tr><td>Company B</td><td>300</td></tr><tr><td rowspan=\"2\">Company A</td><td>3rd parties</td><td>700</td></tr><tr><td>Company P</td><td>100</td></tr><tr><td rowspan=\"2\">Company B</td><td>3rd parties</td><td>100</td></tr><tr><td>Company P</td><td>400</td></tr></table>"
        },
        {
            "type": "text",
            "bbox": [
                0.114,
                0.54,
                0.88,
                0.575
            ],
            "angle": 0,
            "content": "Supposing all intercompany accounts are correctly reconciled, what will be the consolidated value of this Payables account?"
        },
        {
            "type": "table",
            "bbox": [
                0.117,
                0.587,
                0.33,
                0.655
            ],
            "angle": 0,
            "content": "<table><tr><td>a</td><td></td><td>1,300</td></tr><tr><td>b</td><td></td><td>1,200</td></tr><tr><td>c</td><td></td><td>1,700</td></tr><tr><td>d</td><td></td><td>1,500</td></tr></table>"
        }
    ],
    [
        {
            "type": "header",
            "bbox": [
                0.503,
                0.074,
                0.856,
                0.091
            ],
            "angle": 0,
            "content": "PART 7 CONSOLIDATION QUIZZ"
        },
        {
            "type": "title",
            "bbox": [
                0.41,
                0.125,
                0.566,
                0.14
            ],
            "angle": 0,
            "content": "Question 2.02"
        },
        {
            "type": "text",
            "bbox": [
                0.102,
                0.157,
                0.871,
                0.19
            ],
            "angle": 0,
            "content": "At the beginning of the year, company A is owned with a financial percentage of \\(90\\%\\)."
        },
        {
            "type": "text",
            "bbox": [
                0.102,
                0.206,
                0.872,
                0.24
            ],
            "angle": 0,
            "content": "On July 1\\(^{\\text{st}}\\), the group sells \\(20\\%\\) of shares and company A is now owned at \\(70\\%\\)."
        },
        {
            "type": "text",
            "bbox": [
                0.102,
                0.255,
                0.871,
                0.289
            ],
            "angle": 0,
            "content": "The 12 months statutory profit of 200 splits into 120 for the first half year and 80 for the second half year."
        },
        {
            "type": "text",
            "bbox": [
                0.102,
                0.303,
                0.871,
                0.337
            ],
            "angle": 0,
            "content": "Moreover, there is a consolidation adjustment booked for 40 corresponding to an additional depreciation."
        },
        {
            "type": "text",
            "bbox": [
                0.102,
                0.351,
                0.871,
                0.384
            ],
            "angle": 0,
            "content": "What is the contribution of the company in the consolidated profit of the group?"
        },
        {
            "type": "table",
            "bbox": [
                0.107,
                0.398,
                0.291,
                0.466
            ],
            "angle": 0,
            "content": "<table><tr><td>a</td><td></td><td>112</td></tr><tr><td>b</td><td></td><td>128</td></tr><tr><td>c</td><td></td><td>132</td></tr><tr><td>d</td><td></td><td>136</td></tr></table>"
        },
        {
            "type": "title",
            "bbox": [
                0.411,
                0.515,
                0.566,
                0.53
            ],
            "angle": 0,
            "content": "Question 2.03"
        },
        {
            "type": "text",
            "bbox": [
                0.104,
                0.548,
                0.828,
                0.566
            ],
            "angle": 0,
            "content": "Parent company P owns \\(80\\%\\) of company A, for a statutory value of 1000."
        },
        {
            "type": "text",
            "bbox": [
                0.102,
                0.58,
                0.867,
                0.614
            ],
            "angle": 0,
            "content": "P decides to sell \\(20\\%\\) of its participation to \\(3^{\\text{rd}}\\) Parties for a price of 400, making a gain of 150."
        },
        {
            "type": "text",
            "bbox": [
                0.104,
                0.629,
                0.774,
                0.647
            ],
            "angle": 0,
            "content": "At the date of disposal, the company A total adjusted equity is 1500."
        },
        {
            "type": "text",
            "bbox": [
                0.104,
                0.66,
                0.871,
                0.694
            ],
            "angle": 0,
            "content": "What will be the amount of the consolidation adjustment correcting the statutory gain in P&L?"
        },
        {
            "type": "table",
            "bbox": [
                0.107,
                0.707,
                0.361,
                0.774
            ],
            "angle": 0,
            "content": "<table><tr><td>a</td><td></td><td>Debit 50</td></tr><tr><td>b</td><td></td><td>Credit 150</td></tr><tr><td>c</td><td></td><td>Credit 50</td></tr><tr><td>d</td><td></td><td>Debit 150</td></tr></table>"
        }
    ],
    [
        {
            "type": "header",
            "bbox": [
                0.12,
                0.068,
                0.372,
                0.084
            ],
            "angle": 0,
            "content": "DIRECT CONSOLIDATION"
        },
        {
            "type": "title",
            "bbox": [
                0.424,
                0.125,
                0.579,
                0.14
            ],
            "angle": 0,
            "content": "Question 2.04"
        },
        {
            "type": "text",
            "bbox": [
                0.116,
                0.159,
                0.777,
                0.193
            ],
            "angle": 0,
            "content": "In this group, \\( \\mathsf{P} \\) is the consolidating company and \\( \\mathsf{A}, \\mathsf{B} \\) and \\( \\mathsf{C} \\) are consolidated with the global integration method."
        },
        {
            "type": "text",
            "bbox": [
                0.116,
                0.207,
                0.776,
                0.241
            ],
            "angle": 0,
            "content": "Here below is some information on some accounts. All amounts are in consolidation currency."
        },
        {
            "type": "table",
            "bbox": [
                0.175,
                0.251,
                0.606,
                0.356
            ],
            "angle": 0,
            "content": "<table><tr><td>Total equity of A</td><td>2,000</td></tr><tr><td>Total equity of B</td><td>1,000</td></tr><tr><td>Total equity of C</td><td>1,000</td></tr><tr><td colspan=\"2\"></td></tr><tr><td>Financial investment from A in B</td><td>900</td></tr><tr><td>Financial investment from B in C</td><td>700</td></tr></table>"
        },
        {
            "type": "image",
            "bbox": [
                0.787,
                0.159,
                0.882,
                0.392
            ],
            "angle": 0,
            "content": null
        },
        {
            "type": "text",
            "bbox": [
                0.119,
                0.399,
                0.86,
                0.418
            ],
            "angle": 0,
            "content": "What is the amount of Minority interests in the consolidated equity?"
        },
        {
            "type": "table",
            "bbox": [
                0.12,
                0.429,
                0.334,
                0.497
            ],
            "angle": 0,
            "content": "<table><tr><td>a</td><td></td><td>1,016</td></tr><tr><td>b</td><td></td><td>1,500</td></tr><tr><td>c</td><td></td><td>1,100</td></tr><tr><td>d</td><td></td><td>1,520</td></tr></table>"
        },
        {
            "type": "title",
            "bbox": [
                0.422,
                0.531,
                0.576,
                0.546
            ],
            "angle": 0,
            "content": "Question 2.05"
        },
        {
            "type": "text",
            "bbox": [
                0.116,
                0.564,
                0.882,
                0.598
            ],
            "angle": 0,
            "content": "We show below the statutory equity of the consolidating company and the consolidated equity of its group."
        },
        {
            "type": "table",
            "bbox": [
                0.212,
                0.608,
                0.756,
                0.731
            ],
            "angle": 0,
            "content": "<table><tr><td></td><td>Statutory equity</td><td>Consolidated equity</td></tr><tr><td>Capital</td><td>1,000</td><td>1,000</td></tr><tr><td>Reserves</td><td>800</td><td>(300)</td></tr><tr><td>Translation adjustments</td><td></td><td>100</td></tr><tr><td>Minority interests</td><td></td><td>200</td></tr><tr><td></td><td>1,800</td><td>1,000</td></tr></table>"
        },
        {
            "type": "text",
            "bbox": [
                0.116,
                0.741,
                0.882,
                0.773
            ],
            "angle": 0,
            "content": "Considering these figures, which of the four following proposals is the correct one?"
        },
        {
            "type": "table",
            "bbox": [
                0.119,
                0.793,
                0.912,
                0.851
            ],
            "angle": 0,
            "content": "<table><tr><td>a</td><td></td><td>If Reserves are negative (Debit), it should be the same for Minority interests</td></tr><tr><td>b</td><td></td><td>At least one company is making more losses than profits since its first consolidation</td></tr><tr><td>c</td><td></td><td>Reserves cannot be negative (debit)</td></tr><tr><td>d</td><td></td><td>Consolidated equity is always greater than statutory equity of parent company</td></tr></table>"
        },
        {
            "type": "page_number",
            "bbox": [
                0.477,
                0.925,
                0.522,
                0.94
            ],
            "angle": 0,
            "content": "460"
        }
    ],
    [
        {
            "type": "header",
            "bbox": [
                0.502,
                0.073,
                0.856,
                0.09
            ],
            "angle": 0,
            "content": "PART 7 CONSOLIDATION QUIZZ"
        },
        {
            "type": "title",
            "bbox": [
                0.409,
                0.124,
                0.566,
                0.141
            ],
            "angle": 0,
            "content": "Question 2.06"
        },
        {
            "type": "text",
            "bbox": [
                0.1,
                0.159,
                0.236,
                0.176
            ],
            "angle": 0,
            "content": "In this group,"
        },
        {
            "type": "text",
            "bbox": [
                0.14,
                0.191,
                0.415,
                0.206
            ],
            "angle": 0,
            "content": "- P pays dividends of 300"
        },
        {
            "type": "text",
            "bbox": [
                0.14,
                0.208,
                0.417,
                0.222
            ],
            "angle": 0,
            "content": "A pays dividends of 200"
        },
        {
            "type": "text",
            "bbox": [
                0.14,
                0.224,
                0.416,
                0.239
            ],
            "angle": 0,
            "content": "B pays dividends of 100"
        },
        {
            "type": "list",
            "bbox": [
                0.14,
                0.191,
                0.417,
                0.239
            ],
            "angle": 0,
            "content": null
        },
        {
            "type": "text",
            "bbox": [
                0.1,
                0.255,
                0.782,
                0.304
            ],
            "angle": 0,
            "content": "These dividends are all related to previous year, paid and booked in the corresponding Financial income accounts during the first months of this year."
        },
        {
            "type": "image",
            "bbox": [
                0.793,
                0.159,
                0.888,
                0.339
            ],
            "angle": 0,
            "content": null
        },
        {
            "type": "text",
            "bbox": [
                0.103,
                0.319,
                0.782,
                0.352
            ],
            "angle": 0,
            "content": "What will be the total amount of dividends paid in the consolidated cash flow statement?"
        },
        {
            "type": "table",
            "bbox": [
                0.106,
                0.365,
                0.321,
                0.433
            ],
            "angle": 0,
            "content": "<table><tr><td>a</td><td></td><td>(600)</td></tr><tr><td>b</td><td></td><td>(530)</td></tr><tr><td>c</td><td></td><td>(384)</td></tr><tr><td>d</td><td></td><td>(370)</td></tr></table>"
        },
        {
            "type": "title",
            "bbox": [
                0.41,
                0.467,
                0.563,
                0.482
            ],
            "angle": 0,
            "content": "Question 2.07"
        },
        {
            "type": "text",
            "bbox": [
                0.102,
                0.501,
                0.841,
                0.519
            ],
            "angle": 0,
            "content": "Company A is consolidated by the equity method with a percentage of \\(30\\%\\)."
        },
        {
            "type": "text",
            "bbox": [
                0.102,
                0.533,
                0.871,
                0.598
            ],
            "angle": 0,
            "content": "This company decides to increase its capital by 1000 and each shareholder subscribes with respect to its participation percentage. Thus, the parent company subscribes 300 and the other shareholders, all together, subscribe 700."
        },
        {
            "type": "text",
            "bbox": [
                0.104,
                0.613,
                0.871,
                0.647
            ],
            "angle": 0,
            "content": "What will be the amount appearing in the consolidated cash flow statement concerning this capital increase?"
        },
        {
            "type": "table",
            "bbox": [
                0.107,
                0.66,
                0.322,
                0.728
            ],
            "angle": 0,
            "content": "<table><tr><td>a</td><td></td><td>0</td></tr><tr><td>b</td><td></td><td>700</td></tr><tr><td>c</td><td></td><td>(300)</td></tr><tr><td>d</td><td></td><td>1,000</td></tr></table>"
        }
    ],
    [
        {
            "type": "header",
            "bbox": [
                0.119,
                0.07,
                0.371,
                0.085
            ],
            "angle": 0,
            "content": "DIRECT CONSOLIDATION"
        },
        {
            "type": "title",
            "bbox": [
                0.421,
                0.125,
                0.577,
                0.141
            ],
            "angle": 0,
            "content": "Question 2.08"
        },
        {
            "type": "text",
            "bbox": [
                0.116,
                0.16,
                0.88,
                0.193
            ],
            "angle": 0,
            "content": "We consider a group of two companies, the consolidating company P and a subsidiary A owned at \\(80\\%\\) (global integration)."
        },
        {
            "type": "text",
            "bbox": [
                0.117,
                0.208,
                0.608,
                0.224
            ],
            "angle": 0,
            "content": "Here is the consolidated reserves evolution report."
        },
        {
            "type": "table",
            "bbox": [
                0.119,
                0.237,
                0.875,
                0.316
            ],
            "angle": 0,
            "content": "<table><tr><td></td><td>Reserves Year 1</td><td>Result Year 2</td><td>Dividends paid</td><td>Dividends received</td><td>Transfers</td><td>Appropriation</td><td>Reserves Year 2</td></tr><tr><td>P</td><td>2,000</td><td>500</td><td></td><td>100</td><td>150</td><td>(200)</td><td>2,550</td></tr><tr><td>A</td><td>1,000</td><td>300</td><td>(100)</td><td></td><td>(150)</td><td></td><td>1,050</td></tr><tr><td></td><td>3,000</td><td>800</td><td>(100)</td><td>100</td><td>0</td><td>(200)</td><td>3,600</td></tr></table>"
        },
        {
            "type": "text",
            "bbox": [
                0.12,
                0.347,
                0.641,
                0.365
            ],
            "angle": 0,
            "content": "Which of the following proposals is not correct?"
        },
        {
            "type": "table",
            "bbox": [
                0.12,
                0.377,
                0.57,
                0.445
            ],
            "angle": 0,
            "content": "<table><tr><td>a</td><td></td><td>A pays a gross dividend of 125</td></tr><tr><td>b</td><td></td><td>P pays a gross dividend of 200</td></tr><tr><td>c</td><td></td><td>This report is technically correct</td></tr><tr><td>d</td><td></td><td>A pays an interim dividend of 150</td></tr></table>"
        },
        {
            "type": "title",
            "bbox": [
                0.421,
                0.478,
                0.574,
                0.493
            ],
            "angle": 0,
            "content": "Question 2.09"
        },
        {
            "type": "text",
            "bbox": [
                0.116,
                0.512,
                0.879,
                0.546
            ],
            "angle": 0,
            "content": "The parent company P owns \\(60\\%\\) of company A and the statutory book value of this participation is 1000. Company A statutory equity is 2000."
        },
        {
            "type": "text",
            "bbox": [
                0.116,
                0.561,
                0.701,
                0.578
            ],
            "angle": 0,
            "content": "In consolidation, we have booked the following adjustments"
        },
        {
            "type": "table",
            "bbox": [
                0.119,
                0.59,
                0.68,
                0.643
            ],
            "angle": 0,
            "content": "<table><tr><td colspan=\"2\"></td><td>Debit</td><td>Credit</td></tr><tr><td>In P accounts</td><td>Financial investment/A \nReserves</td><td>200</td><td>200</td></tr></table>"
        },
        {
            "type": "table",
            "bbox": [
                0.119,
                0.654,
                0.665,
                0.713
            ],
            "angle": 0,
            "content": "<table><tr><td colspan=\"2\"></td><td>Debit</td><td>Credit</td></tr><tr><td rowspan=\"2\">In A accounts</td><td>Tangible assets</td><td>500</td><td></td></tr><tr><td>Reserves</td><td></td><td>500</td></tr></table>"
        },
        {
            "type": "table",
            "bbox": [
                0.255,
                0.724,
                0.664,
                0.763
            ],
            "angle": 0,
            "content": "<table><tr><td>Reserves</td><td>200</td><td></td></tr><tr><td>Provisions</td><td></td><td>200</td></tr></table>"
        },
        {
            "type": "text",
            "bbox": [
                0.116,
                0.769,
                0.879,
                0.801
            ],
            "angle": 0,
            "content": "This second adjustment in company A accounts is booked \\(100\\%\\) on group accounts."
        },
        {
            "type": "table",
            "bbox": [
                0.12,
                0.807,
                0.306,
                0.875
            ],
            "angle": 0,
            "content": "<table><tr><td>a</td><td></td><td>180</td></tr><tr><td>b</td><td></td><td>100</td></tr><tr><td>c</td><td></td><td>300</td></tr><tr><td>d</td><td></td><td>500</td></tr></table>"
        },
        {
            "type": "text",
            "bbox": [
                0.321,
                0.816,
                0.871,
                0.835
            ],
            "angle": 0,
            "content": "What are the consolidated reserves of company A?"
        },
        {
            "type": "page_number",
            "bbox": [
                0.475,
                0.924,
                0.522,
                0.939
            ],
            "angle": 0,
            "content": "462"
        }
    ],
    [
        {
            "type": "header",
            "bbox": [
                0.503,
                0.075,
                0.856,
                0.091
            ],
            "angle": 0,
            "content": "PART 7 CONSOLIDATION QUIZZ"
        },
        {
            "type": "title",
            "bbox": [
                0.411,
                0.125,
                0.569,
                0.14
            ],
            "angle": 0,
            "content": "Question 2.10"
        },
        {
            "type": "text",
            "bbox": [
                0.105,
                0.174,
                0.844,
                0.193
            ],
            "angle": 0,
            "content": "We present here the evolution of the statutory equity of a foreign company."
        },
        {
            "type": "table",
            "bbox": [
                0.186,
                0.213,
                0.803,
                0.368
            ],
            "angle": 0,
            "content": "<table><tr><td></td><td>Year 1</td><td>Flows</td><td>Year 2</td></tr><tr><td>Capital</td><td>1,000</td><td></td><td>2,000</td></tr><tr><td>Increase in capital</td><td></td><td>1,000</td><td></td></tr><tr><td>Retained earnings</td><td>800</td><td rowspan=\"2\">(100)</td><td rowspan=\"2\">700</td></tr><tr><td>Dividends paid</td><td></td></tr><tr><td>Result</td><td>200</td><td>(200)</td><td>300</td></tr><tr><td>Dividends paid</td><td></td><td rowspan=\"2\">300</td><td rowspan=\"2\"></td></tr><tr><td>Year 2 profit</td><td></td></tr><tr><td>Total</td><td>2,000</td><td>1,000</td><td>3,000</td></tr></table>"
        },
        {
            "type": "text",
            "bbox": [
                0.106,
                0.383,
                0.872,
                0.416
            ],
            "angle": 0,
            "content": "The different rates used for Year 1 and Year 2 consolidations are given hereunder"
        },
        {
            "type": "table",
            "bbox": [
                0.185,
                0.436,
                0.816,
                0.582
            ],
            "angle": 0,
            "content": "<table><tr><td rowspan=\"4\">Year 1</td><td>Historical rate for the capital</td><td>3.0</td></tr><tr><td>Average rate</td><td>3.5</td></tr><tr><td>Retained earnings for 800 consist in 300 at historical rate of</td><td>3.1</td></tr><tr><td>500 at historical rate of</td><td>3.2</td></tr><tr><td></td><td></td><td></td></tr><tr><td rowspan=\"3\">Year 2</td><td>Closing rate</td><td>3.7</td></tr><tr><td>Average rate</td><td>3.4</td></tr><tr><td>Rate for the capital increase</td><td>3.6</td></tr></table>"
        },
        {
            "type": "text",
            "bbox": [
                0.107,
                0.608,
                0.872,
                0.641
            ],
            "angle": 0,
            "content": "Notice that the dividends for 100 are coming from the 500 part of the Retained earnings amount of 800."
        },
        {
            "type": "text",
            "bbox": [
                0.11,
                0.656,
                0.82,
                0.674
            ],
            "angle": 0,
            "content": "What is the amount of translation adjustments for this company?"
        },
        {
            "type": "table",
            "bbox": [
                0.111,
                0.686,
                0.364,
                0.753
            ],
            "angle": 0,
            "content": "<table><tr><td>a</td><td></td><td>Debit 900</td></tr><tr><td>b</td><td></td><td>Credit 900</td></tr><tr><td>c</td><td></td><td>Debit 1270</td></tr><tr><td>d</td><td></td><td>Credit 1270</td></tr></table>"
        },
        {
            "type": "page_number",
            "bbox": [
                0.466,
                0.922,
                0.511,
                0.937
            ],
            "angle": 0,
            "content": "463"
        }
    ]
]