[
    [
        {
            "type": "title",
            "bbox": [
                0.396,
                0.201,
                0.596,
                0.234
            ],
            "angle": 0,
            "content": "DIRECT"
        },
        {
            "type": "title",
            "bbox": [
                0.246,
                0.244,
                0.743,
                0.277
            ],
            "angle": 0,
            "content": "CONSOLIDATION"
        },
        {
            "type": "image_caption",
            "bbox": [
                0.267,
                0.326,
                0.726,
                0.352
            ],
            "angle": 0,
            "content": "Consolidate Your Expertise"
        },
        {
            "type": "image",
            "bbox": [
                0.207,
                0.382,
                0.791,
                0.598
            ],
            "angle": 0,
            "content": null
        },
        {
            "type": "text",
            "bbox": [
                0.345,
                0.636,
                0.649,
                0.656
            ],
            "angle": 0,
            "content": "ALLEN WHITE"
        },
        {
            "type": "text",
            "bbox": [
                0.362,
                0.781,
                0.451,
                0.798
            ],
            "angle": 0,
            "content": "conso"
        },
        {
            "type": "image",
            "bbox": [
                0.453,
                0.757,
                0.519,
                0.82
            ],
            "angle": 0,
            "content": null
        },
        {
            "type": "text",
            "bbox": [
                0.521,
                0.779,
                0.636,
                0.797
            ],
            "angle": 0,
            "content": "services"
        },
        {
            "type": "text",
            "bbox": [
                0.365,
                0.811,
                0.639,
                0.822
            ],
            "angle": 0,
            "content": "I N T E R N A T O N A L"
        }
    ],
    [
        {
            "type": "title",
            "bbox": [
                0.149,
                0.265,
                0.36,
                0.303
            ],
            "angle": 0,
            "content": "BART 1"
        },
        {
            "type": "title",
            "bbox": [
                0.269,
                0.309,
                0.845,
                0.345
            ],
            "angle": 0,
            "content": "ONCE UPON A TIME"
        },
        {
            "type": "title",
            "bbox": [
                0.272,
                0.353,
                0.462,
                0.388
            ],
            "angle": 0,
            "content": "… THE"
        },
        {
            "type": "title",
            "bbox": [
                0.272,
                0.396,
                0.776,
                0.431
            ],
            "angle": 0,
            "content": "CONSOLIDATION"
        },
        {
            "type": "title",
            "bbox": [
                0.115,
                0.587,
                0.836,
                0.672
            ],
            "angle": 0,
            "content": "NOITADILOSNoc"
        }
    ],
    [
        {
            "type": "header",
            "bbox": [
                0.11,
                0.065,
                0.364,
                0.079
            ],
            "angle": 0,
            "content": "DIRECT CONSOLIDATION"
        },
        {
            "type": "text",
            "bbox": [
                0.111,
                0.118,
                0.882,
                0.168
            ],
            "angle": 0,
            "content": "This introduction takes a look at consolidation over the past decades. It includes some anecdotes which marked the pioneering adventure of the first groups."
        },
        {
            "type": "text",
            "bbox": [
                0.111,
                0.183,
                0.882,
                0.231
            ],
            "angle": 0,
            "content": "Our look at the past reveals an extraordinary evolution, primarily resulting from information technology and the culture of groups rather than from consolidation accounting principles themselves."
        },
        {
            "type": "text",
            "bbox": [
                0.111,
                0.248,
                0.882,
                0.295
            ],
            "angle": 0,
            "content": "We conclude our overview with an attempt to imagine how consolidation and the environment in which it is carried out may continue to change in the future."
        },
        {
            "type": "title",
            "bbox": [
                0.111,
                0.311,
                0.411,
                0.329
            ],
            "angle": 0,
            "content": "Why consolidate accounts?"
        },
        {
            "type": "text",
            "bbox": [
                0.111,
                0.344,
                0.882,
                0.392
            ],
            "angle": 0,
            "content": "History shows that by the end of the 19th century companies, primarily established in the United States, were organising in groups. They were called conglomerates at the time."
        },
        {
            "type": "text",
            "bbox": [
                0.111,
                0.393,
                0.882,
                0.44
            ],
            "angle": 0,
            "content": "It soon became apparent how difficult it was to get an economic and financial picture of these groups of companies as a single entity. This was the difficulty faced by the financial world at the time."
        },
        {
            "type": "text",
            "bbox": [
                0.111,
                0.456,
                0.882,
                0.489
            ],
            "angle": 0,
            "content": "Many questions arose as to how to handle, interpret and even obtain information given:"
        },
        {
            "type": "text",
            "bbox": [
                0.147,
                0.505,
                0.57,
                0.522
            ],
            "angle": 0,
            "content": "The diverse activities of the companies"
        },
        {
            "type": "text",
            "bbox": [
                0.146,
                0.538,
                0.875,
                0.569
            ],
            "angle": 0,
            "content": "- The variety of currencies used by the countries where they were located"
        },
        {
            "type": "text",
            "bbox": [
                0.146,
                0.585,
                0.783,
                0.601
            ],
            "angle": 0,
            "content": "The level of control or absence of control over the companies"
        },
        {
            "type": "text",
            "bbox": [
                0.146,
                0.617,
                0.771,
                0.633
            ],
            "angle": 0,
            "content": "The range of accounting rules applied to individual accounts"
        },
        {
            "type": "text",
            "bbox": [
                0.146,
                0.65,
                0.875,
                0.682
            ],
            "angle": 0,
            "content": "- The many transactions between the companies which partially hid their actual performance outside the group."
        },
        {
            "type": "list",
            "bbox": [
                0.146,
                0.505,
                0.875,
                0.682
            ],
            "angle": 0,
            "content": null
        },
        {
            "type": "text",
            "bbox": [
                0.111,
                0.698,
                0.56,
                0.715
            ],
            "angle": 0,
            "content": "In other words, rules soon became necessary."
        },
        {
            "type": "title",
            "bbox": [
                0.111,
                0.751,
                0.834,
                0.801
            ],
            "angle": 0,
            "content": "1 The slow evolution of consolidation requirements"
        },
        {
            "type": "text",
            "bbox": [
                0.111,
                0.822,
                0.882,
                0.871
            ],
            "angle": 0,
            "content": "While the first holding companies, true economic conglomerates present in the international sphere, were already appearing in the second half of the 19th century, it took until 1904 for consolidated accounts to be put on the"
        }
    ],
    [
        {
            "type": "header",
            "bbox": [
                0.291,
                0.069,
                0.867,
                0.086
            ],
            "angle": 0,
            "content": "PART 1 ONCE UPON A TIME ... THE CONSOLIDATION"
        },
        {
            "type": "text",
            "bbox": [
                0.104,
                0.117,
                0.882,
                0.15
            ],
            "angle": 0,
            "content": "agenda of the first international accounting congress. Publications on the topic first appeared in the United States in 1918."
        },
        {
            "type": "text",
            "bbox": [
                0.104,
                0.165,
                0.882,
                0.232
            ],
            "angle": 0,
            "content": "It took Europe much longer to become aware of the usefulness of these publications. Great Britain took the lead over other European countries and issued rules for consolidated account publication in 1939, but only made them compulsory much later with a 'Companies Act' in 1948."
        },
        {
            "type": "text",
            "bbox": [
                0.104,
                0.246,
                0.882,
                0.312
            ],
            "angle": 0,
            "content": "In France, despite studies and some concrete proposals from 1954 on, a first decree was issued in 1967 which, however, only provided for the possibility of attaching consolidated accounts to the ordinary accounts of holding companies."
        },
        {
            "type": "text",
            "bbox": [
                0.104,
                0.328,
                0.882,
                0.378
            ],
            "angle": 0,
            "content": "It wouldn't be right to leave out the international actions organised in parallel with these converging national rules, particularly in the 1970s. We should note that:"
        },
        {
            "type": "text",
            "bbox": [
                0.144,
                0.392,
                0.88,
                0.458
            ],
            "angle": 0,
            "content": "- In 1973, the International Accounting Standards Committee (IASC), representing the main accounting organisations of a large number of countries, issued Standard number 3 which stated that a parent company must publish consolidated accounts."
        },
        {
            "type": "text",
            "bbox": [
                0.144,
                0.473,
                0.88,
                0.522
            ],
            "angle": 0,
            "content": "- The United Nations, within a commission of international companies founded in 1974, expressed its wish to see the ordinary accounts of large groups completed by consolidated accounts."
        },
        {
            "type": "text",
            "bbox": [
                0.144,
                0.537,
                0.88,
                0.603
            ],
            "angle": 0,
            "content": "- And, lastly, in 1976, the OECD (Organisation for Economic Cooperation and Development) issued recommendations on the publication of consolidated information as part of its declaration on international investments and multinational companies."
        },
        {
            "type": "list",
            "bbox": [
                0.144,
                0.392,
                0.88,
                0.603
            ],
            "angle": 0,
            "content": null
        },
        {
            "type": "text",
            "bbox": [
                0.104,
                0.619,
                0.882,
                0.685
            ],
            "angle": 0,
            "content": "However, it took until June 13, 1983 for the 7th European Directive on consolidated accounts to appear, which asked for its implementation in all Member States before January \\(1^{st}\\), 1988 and to publish consolidated accounts applicable, however, to the fiscal period beginning after January \\(1^{st}\\), 1990."
        },
        {
            "type": "text",
            "bbox": [
                0.105,
                0.699,
                0.876,
                0.715
            ],
            "angle": 0,
            "content": "This was the legislative framework in which the first consolidations were done."
        },
        {
            "type": "title",
            "bbox": [
                0.107,
                0.751,
                0.686,
                0.774
            ],
            "angle": 0,
            "content": "1.1 The 1970s: The pencil and eraser age"
        },
        {
            "type": "text",
            "bbox": [
                0.104,
                0.795,
                0.882,
                0.845
            ],
            "angle": 0,
            "content": "If a historian had to describe the consolidations done by the pioneering holding companies which chose to publish their consolidated accounts at the end of the 1960s, they would refer to it as the pencil and eraser age."
        },
        {
            "type": "page_number",
            "bbox": [
                0.485,
                0.921,
                0.502,
                0.936
            ],
            "angle": 0,
            "content": "7"
        }
    ],
    [
        {
            "type": "header",
            "bbox": [
                0.112,
                0.065,
                0.364,
                0.079
            ],
            "angle": 0,
            "content": "DIRECT CONSOLIDATION"
        },
        {
            "type": "text",
            "bbox": [
                0.113,
                0.118,
                0.88,
                0.166
            ],
            "angle": 0,
            "content": "Personal computers didn't exist and spreadsheets were unheard of. Consolidation principles were not yet sufficiently well mastered to give rise to specialised software."
        },
        {
            "type": "text",
            "bbox": [
                0.113,
                0.183,
                0.88,
                0.263
            ],
            "angle": 0,
            "content": "At most, some consolidators used accounting programs (no one talked about software at the time and even less about software packages) in which they piled company accounts as long entries of asset debits to liabilities credits and, when they were able to, via a screen. At the time, punch cards were still very much used as a data entry medium."
        },
        {
            "type": "text",
            "bbox": [
                0.113,
                0.279,
                0.876,
                0.311
            ],
            "angle": 0,
            "content": "Office calculators were an indispensable tool both for currency exchanges (the euro didn't exist yet!) and for establishing all of the elimination entries."
        },
        {
            "type": "text",
            "bbox": [
                0.113,
                0.327,
                0.88,
                0.392
            ],
            "angle": 0,
            "content": "It's easy to see why, with these types of tools, the production of consolidated accounts and notes to the accounts could only be done on a very flexible schedule, especially if the extent of the group's perimeter rendered it somewhat complex."
        },
        {
            "type": "text",
            "bbox": [
                0.113,
                0.408,
                0.879,
                0.456
            ],
            "angle": 0,
            "content": "Some readers will maybe remember that, at the time, there were already some \"groups of groups\" among the many quite large groups. They were real economic octopi present internationally and in nearly every business area."
        },
        {
            "type": "text",
            "bbox": [
                0.113,
                0.472,
                0.879,
                0.521
            ],
            "angle": 0,
            "content": "These \"super groups\" are worth spending a little time on, and one in particular, for which we had the extraordinary opportunity to develop a consolidation system."
        },
        {
            "type": "text",
            "bbox": [
                0.113,
                0.539,
                0.879,
                0.603
            ],
            "angle": 0,
            "content": "It consisted of nearly 2000 companies, split into about 20 subgroups. The latter were in turn treated as holdings because they were sometimes listed on several stock exchanges and, therefore, required to publish consolidated accounts before the parent company to which they reported."
        },
        {
            "type": "text",
            "bbox": [
                0.113,
                0.62,
                0.47,
                0.636
            ],
            "angle": 0,
            "content": "How did this \"super group\" proceed?"
        },
        {
            "type": "text",
            "bbox": [
                0.113,
                0.652,
                0.876,
                0.684
            ],
            "angle": 0,
            "content": "The consolidator at the time used large format, pre-printed sheets of paper with columns like today's spreadsheets."
        },
        {
            "type": "text",
            "bbox": [
                0.113,
                0.7,
                0.876,
                0.748
            ],
            "angle": 0,
            "content": "The accounts of the sub-groups appeared in successive columns and were followed by adjustments and eliminations. Of course, each sub-group had previously done its own consolidation in its own way."
        },
        {
            "type": "text",
            "bbox": [
                0.113,
                0.765,
                0.876,
                0.812
            ],
            "angle": 0,
            "content": "Any errors or late amount changes required the use of an eraser and a significant amount of time for recalculations. At the end of the consolidation, its complexity was measured by the number of pencils and erasers used."
        },
        {
            "type": "text",
            "bbox": [
                0.113,
                0.829,
                0.876,
                0.862
            ],
            "angle": 0,
            "content": "As for the schedule, the group published its consolidated accounts in October of the following year."
        },
        {
            "type": "page_number",
            "bbox": [
                0.487,
                0.925,
                0.501,
                0.938
            ],
            "angle": 0,
            "content": "8"
        }
    ],
    [
        {
            "type": "header",
            "bbox": [
                0.295,
                0.073,
                0.866,
                0.09
            ],
            "angle": 0,
            "content": "PART 1 ONCE UPON A TIME ... THE CONSOLIDATION"
        },
        {
            "type": "text",
            "bbox": [
                0.117,
                0.121,
                0.882,
                0.17
            ],
            "angle": 0,
            "content": "One cultural point should be noted: most annual reports at this time first presented the parent company's statutory accounts and the consolidated accounts appeared in the last pages of the appendix."
        },
        {
            "type": "text",
            "bbox": [
                0.117,
                0.186,
                0.795,
                0.203
            ],
            "angle": 0,
            "content": "This presentation underscored their perceived importance at the time."
        },
        {
            "type": "text",
            "bbox": [
                0.117,
                0.219,
                0.882,
                0.267
            ],
            "angle": 0,
            "content": "In fact, a very small audience among board members, banks and financial analysts could boast of fully understanding the contents of the amalgamated figures whose real usefulness was often questioned."
        },
        {
            "type": "title",
            "bbox": [
                0.119,
                0.302,
                0.824,
                0.324
            ],
            "angle": 0,
            "content": "1.2 The 1980s: The beginnings of the computer age"
        },
        {
            "type": "text",
            "bbox": [
                0.117,
                0.346,
                0.882,
                0.411
            ],
            "angle": 0,
            "content": "The inconvenience of consolidation work and the late schedule couldn't remain in place for long. There were still no personal computers at the beginning of the 1980s, but some computer companies, forerunners of future software vendors, took on the challenge and began to provide solutions."
        },
        {
            "type": "text",
            "bbox": [
                0.117,
                0.426,
                0.882,
                0.474
            ],
            "angle": 0,
            "content": "The largest groups quickly showed an interest in the new software. It isn't hard to understand why! One software company came to the forefront in France in the early 1980s with its consolidation software."
        },
        {
            "type": "text",
            "bbox": [
                0.117,
                0.49,
                0.882,
                0.555
            ],
            "angle": 0,
            "content": "Two functions stood out. On one hand, its concept of modularity covered the current \"Segment Information\" required by IFRS standards when a group is active in different fields. On the other, the innovative software ran on a Singer mini-computer, the well-known sewing machine manufacturer of the time..."
        },
        {
            "type": "text",
            "bbox": [
                0.117,
                0.57,
                0.882,
                0.635
            ],
            "angle": 0,
            "content": "While the functionality of this consolidation software quickly won over large groups, technical support was a major concern. It wasn't long before the software was completely rewritten in COBOL to run on an IBM 370 mainframe at service bureaus."
        },
        {
            "type": "text",
            "bbox": [
                0.117,
                0.651,
                0.714,
                0.668
            ],
            "angle": 0,
            "content": "This was a significant step forward for the groups at the time."
        },
        {
            "type": "text",
            "bbox": [
                0.117,
                0.683,
                0.882,
                0.732
            ],
            "angle": 0,
            "content": "They now had software that handled all of the calculations inherent to consolidation. What is more, it was possible to enter adjustments online via terminals. So everything was perfect?"
        },
        {
            "type": "text",
            "bbox": [
                0.117,
                0.748,
                0.217,
                0.765
            ],
            "angle": 0,
            "content": "Not really."
        },
        {
            "type": "text",
            "bbox": [
                0.117,
                0.78,
                0.882,
                0.828
            ],
            "angle": 0,
            "content": "The working method of service bureaus at the time consisted in collecting information during the day, processing it at night and sending the printed reports early the following day by taxi or courier."
        },
        {
            "type": "text",
            "bbox": [
                0.117,
                0.844,
                0.882,
                0.877
            ],
            "angle": 0,
            "content": "In practice, a last adjustment sent at 10 AM had to wait for the arrival of several kilos of paper (listings) the next morning in which the consolidator"
        }
    ],
    [
        {
            "type": "header",
            "bbox": [
                0.11,
                0.07,
                0.361,
                0.085
            ],
            "angle": 0,
            "content": "DIRECT CONSOLIDATION"
        },
        {
            "type": "text",
            "bbox": [
                0.11,
                0.123,
                0.867,
                0.155
            ],
            "angle": 0,
            "content": "sometimes noticed that the debits and credits for an adjustment had to be inverted!"
        },
        {
            "type": "text",
            "bbox": [
                0.11,
                0.172,
                0.869,
                0.236
            ],
            "angle": 0,
            "content": "It wasn't until 1985 that the first consolidation software for the Personal Computers made its appearance. This was a real gamble given that the PC XT had \\(64\\mathrm{K}\\) of RAM and used \\(360\\mathrm{Kb}\\) diskettes. It was quickly followed by the PC AT with the first hard drive (30 Mb)."
        },
        {
            "type": "text",
            "bbox": [
                0.11,
                0.252,
                0.461,
                0.268
            ],
            "angle": 0,
            "content": "They were incredibly more powerful!"
        },
        {
            "type": "text",
            "bbox": [
                0.11,
                0.284,
                0.869,
                0.38
            ],
            "angle": 0,
            "content": "The software of this decade already included the concept of flows. Traditional currency conversions and eliminations were handled correctly. However, functionalities to easily document consolidated shareholders' equity and the cash flow statement had obvious shortcomings or were missing altogether. It should be noted that the learning curve was far from being met at the time and many Auditors had to finish the technical work themselves."
        },
        {
            "type": "text",
            "bbox": [
                0.11,
                0.397,
                0.867,
                0.46
            ],
            "angle": 0,
            "content": "One other significant shortcoming was the lack of a consolidation bundle integrated with the software. The technology available didn't allow for it yet and groups created paper bundles which they sent to their companies. The bundles were often close to a hundred pages long."
        },
        {
            "type": "text",
            "bbox": [
                0.11,
                0.477,
                0.531,
                0.492
            ],
            "angle": 0,
            "content": "Their use was inconvenient in several ways."
        },
        {
            "type": "text",
            "bbox": [
                0.11,
                0.509,
                0.867,
                0.556
            ],
            "angle": 0,
            "content": "First, the large documents weren't personalised with the figures of each company, making justification of the figures sent for the previous consolidation somewhat precarious."
        },
        {
            "type": "text",
            "bbox": [
                0.11,
                0.572,
                0.867,
                0.605
            ],
            "angle": 0,
            "content": "Next, if entries were made by hand, the inclusion of the items in the consolidation software also required manual entry."
        },
        {
            "type": "text",
            "bbox": [
                0.11,
                0.621,
                0.867,
                0.685
            ],
            "angle": 0,
            "content": "Lastly, the intrinsic inconsistencies between the bundle tables weren't detected at source, but only much too late at the consolidating company level, without any real possibility of getting a quick correction. Email exchanges were not yet available."
        },
        {
            "type": "text",
            "bbox": [
                0.11,
                0.701,
                0.867,
                0.749
            ],
            "angle": 0,
            "content": "While consolidation software was a great improvement over pencil and eraser, poor data quality and drawn-out schedules were challenges for the following years."
        },
        {
            "type": "title",
            "bbox": [
                0.11,
                0.784,
                0.768,
                0.803
            ],
            "angle": 0,
            "content": "3 The 1990s: The search for a miracle solution"
        },
        {
            "type": "text",
            "bbox": [
                0.11,
                0.828,
                0.867,
                0.86
            ],
            "angle": 0,
            "content": "In the majority of European Community member states, the start of this decade coincided with the requirement for groups of a certain size to produce"
        }
    ],
    [
        {
            "type": "header",
            "bbox": [
                0.298,
                0.07,
                0.868,
                0.087
            ],
            "angle": 0,
            "content": "PART 1 ONCE UPON A TIME ... THE CONSOLIDATION"
        },
        {
            "type": "text",
            "bbox": [
                0.117,
                0.118,
                0.882,
                0.15
            ],
            "angle": 0,
            "content": "consolidated accounts. This was a major cultural shock for many which were very ill-prepared to meet this requirement."
        },
        {
            "type": "text",
            "bbox": [
                0.118,
                0.166,
                0.175,
                0.183
            ],
            "angle": 0,
            "content": "Why?"
        },
        {
            "type": "text",
            "bbox": [
                0.117,
                0.199,
                0.882,
                0.247
            ],
            "angle": 0,
            "content": "Many of the groups discovered that they were groups; they had been used to thinking company by company, ignoring the less important ones and not always including all of their transactions."
        },
        {
            "type": "text",
            "bbox": [
                0.117,
                0.263,
                0.882,
                0.311
            ],
            "angle": 0,
            "content": "Consolidation is rooted in each and every held company, regardless of where it is located in the world. There are so many organisational issues, appeals to authority, rules to be communicated."
        },
        {
            "type": "text",
            "bbox": [
                0.117,
                0.328,
                0.881,
                0.392
            ],
            "angle": 0,
            "content": "The scouring effects of consolidation also disturbed many of these secretive groups: intra-group results are eliminated, dividends are eliminated, intercompany turnover is eliminated... What remains of the accounts?"
        },
        {
            "type": "text",
            "bbox": [
                0.117,
                0.408,
                0.88,
                0.44
            ],
            "angle": 0,
            "content": "Then, the groups, which had very complex structures, often for tax purposes, became aware of the transparency the technique gradually resulted in."
        },
        {
            "type": "text",
            "bbox": [
                0.117,
                0.456,
                0.882,
                0.505
            ],
            "angle": 0,
            "content": "In addition, the requirement involved new costs for specialised staff, software, account approvals by Auditors and closer supervision of the companies in the perimeter."
        },
        {
            "type": "text",
            "bbox": [
                0.118,
                0.52,
                0.882,
                0.553
            ],
            "angle": 0,
            "content": "This was the state of mind with which many groups set out on this new adventure."
        },
        {
            "type": "text",
            "bbox": [
                0.118,
                0.569,
                0.882,
                0.634
            ],
            "angle": 0,
            "content": "During the first years of the decade, a dozen consolidation software companies were competing in this niche market. The number of groups responding to the consolidation requirement was limited but highly concentrated geographically."
        },
        {
            "type": "text",
            "bbox": [
                0.118,
                0.65,
                0.882,
                0.714
            ],
            "angle": 0,
            "content": "This highly competitive environment quickly led to the development of the functionality missing in the software, particularly a decentralised consolidation bundle, consisting of software and data that could be sent to the companies of the perimeter."
        },
        {
            "type": "text",
            "bbox": [
                0.118,
                0.73,
                0.882,
                0.778
            ],
            "angle": 0,
            "content": "It should be noticed, however, that at the beginning of the decade there was no email and information exchange between companies was done via telecommunications lines (modem) and, more often, by courier."
        },
        {
            "type": "text",
            "bbox": [
                0.119,
                0.793,
                0.814,
                0.811
            ],
            "angle": 0,
            "content": "What was being exchanged? Essentially, 1.4Mb floppies in an envelope!"
        },
        {
            "type": "text",
            "bbox": [
                0.118,
                0.826,
                0.882,
                0.874
            ],
            "angle": 0,
            "content": "One anecdote we remember is about a company that had carefully sealed an envelope with staples before sending it. The staples went right through the diskette!"
        }
    ],
    [
        {
            "type": "header",
            "bbox": [
                0.106,
                0.067,
                0.36,
                0.081
            ],
            "angle": 0,
            "content": "DIRECT CONSOLIDATION"
        },
        {
            "type": "text",
            "bbox": [
                0.108,
                0.12,
                0.868,
                0.151
            ],
            "angle": 0,
            "content": "More seriously, however, two events had a significant impact on the second half of the decade."
        },
        {
            "type": "text",
            "bbox": [
                0.108,
                0.168,
                0.868,
                0.216
            ],
            "angle": 0,
            "content": "The first was technological. It confirmed the definitive advent of Windows, the internet and email exchanges as the new environment in which software would operate and dialogue."
        },
        {
            "type": "text",
            "bbox": [
                0.108,
                0.232,
                0.868,
                0.264
            ],
            "angle": 0,
            "content": "It was truly a revolution in convenience and effectiveness, particularly when it came to information exchanges with the companies in the perimeter."
        },
        {
            "type": "text",
            "bbox": [
                0.108,
                0.28,
                0.868,
                0.328
            ],
            "angle": 0,
            "content": "The second revolution was functional. It attempted to integrate reporting functionality into first generation software, known as statutory consolidation software."
        },
        {
            "type": "text",
            "bbox": [
                0.108,
                0.344,
                0.868,
                0.392
            ],
            "angle": 0,
            "content": "Many groups gradually realised how difficult it was to reconcile the figures produced by statutory consolidation with those created following a projected fiscal period, often by different departments."
        },
        {
            "type": "text",
            "bbox": [
                0.108,
                0.408,
                0.868,
                0.505
            ],
            "angle": 0,
            "content": "The approaches were based on different software. Specialised software was used for statutory consolidation and Lotus (followed by Excel) was often used for reporting. Staff often came up through different training channels with more or less detailed-oriented information systems, with complete or partial perimeters, based on different frequencies, etc. In other words, two different figures universes coexisted in the groups."
        },
        {
            "type": "text",
            "bbox": [
                0.108,
                0.521,
                0.868,
                0.553
            ],
            "angle": 0,
            "content": "Recognising this, software companies reacted very quickly and launched the concept of 'unified consolidation\"."
        },
        {
            "type": "text",
            "bbox": [
                0.108,
                0.568,
                0.632,
                0.585
            ],
            "angle": 0,
            "content": "Did the decade end with a miracle product? Not really."
        },
        {
            "type": "text",
            "bbox": [
                0.108,
                0.601,
                0.868,
                0.648
            ],
            "angle": 0,
            "content": "The software developed primarily by European companies with a Latin culture tended to offer functionally complete statutory consolidation software with a few reporting functions which were deemed to be insufficient."
        },
        {
            "type": "text",
            "bbox": [
                0.108,
                0.665,
                0.868,
                0.746
            ],
            "angle": 0,
            "content": "The software developed by Anglo-Saxon companies provided excellent reporting functionality but was relatively incomplete in terms of statutory functionality where everything had to be set up with parameters. American groups, which often had vast perimeters, had .much simpler tree structures with fully owned companies."
        },
        {
            "type": "text",
            "bbox": [
                0.108,
                0.761,
                0.868,
                0.809
            ],
            "angle": 0,
            "content": "The market was clearly moving toward a unified solution. However, vendor culture resulted in software that was either more heavily biased toward statutory consolidation or to reporting."
        },
        {
            "type": "text",
            "bbox": [
                0.108,
                0.825,
                0.868,
                0.857
            ],
            "angle": 0,
            "content": "Unified consolidation didn't perfectly match market expectations at the end of the decade."
        }
    ],
    [
        {
            "type": "header",
            "bbox": [
                0.298,
                0.072,
                0.867,
                0.088
            ],
            "angle": 0,
            "content": "PART 1 ONCE UPON A TIME ... THE CONSOLIDATION"
        },
        {
            "type": "title",
            "bbox": [
                0.118,
                0.121,
                0.533,
                0.143
            ],
            "angle": 0,
            "content": "1.4 The 2000s: Y2K and IFRS"
        },
        {
            "type": "text",
            "bbox": [
                0.115,
                0.165,
                0.881,
                0.232
            ],
            "angle": 0,
            "content": "The turn of the century (Y2K in the English-language media of the time) disappointed many journalists looking for a sensational story because the long-anticipated bug didn't negatively affect accounting systems and the performance of consolidation software packages received high marks."
        },
        {
            "type": "text",
            "bbox": [
                0.115,
                0.246,
                0.881,
                0.295
            ],
            "angle": 0,
            "content": "Another much more critical deadline awaited listed groups in 2005: the implementation of IFRS standards to apply to all public companies belonging to member states of the European Community."
        },
        {
            "type": "text",
            "bbox": [
                0.115,
                0.31,
                0.881,
                0.343
            ],
            "angle": 0,
            "content": "The goal was infinitely praiseworthy given that the decision removed the haziness of the 7th Directive of 1983."
        },
        {
            "type": "text",
            "bbox": [
                0.115,
                0.358,
                0.882,
                0.442
            ],
            "angle": 0,
            "content": "By setting standards for all Member States, Europe was making consolidated accounts comparable from the standpoint of both content and form for companies in similar lines of business, regardless of the Member State they were located in. Hadn't the United States applied the same approach throughout its states and with US Gaap for quite some time already?"
        },
        {
            "type": "text",
            "bbox": [
                0.115,
                0.455,
                0.879,
                0.487
            ],
            "angle": 0,
            "content": "Was the European goal achieved after a few years of IFRS? The answer isn't straightforward."
        },
        {
            "type": "text",
            "bbox": [
                0.117,
                0.503,
                0.876,
                0.537
            ],
            "angle": 0,
            "content": "From a content standpoint, IFRS is voluminous, changing and interpreted, making it difficult to implement uniformly across listed companies."
        },
        {
            "type": "text",
            "bbox": [
                0.117,
                0.551,
                0.882,
                0.584
            ],
            "angle": 0,
            "content": "We have often come across qualified or even very different opinions on a similar situation, sometimes from two partners of the same firm."
        },
        {
            "type": "text",
            "bbox": [
                0.117,
                0.599,
                0.882,
                0.649
            ],
            "angle": 0,
            "content": "From the standpoint of form, some states like Belgium, Luxembourg, France, Italy and Poland have imposed a national publication standard for statutory accounts for many years now."
        },
        {
            "type": "text",
            "bbox": [
                0.117,
                0.663,
                0.882,
                0.713
            ],
            "angle": 0,
            "content": "When the first consolidated accounts were published, groups found it normal to follow a recommended scheme... which didn't exist and has never been proposed by Member States."
        },
        {
            "type": "text",
            "bbox": [
                0.117,
                0.727,
                0.882,
                0.777
            ],
            "angle": 0,
            "content": "With the advent of IFRS, each group created their own publication standards. Items that didn't appear explicitly on a balance sheet or income statement could be put in an attached table or in a note."
        },
        {
            "type": "text",
            "bbox": [
                0.117,
                0.792,
                0.589,
                0.81
            ],
            "angle": 0,
            "content": "It was up to the reader to find the information..."
        },
        {
            "type": "text",
            "bbox": [
                0.117,
                0.823,
                0.882,
                0.857
            ],
            "angle": 0,
            "content": "The general, overriding feeling after a few years with IFRS standards is revealed in the following comments:"
        }
    ]
]