[
    [
        {
            "type": "header",
            "bbox": [
                0.117,
                0.065,
                0.375,
                0.082
            ],
            "angle": 0,
            "content": "DIRECT CONSOLIDATION"
        },
        {
            "type": "text",
            "bbox": [
                0.115,
                0.12,
                0.559,
                0.137
            ],
            "angle": 0,
            "content": "Let's understand the statutory bookings first"
        },
        {
            "type": "text",
            "bbox": [
                0.114,
                0.152,
                0.892,
                0.218
            ],
            "angle": 0,
            "content": "In company P, booking (1) shows there is a profit (financial income) for 320 corresponding to the \\(80\\%\\) of the gross dividends of 400 proposed by A. But A pays also 0.2 per each new share, so \\(40 = 0.2^{*}200\\) which represents a cash payment (Other assets)."
        },
        {
            "type": "text",
            "bbox": [
                0.115,
                0.232,
                0.877,
                0.25
            ],
            "angle": 0,
            "content": "The total of \\(360 = 320 + 40\\) is booked as a debit on the financial investment."
        },
        {
            "type": "text",
            "bbox": [
                0.114,
                0.264,
                0.888,
                0.299
            ],
            "angle": 0,
            "content": "In company A booking (2) shows the \\(80 = 20\\%\\) * 400 cash paid to \\(3^{rd}\\) Parties as dividends."
        },
        {
            "type": "text",
            "bbox": [
                0.115,
                0.311,
                0.887,
                0.346
            ],
            "angle": 0,
            "content": "Booking (3) shows that the dividends for company A, that is \\( 320 = 80\\% \\) 400, are transferred from Reserves account to Capital account."
        },
        {
            "type": "text",
            "bbox": [
                0.115,
                0.361,
                0.89,
                0.412
            ],
            "angle": 0,
            "content": "Booking (4) is related to the additional payment of 40 which is considered as a Share premium. We could also book it on the Capital account and it would make no difference from a consolidation point of view."
        },
        {
            "type": "text",
            "bbox": [
                0.115,
                0.426,
                0.742,
                0.443
            ],
            "angle": 0,
            "content": "There are also consolidation adjustments to book in company P"
        },
        {
            "type": "text",
            "bbox": [
                0.114,
                0.458,
                0.89,
                0.507
            ],
            "angle": 0,
            "content": "Adjustment (a) eliminates the financial income corresponding to the dividends for an amount of 320, just as we would do for normal dividends as discussed in Part 2."
        },
        {
            "type": "text",
            "bbox": [
                0.115,
                0.522,
                0.864,
                0.54
            ],
            "angle": 0,
            "content": "Adjustment (b) needs some explanations because of a percentage variation."
        },
        {
            "type": "text",
            "bbox": [
                0.115,
                0.555,
                0.879,
                0.573
            ],
            "angle": 0,
            "content": "The approach we apply works perfectly well each time there is such variation."
        },
        {
            "type": "text",
            "bbox": [
                0.115,
                0.587,
                0.757,
                0.604
            ],
            "angle": 0,
            "content": "First we calculate the group equity before the transaction, that is"
        },
        {
            "type": "equation",
            "bbox": [
                0.277,
                0.618,
                0.726,
                0.637
            ],
            "angle": 0,
            "content": "\\[\n80 \\% * [ 1000 + 800 + (200) + (400) ] = 960\n\\]"
        },
        {
            "type": "text",
            "bbox": [
                0.114,
                0.652,
                0.888,
                0.686
            ],
            "angle": 0,
            "content": "As equity, we consider Year 1 closing equity which is decreased by the 400 dividends that are processed separately."
        },
        {
            "type": "text",
            "bbox": [
                0.115,
                0.7,
                0.731,
                0.718
            ],
            "angle": 0,
            "content": "Then we calculate the same group equity after the transaction"
        },
        {
            "type": "equation",
            "bbox": [
                0.271,
                0.731,
                0.731,
                0.75
            ],
            "angle": 0,
            "content": "\\[\n83.33\\% * [1320 + 40 + 600 + (400)] = 1300\n\\]"
        },
        {
            "type": "text",
            "bbox": [
                0.115,
                0.765,
                0.514,
                0.782
            ],
            "angle": 0,
            "content": "giving an increase of \\(340 = 1300 - 960\\)"
        },
        {
            "type": "text",
            "bbox": [
                0.115,
                0.797,
                0.827,
                0.814
            ],
            "angle": 0,
            "content": "Of course, the financial investment in P on A has been increased by 360."
        },
        {
            "type": "text",
            "bbox": [
                0.114,
                0.829,
                0.887,
                0.864
            ],
            "angle": 0,
            "content": "Let's go back to the logic of a normal company acquisition where we compare the price to acquire and the group equity, which gives a goodwill or a badwill."
        }
    ],
    [
        {
            "type": "header",
            "bbox": [
                0.433,
                0.071,
                0.855,
                0.086
            ],
            "angle": 0,
            "content": "PART 4 SPECIAL CONSOLIDATION TOPICS"
        },
        {
            "type": "text",
            "bbox": [
                0.094,
                0.12,
                0.484,
                0.136
            ],
            "angle": 0,
            "content": "In this case, we have a goodwill for 20."
        },
        {
            "type": "text",
            "bbox": [
                0.094,
                0.151,
                0.873,
                0.187
            ],
            "angle": 0,
            "content": "Adjustment (c): Decision has been taken to fully book this goodwill on P&L, because of low materiality."
        },
        {
            "type": "text",
            "bbox": [
                0.095,
                0.201,
                0.493,
                0.216
            ],
            "angle": 0,
            "content": "Here are now the consolidated accounts"
        },
        {
            "type": "table",
            "bbox": [
                0.233,
                0.242,
                0.739,
                0.361
            ],
            "angle": 0,
            "content": "<table><tr><td colspan=\"3\">P + A</td></tr><tr><td></td><td>Capital</td><td>2,000</td></tr><tr><td></td><td>Reserves</td><td>1,520</td></tr><tr><td></td><td>Result</td><td>60</td></tr><tr><td></td><td>Conso. Res.(A)</td><td>(957)</td></tr><tr><td></td><td>Minority int.(A)</td><td>277</td></tr><tr><td>Other assets</td><td>8,000</td><td>Other liabilities</td></tr></table>"
        },
        {
            "type": "text",
            "bbox": [
                0.097,
                0.379,
                0.163,
                0.393
            ],
            "angle": 0,
            "content": "where"
        },
        {
            "type": "text",
            "bbox": [
                0.135,
                0.409,
                0.871,
                0.445
            ],
            "angle": 0,
            "content": "- Consolidated reserves (A) = (957) = 83.33% * [1320 + 40 + 200 + 100] - [2000 + 360 + (20)]"
        },
        {
            "type": "text",
            "bbox": [
                0.136,
                0.456,
                0.842,
                0.476
            ],
            "angle": 0,
            "content": "Minority interests (A) \\(= 277 = 16.67\\%\\) \\* [1320 + 40 + 200 + 100]"
        },
        {
            "type": "list",
            "bbox": [
                0.135,
                0.409,
                0.871,
                0.476
            ],
            "angle": 0,
            "content": null
        },
        {
            "type": "text",
            "bbox": [
                0.097,
                0.492,
                0.873,
                0.525
            ],
            "angle": 0,
            "content": "In such consolidation, we recommend to justify at least the evolution of both group reserves and minority interests."
        },
        {
            "type": "title",
            "bbox": [
                0.098,
                0.541,
                0.351,
                0.556
            ],
            "angle": 0,
            "content": "Group reserves evolution"
        },
        {
            "type": "text",
            "bbox": [
                0.097,
                0.572,
                0.873,
                0.606
            ],
            "angle": 0,
            "content": "We show the justification report hereunder whose content comes immediately from the consolidated figures above."
        },
        {
            "type": "table",
            "bbox": [
                0.101,
                0.618,
                0.819,
                0.693
            ],
            "angle": 0,
            "content": "<table><tr><td></td><td>Year 1 reserves</td><td>Year 2 result</td><td>Dividends</td><td>Dividends +</td><td>Dividends P</td><td>Year 2 reserves</td></tr><tr><td>P</td><td>1,500</td><td>60</td><td></td><td>320</td><td>(300)</td><td>1,580</td></tr><tr><td>A</td><td>(720)</td><td>83</td><td>(320)</td><td></td><td></td><td>(957)</td></tr><tr><td></td><td>780</td><td>143</td><td>(320)</td><td>320</td><td>(300)</td><td>623</td></tr></table>"
        },
        {
            "type": "text",
            "bbox": [
                0.098,
                0.709,
                0.873,
                0.743
            ],
            "angle": 0,
            "content": "Maybe just one comment: parent company P pays dividends for 300 to their shareholders. This information can be found in its statutory accounts."
        },
        {
            "type": "title",
            "bbox": [
                0.098,
                0.757,
                0.371,
                0.773
            ],
            "angle": 0,
            "content": "Minority interests evolution"
        },
        {
            "type": "text",
            "bbox": [
                0.098,
                0.79,
                0.279,
                0.807
            ],
            "angle": 0,
            "content": "Here is the report"
        }
    ],
    [
        {
            "type": "header",
            "bbox": [
                0.119,
                0.065,
                0.375,
                0.082
            ],
            "angle": 0,
            "content": "DIRECT CONSOLIDATION"
        },
        {
            "type": "table",
            "bbox": [
                0.12,
                0.117,
                0.83,
                0.178
            ],
            "angle": 0,
            "content": "<table><tr><td></td><td>Year 1 reserves</td><td>Year 2 result</td><td>Dividends -</td><td>% var(1)</td><td>% var(2)</td><td>Year 2 reserves</td></tr><tr><td>A</td><td>320</td><td>17</td><td>(80)</td><td>(40)</td><td>60</td><td>277</td></tr><tr><td></td><td>320</td><td>17</td><td>(80)</td><td>(40)</td><td>60</td><td>277</td></tr></table>"
        },
        {
            "type": "text",
            "bbox": [
                0.118,
                0.193,
                0.884,
                0.227
            ],
            "angle": 0,
            "content": "which requires some additional comments for the \\(0 \\%\\)var\" columns, the other columns not needing comments."
        },
        {
            "type": "text",
            "bbox": [
                0.118,
                0.241,
                0.884,
                0.274
            ],
            "angle": 0,
            "content": "\\(\\%\\) var(1) shows the variation of \\(3^{\\text{rd}}\\) Parties percentage in the opening equity of Year 2 as"
        },
        {
            "type": "equation",
            "bbox": [
                0.22,
                0.289,
                0.782,
                0.308
            ],
            "angle": 0,
            "content": "\\[\n(40) = [ 16.67 \\% - 20 \\% ] * [ 1000 + 800 + (200) + (400) ]\n\\]"
        },
        {
            "type": "text",
            "bbox": [
                0.119,
                0.32,
                0.758,
                0.339
            ],
            "angle": 0,
            "content": "\\(\\%\\) var(2) shows the \\(3^{\\text{rd}}\\) Parties interests in the capital increase as"
        },
        {
            "type": "equation",
            "bbox": [
                0.366,
                0.353,
                0.637,
                0.371
            ],
            "angle": 0,
            "content": "\\[\n60 = 16.67\\% * [320 + 40]\n\\]"
        },
        {
            "type": "text",
            "bbox": [
                0.118,
                0.385,
                0.842,
                0.404
            ],
            "angle": 0,
            "content": "Notice that \\( 20 = (40) + 60 \\) is the goodwill recognized in the consolidation."
        },
        {
            "type": "text",
            "bbox": [
                0.119,
                0.418,
                0.843,
                0.435
            ],
            "angle": 0,
            "content": "But why do we have a goodwill on such capital increase? Was it expected?"
        },
        {
            "type": "text",
            "bbox": [
                0.118,
                0.45,
                0.884,
                0.484
            ],
            "angle": 0,
            "content": "This goodwill is a consequence of the additional price which should have been a refund of 80 instead of a payment of 40."
        },
        {
            "type": "text",
            "bbox": [
                0.118,
                0.498,
                0.884,
                0.532
            ],
            "angle": 0,
            "content": "Before the transaction, we have seen that the equity was 1200 for 1000 shares issued, so 1.2 per share."
        },
        {
            "type": "text",
            "bbox": [
                0.118,
                0.546,
                0.882,
                0.612
            ],
            "angle": 0,
            "content": "The transaction itself concerns 200 shares for a value of \\(360 = 320 + 40\\), which gives a value of 1.8 per share. If, above the dividend of 320, company A would have refund 80, the value of one new share would have been \\(1.2 = (320 - 80) / 200\\)."
        },
        {
            "type": "text",
            "bbox": [
                0.118,
                0.626,
                0.884,
                0.677
            ],
            "angle": 0,
            "content": "Finally, on this revisited basis, the total equity becomes \\( 1440 = 1200 + 240 \\) for 1200 shares, existing and new, giving a value of \\( 1.2 = 1440 / 1200 \\) per share equal to the value of a share before the transaction."
        },
        {
            "type": "title",
            "bbox": [
                0.12,
                0.712,
                0.821,
                0.758
            ],
            "angle": 0,
            "content": "2.3 Dividends paid on the basis of different types of shares representing the capital"
        },
        {
            "type": "text",
            "bbox": [
                0.118,
                0.762,
                0.884,
                0.811
            ],
            "angle": 0,
            "content": "When increasing its capital, a company can decide to issue new shares with special dividends. The capital is then represented by different categories of shares."
        },
        {
            "type": "text",
            "bbox": [
                0.118,
                0.825,
                0.884,
                0.859
            ],
            "angle": 0,
            "content": "If the basic rules of consolidation apply to such dividends when eliminating them, the percentage owned by the shareholders may be different in each"
        }
    ],
    [
        {
            "type": "header",
            "bbox": [
                0.435,
                0.071,
                0.852,
                0.087
            ],
            "angle": 0,
            "content": "PART 4 SPECIAL CONSOLIDATION TOPICS"
        },
        {
            "type": "text",
            "bbox": [
                0.101,
                0.121,
                0.867,
                0.155
            ],
            "angle": 0,
            "content": "shares category which means that the part of result becomes more difficult to calculate."
        },
        {
            "type": "text",
            "bbox": [
                0.103,
                0.169,
                0.56,
                0.187
            ],
            "angle": 0,
            "content": "Let's explain this with the following case study."
        },
        {
            "type": "title",
            "bbox": [
                0.103,
                0.201,
                0.381,
                0.218
            ],
            "angle": 0,
            "content": "Description of a situation"
        },
        {
            "type": "text",
            "bbox": [
                0.101,
                0.233,
                0.868,
                0.283
            ],
            "angle": 0,
            "content": "We suppose parent company \\( P \\) is creating a new company \\( A \\) at the beginning of Year 1. Its capital is represented by two different categories of shares as shown hereunder, each share having a value of 1."
        },
        {
            "type": "table",
            "bbox": [
                0.239,
                0.295,
                0.776,
                0.378
            ],
            "angle": 0,
            "content": "<table><tr><td colspan=\"2\">Shareholders</td><td>Parent</td><td>3rd Parties</td></tr><tr><td>Ordinary shares</td><td>1,000</td><td>200</td><td>800</td></tr><tr><td>Privileged shares</td><td>1,000</td><td>1,000</td><td>0</td></tr><tr><td>Total</td><td>2,000</td><td>1,200</td><td>800</td></tr><tr><td colspan=\"2\">Net percentage</td><td>60%</td><td>40%</td></tr></table>"
        },
        {
            "type": "text",
            "bbox": [
                0.103,
                0.394,
                0.527,
                0.412
            ],
            "angle": 0,
            "content": "Shares of each category have voting rights."
        },
        {
            "type": "text",
            "bbox": [
                0.102,
                0.426,
                0.867,
                0.492
            ],
            "angle": 0,
            "content": "The specific situation is that company A will pay each year dividends equal to \\(5\\%\\) of the corresponding capital of 1000, so 50. If for cash reasons, company A is not able to pay these dividends at the end of a certain year, it is carried forward in a cumulative way and paid the next year."
        },
        {
            "type": "text",
            "bbox": [
                0.102,
                0.507,
                0.866,
                0.54
            ],
            "angle": 0,
            "content": "For the analysis of our case study, we will limit our view to only equity accounts and study the consolidated reserves evolution."
        },
        {
            "type": "title",
            "bbox": [
                0.104,
                0.555,
                0.359,
                0.571
            ],
            "angle": 0,
            "content": "The statutory accounts"
        },
        {
            "type": "text",
            "bbox": [
                0.103,
                0.586,
                0.867,
                0.618
            ],
            "angle": 0,
            "content": "We can see that parent company \\( P \\) is paying dividends of 100 at the end of Year 1 and Year 2."
        },
        {
            "type": "table",
            "bbox": [
                0.124,
                0.634,
                0.819,
                0.72
            ],
            "angle": 0,
            "content": "<table><tr><td rowspan=\"2\"></td><td colspan=\"3\">Parent company P</td><td colspan=\"3\">Company A</td></tr><tr><td>Year 1</td><td>Year 2</td><td>Year 3</td><td>Year 1</td><td>Year 2</td><td>Year 3</td></tr><tr><td>Capital</td><td>1,000</td><td>1,000</td><td>1,000</td><td>2,000</td><td>2,000</td><td>2,000</td></tr><tr><td>Reserves</td><td>800</td><td>900</td><td>1,000</td><td>0</td><td>(100)</td><td>30</td></tr><tr><td>Result</td><td>200</td><td>200</td><td>300</td><td>(100)</td><td>300</td><td>150</td></tr></table>"
        },
        {
            "type": "text",
            "bbox": [
                0.102,
                0.735,
                0.866,
                0.768
            ],
            "angle": 0,
            "content": "At the end of Year 1, company A makes a loss and, of course, the ordinary shares will give no dividends."
        },
        {
            "type": "text",
            "bbox": [
                0.102,
                0.783,
                0.867,
                0.848
            ],
            "angle": 0,
            "content": "For the privileged shares, on the contrary, company A has no choice: a dividend of 50 must be paid to the shareholders. However, its cash situation being bad, these dividends will be paid at the end of Year 2 if the situation improves in the meantime."
        }
    ],
    [
        {
            "type": "header",
            "bbox": [
                0.12,
                0.067,
                0.373,
                0.082
            ],
            "angle": 0,
            "content": "DIRECT CONSOLIDATION"
        },
        {
            "type": "text",
            "bbox": [
                0.117,
                0.121,
                0.886,
                0.187
            ],
            "angle": 0,
            "content": "At the end of Year 2, company A is able to pay the 50 related to Year 1 and the dividends of 50 related to Year 2, both concerning the privileged shares. Moreover, A decides also to pay a dividend of 0.07 per ordinary shares, so 14 = 0.07 * 200 to A and 56 = 0.07 * 800 to the \\(3^{\\text{rd}}\\) Parties."
        },
        {
            "type": "text",
            "bbox": [
                0.117,
                0.2,
                0.886,
                0.251
            ],
            "angle": 0,
            "content": "The financial investment on company A in parent company P accounts can be deducted from the above information as \\( 1200 = 200 \\) ordinary shares of value \\( 1 + 1000 \\) privileged shares of value 1."
        },
        {
            "type": "title",
            "bbox": [
                0.118,
                0.265,
                0.642,
                0.283
            ],
            "angle": 0,
            "content": "Consolidated equity = Year 1, Year 2 and Year 3"
        },
        {
            "type": "text",
            "bbox": [
                0.117,
                0.298,
                0.886,
                0.331
            ],
            "angle": 0,
            "content": "Hereunder we present the consolidated equity and, on two lines, the group and the \\(3^{\\text{rd}}\\) Parties result."
        },
        {
            "type": "table",
            "bbox": [
                0.254,
                0.339,
                0.809,
                0.504
            ],
            "angle": 0,
            "content": "<table><tr><td></td><td>Year 1</td><td>Year 2</td><td>Year 3</td></tr><tr><td>Capital</td><td>1,000</td><td>1,000</td><td>1,000</td></tr><tr><td>Reserves</td><td>800</td><td>900</td><td>1,000</td></tr><tr><td></td><td></td><td></td><td>114</td></tr><tr><td>Result</td><td>200</td><td>200</td><td>300</td></tr><tr><td></td><td></td><td></td><td>(114)</td></tr><tr><td>Consolidated reserves</td><td>(60)</td><td>120</td><td>108</td></tr><tr><td>Minority interests</td><td>760</td><td>880</td><td>872</td></tr><tr><td>Group result</td><td>140</td><td>380</td><td>276</td></tr><tr><td>3rd Parties result</td><td>(40)</td><td>120</td><td>60</td></tr></table>"
        },
        {
            "type": "title",
            "bbox": [
                0.119,
                0.522,
                0.226,
                0.538
            ],
            "angle": 0,
            "content": "For Year 1"
        },
        {
            "type": "text",
            "bbox": [
                0.157,
                0.551,
                0.811,
                0.571
            ],
            "angle": 0,
            "content": "- Consolidated reserves \\( = (60) = 60\\% \\) [2000 + (100)] - 1200"
        },
        {
            "type": "text",
            "bbox": [
                0.156,
                0.584,
                0.687,
                0.604
            ],
            "angle": 0,
            "content": "Minority interests \\(= 760 = 40\\%\\) [2000 + (100)]"
        },
        {
            "type": "text",
            "bbox": [
                0.156,
                0.616,
                0.601,
                0.635
            ],
            "angle": 0,
            "content": "- Group result \\( = {140} = {200} + {60}\\% {}^{ * } \\) (100)"
        },
        {
            "type": "text",
            "bbox": [
                0.157,
                0.648,
                0.58,
                0.667
            ],
            "angle": 0,
            "content": "- \\(3^{\\text{rd}}\\) Parties result = (40) = 40% * (100)"
        },
        {
            "type": "list",
            "bbox": [
                0.156,
                0.551,
                0.811,
                0.667
            ],
            "angle": 0,
            "content": null
        },
        {
            "type": "text",
            "bbox": [
                0.117,
                0.682,
                0.882,
                0.716
            ],
            "angle": 0,
            "content": "Let's notice that the consolidated reserves for this first year are equal to the group result in company A."
        },
        {
            "type": "title",
            "bbox": [
                0.119,
                0.731,
                0.226,
                0.745
            ],
            "angle": 0,
            "content": "For Year 2"
        },
        {
            "type": "text",
            "bbox": [
                0.155,
                0.761,
                0.871,
                0.778
            ],
            "angle": 0,
            "content": "- Consolidated reserves = 120 = 60% * [ 2000 + (100) + 300] - 1200"
        },
        {
            "type": "text",
            "bbox": [
                0.156,
                0.791,
                0.751,
                0.811
            ],
            "angle": 0,
            "content": "Minority interests \\(= 880 = 40\\%\\) [2000 + (100) + 300]"
        },
        {
            "type": "text",
            "bbox": [
                0.156,
                0.824,
                0.586,
                0.842
            ],
            "angle": 0,
            "content": "- Group result \\( = {380} = {200} + {60}\\%  * {300} \\)"
        },
        {
            "type": "text",
            "bbox": [
                0.156,
                0.856,
                0.56,
                0.874
            ],
            "angle": 0,
            "content": "- \\(3^{\\text{rd}}\\) Parties result = 120 = 40% * 300"
        },
        {
            "type": "list",
            "bbox": [
                0.155,
                0.761,
                0.871,
                0.874
            ],
            "angle": 0,
            "content": null
        }
    ],
    [
        {
            "type": "header",
            "bbox": [
                0.437,
                0.074,
                0.854,
                0.089
            ],
            "angle": 0,
            "content": "PART 4 SPECIAL CONSOLIDATION TOPICS"
        },
        {
            "type": "title",
            "bbox": [
                0.105,
                0.122,
                0.207,
                0.137
            ],
            "angle": 0,
            "content": "For Year 3"
        },
        {
            "type": "text",
            "bbox": [
                0.105,
                0.153,
                0.868,
                0.203
            ],
            "angle": 0,
            "content": "During this Year 3, parent company P receives the dividends of 50 attached to the privileged shares of Year 1 and Year 2 and a dividend of 14 attached to the ordinary shares."
        },
        {
            "type": "text",
            "bbox": [
                0.105,
                0.218,
                0.868,
                0.251
            ],
            "angle": 0,
            "content": "This financial income, for a total of 114, is eliminated in parent company P in the usual way."
        },
        {
            "type": "text",
            "bbox": [
                0.14,
                0.266,
                0.831,
                0.282
            ],
            "angle": 0,
            "content": "- Consolidated reserves = 108 = 60% * [2000 + 30 + 150] - 1200"
        },
        {
            "type": "text",
            "bbox": [
                0.14,
                0.296,
                0.711,
                0.316
            ],
            "angle": 0,
            "content": "Minority interests \\(= 872 = 40\\%\\) [2000 + 30 + 150]"
        },
        {
            "type": "text",
            "bbox": [
                0.14,
                0.329,
                0.656,
                0.347
            ],
            "angle": 0,
            "content": "- Group result \\( = {276} = {300} + \\left( {114}\\right)  + {60}{\\% }^{ * }{150} \\)"
        },
        {
            "type": "text",
            "bbox": [
                0.14,
                0.36,
                0.534,
                0.378
            ],
            "angle": 0,
            "content": "- \\(3^{\\text{rd}}\\) Parties result = 60 = 40% * 150"
        },
        {
            "type": "list",
            "bbox": [
                0.14,
                0.266,
                0.711,
                0.378
            ],
            "angle": 0,
            "content": null
        },
        {
            "type": "title",
            "bbox": [
                0.105,
                0.395,
                0.453,
                0.412
            ],
            "angle": 0,
            "content": "Consolidated reserves evolution"
        },
        {
            "type": "text",
            "bbox": [
                0.105,
                0.427,
                0.868,
                0.46
            ],
            "angle": 0,
            "content": "Analyzing Year 2 with regard to Year 1, nothing special needs to be commented."
        },
        {
            "type": "table",
            "bbox": [
                0.124,
                0.467,
                0.859,
                0.551
            ],
            "angle": 0,
            "content": "<table><tr><td></td><td>Year 1\nreserves</td><td>Year 2\nresult</td><td>Dividends</td><td>Dividends</td><td>+ dividends</td><td>P</td><td>Year 2\nreserves</td></tr><tr><td>P</td><td>1,000</td><td>200</td><td></td><td></td><td>(100)</td><td>1,100</td><td></td></tr><tr><td>A</td><td>(60)</td><td>180</td><td></td><td></td><td></td><td>120</td><td></td></tr><tr><td></td><td>940</td><td>380</td><td>0</td><td>0</td><td>(100)</td><td>1,220</td><td></td></tr></table>"
        },
        {
            "type": "text",
            "bbox": [
                0.105,
                0.566,
                0.837,
                0.584
            ],
            "angle": 0,
            "content": "But when we do the same analysis for Year 3 with regard to Year 2, we get"
        },
        {
            "type": "table",
            "bbox": [
                0.121,
                0.596,
                0.859,
                0.681
            ],
            "angle": 0,
            "content": "<table><tr><td></td><td>Year 2 reserves</td><td>Year 2 result</td><td>Dividends -</td><td>Dividends +</td><td>Dividends P</td><td>Year 3 reserves</td></tr><tr><td>P</td><td>1,100</td><td>186</td><td></td><td>114</td><td>(100)</td><td>1,300</td></tr><tr><td>A</td><td>120</td><td>90</td><td>(114)</td><td></td><td></td><td>108</td></tr><tr><td></td><td>1,220</td><td>276</td><td>(114)</td><td>114</td><td>(100)</td><td>1,408</td></tr></table>"
        },
        {
            "type": "text",
            "bbox": [
                0.105,
                0.696,
                0.868,
                0.728
            ],
            "angle": 0,
            "content": "showing a problem on the line corresponding to company A. An amount of 12 is not justified."
        },
        {
            "type": "text",
            "bbox": [
                0.105,
                0.729,
                0.868,
                0.777
            ],
            "angle": 0,
            "content": "This problem appears because we consolidate with a unique percentage of \\(60\\%\\) but in fact there are two percentages, \\(20\\%\\) and \\(100\\%\\), depending on the shares categories."
        },
        {
            "type": "text",
            "bbox": [
                0.105,
                0.793,
                0.868,
                0.825
            ],
            "angle": 0,
            "content": "In each consolidation, we systematically make a mistake on the group part in the result."
        },
        {
            "type": "text",
            "bbox": [
                0.105,
                0.84,
                0.868,
                0.874
            ],
            "angle": 0,
            "content": "The reserves and result of previous year contain the future dividends that are calculated as \\(60\\%\\) for the group. At the end of Year 2, the total dividends that"
        }
    ],
    [
        {
            "type": "header",
            "bbox": [
                0.119,
                0.069,
                0.371,
                0.085
            ],
            "angle": 0,
            "content": "DIRECT CONSOLIDATION"
        },
        {
            "type": "text",
            "bbox": [
                0.117,
                0.121,
                0.88,
                0.157
            ],
            "angle": 0,
            "content": "will be paid is \\(170 = 50 + 50 + 70\\) and we consider \\(102 = 60\\% * 170\\) to be received by P."
        },
        {
            "type": "text",
            "bbox": [
                0.117,
                0.17,
                0.881,
                0.221
            ],
            "angle": 0,
            "content": "The cash situation is different. The group receives \\(114 = 50 + 50 + 20\\% * 70\\) and the \\(3^{\\text{rd}}\\) Parties receive in cash \\(56 = 80\\% * 70\\) instead of \\(68 = 40\\% * 170\\) as calculated in the consolidation process."
        },
        {
            "type": "text",
            "bbox": [
                0.117,
                0.234,
                0.88,
                0.284
            ],
            "angle": 0,
            "content": "So, the group should receive 12 more and the \\(3^{rd}\\) Parties 12 less and therefore the following consolidation adjustment needs to be booked in company A account."
        },
        {
            "type": "table",
            "bbox": [
                0.31,
                0.308,
                0.705,
                0.393
            ],
            "angle": 0,
            "content": "<table><tr><td></td><td>Debit</td><td>Credit</td></tr><tr><td>Reserves</td><td>12</td><td></td></tr><tr><td>Group result</td><td></td><td>12</td></tr><tr><td>3rd Parties result</td><td>12</td><td></td></tr><tr><td>Minority interests</td><td></td><td>12</td></tr></table>"
        },
        {
            "type": "text",
            "bbox": [
                0.117,
                0.411,
                0.735,
                0.429
            ],
            "angle": 0,
            "content": "This adjustment impacts all accounts with \\(100\\%\\) of the amount."
        },
        {
            "type": "text",
            "bbox": [
                0.117,
                0.443,
                0.881,
                0.51
            ],
            "angle": 0,
            "content": "Notice also that this adjustment has no impact on consolidated reserves and on minority interests, but only on the group result and the \\(3^{\\text{rd}}\\) Parties result by applying a simple transfer for the amount of 12. No other accounts in the P&L are concerned by that adjustment."
        },
        {
            "type": "text",
            "bbox": [
                0.119,
                0.524,
                0.764,
                0.542
            ],
            "angle": 0,
            "content": "Finally, the correct consolidated reserves evolution is the following"
        },
        {
            "type": "table",
            "bbox": [
                0.136,
                0.553,
                0.865,
                0.639
            ],
            "angle": 0,
            "content": "<table><tr><td></td><td>Year 2 reserves</td><td>Year 2 result</td><td>Dividends -</td><td>Dividends +</td><td>Dividends P</td><td>Year 3 reserves</td></tr><tr><td>P</td><td>1,100</td><td>186</td><td></td><td>114</td><td>(100)</td><td>1,300</td></tr><tr><td>A</td><td>120</td><td>102</td><td>(114)</td><td></td><td></td><td>108</td></tr><tr><td></td><td>1,220</td><td>288</td><td>(114)</td><td>114</td><td>(100)</td><td>1,408</td></tr></table>"
        },
        {
            "type": "title",
            "bbox": [
                0.119,
                0.669,
                0.449,
                0.687
            ],
            "angle": 0,
            "content": "Can this problem be avoided?"
        },
        {
            "type": "text",
            "bbox": [
                0.117,
                0.701,
                0.88,
                0.751
            ],
            "angle": 0,
            "content": "Yes, indeed because each year, we calculate a wrong contribution to the result. The adjustment booked once dividends are paid could be booked preventively at the end of each consolidation."
        }
    ],
    [
        {
            "type": "header",
            "bbox": [
                0.434,
                0.072,
                0.852,
                0.088
            ],
            "angle": 0,
            "content": "PART 4 SPECIAL CONSOLIDATION TOPICS"
        },
        {
            "type": "title",
            "bbox": [
                0.221,
                0.121,
                0.78,
                0.145
            ],
            "angle": 0,
            "content": "IN/OUT CONSOLIDATION SCOPE"
        },
        {
            "type": "title",
            "bbox": [
                0.101,
                0.165,
                0.582,
                0.189
            ],
            "angle": 0,
            "content": "3.1 Acquisition of a subgroup"
        },
        {
            "type": "text",
            "bbox": [
                0.1,
                0.207,
                0.867,
                0.257
            ],
            "angle": 0,
            "content": "On January 1, company P acquires \\(60\\%\\) of company A which owns subsidiary B. This company has been founded by company A a few years ago. In such situation, we say that company P acquires a subgroup."
        },
        {
            "type": "image",
            "bbox": [
                0.428,
                0.274,
                0.563,
                0.468
            ],
            "angle": 0,
            "content": null
        },
        {
            "type": "title",
            "bbox": [
                0.1,
                0.496,
                0.868,
                0.53
            ],
            "angle": 0,
            "content": "There are some important questions to consider before consolidating this subgroup for the first time"
        },
        {
            "type": "text",
            "bbox": [
                0.1,
                0.545,
                0.866,
                0.61
            ],
            "angle": 0,
            "content": "Which accounts do we receive (or accept)? If A already consolidates since a number of years, it could indeed be interesting or easy to accept consolidated accounts for the subgroup A+B instead of consolidating individually these two new companies."
        },
        {
            "type": "text",
            "bbox": [
                0.1,
                0.625,
                0.866,
                0.675
            ],
            "angle": 0,
            "content": "If we integrate \\( A + B \\) consolidated accounts, are we sure the consolidation has been made with respect to the evaluation rules issued at company P level. P consolidation could be IFRS but not \\( A + B \\), or the opposite."
        },
        {
            "type": "text",
            "bbox": [
                0.1,
                0.689,
                0.866,
                0.755
            ],
            "angle": 0,
            "content": "Supposing the evaluation rules are the same, there is a history in \\( A + B \\). Initial goodwill, revaluation of some assets, new provisions, translation adjustments, ... all booked through consolidation adjustments. Is it normal to take over all these adjustments in group P consolidation? Not sure at all!"
        },
        {
            "type": "text",
            "bbox": [
                0.101,
                0.77,
                0.866,
                0.803
            ],
            "angle": 0,
            "content": "Moreover, we lose some transparency because the contribution in consolidated information will show A+B but not A and B individually."
        },
        {
            "type": "text",
            "bbox": [
                0.1,
                0.817,
                0.866,
                0.852
            ],
            "angle": 0,
            "content": "By consolidating that subgroup for the first time, the goodwill or badwill will be naturally calculated on \\( A + B \\) consolidated equity."
        }
    ],
    [
        {
            "type": "header",
            "bbox": [
                0.122,
                0.066,
                0.375,
                0.081
            ],
            "angle": 0,
            "content": "DIRECT CONSOLIDATION"
        },
        {
            "type": "text",
            "bbox": [
                0.118,
                0.12,
                0.886,
                0.169
            ],
            "angle": 0,
            "content": "If there is a goodwill, such a \"black box\" will make difficult to book an allocation of this goodwill on some assets in A which are consolidated with those of B."
        },
        {
            "type": "text",
            "bbox": [
                0.119,
                0.184,
                0.886,
                0.248
            ],
            "angle": 0,
            "content": "A final question under this assumption is to know what could be the future of company B. If the interesting company for group P is A, company B could be disposed to \\(3^{\\text{rd}}\\) Parties in a short term. Integrating consolidated A+B figures should then be avoided."
        },
        {
            "type": "text",
            "bbox": [
                0.118,
                0.264,
                0.884,
                0.314
            ],
            "angle": 0,
            "content": "If we consolidate individual accounts, goodwill/badwill calculated separately on A and B wouldn't be correct because there is a unique transaction to acquire a subgroup and not two companies."
        },
        {
            "type": "text",
            "bbox": [
                0.119,
                0.328,
                0.884,
                0.378
            ],
            "angle": 0,
            "content": "Whether we consolidate companies A and B on a direct basis or not, with a unique goodwill/badwill, we would recommend to split the value on A and B in case company B is disposed and not A."
        },
        {
            "type": "text",
            "bbox": [
                0.118,
                0.393,
                0.886,
                0.49
            ],
            "angle": 0,
            "content": "A last comment concerns the possibility that company P acquires shares of company B, taking a direct participation. This would not be advisable, but we never now. Supposing we consolidate on the A+B consolidated basis, this new group structure would become difficult to manage because we would know the value of the financial investment from P into B without knowing the exact value of the equity of B, hidden in A+B."
        },
        {
            "type": "text",
            "bbox": [
                0.119,
                0.505,
                0.841,
                0.523
            ],
            "angle": 0,
            "content": "We will solve our case study by integrating separately companies A and B."
        },
        {
            "type": "title",
            "bbox": [
                0.119,
                0.537,
                0.618,
                0.554
            ],
            "angle": 0,
            "content": "Adjusted statutory accounts of each company"
        },
        {
            "type": "text",
            "bbox": [
                0.119,
                0.569,
                0.821,
                0.587
            ],
            "angle": 0,
            "content": "Let's consider the statutory accounts already adjusted with the goodwill."
        },
        {
            "type": "table",
            "bbox": [
                0.233,
                0.605,
                0.737,
                0.844
            ],
            "angle": 0,
            "content": "<table><tr><td colspan=\"4\">P</td></tr><tr><td rowspan=\"2\">Goodwill</td><td rowspan=\"2\">(a) 102(b) 42</td><td>Capital</td><td>3,000</td></tr><tr><td>Reserves</td><td>1,000</td></tr><tr><td>Fin. Inv./A</td><td>(a) 1,500(b) (102)(42)</td><td>Result</td><td>200</td></tr><tr><td>Other assets</td><td>4,500</td><td>Other liabilities</td><td>1,800</td></tr><tr><td colspan=\"4\">A</td></tr><tr><td rowspan=\"3\">Fin. Inv./B</td><td rowspan=\"3\">800</td><td>Capital</td><td>2,000</td></tr><tr><td>Reserves</td><td>500</td></tr><tr><td>Result</td><td>100</td></tr><tr><td>Other assets</td><td>4,200</td><td>Other liabilities</td><td>2,400</td></tr></table>"
        }
    ],
    [
        {
            "type": "header",
            "bbox": [
                0.435,
                0.07,
                0.854,
                0.086
            ],
            "angle": 0,
            "content": "PART 4 SPECIAL CONSOLIDATION TOPICS"
        },
        {
            "type": "table",
            "bbox": [
                0.217,
                0.116,
                0.722,
                0.201
            ],
            "angle": 0,
            "content": "<table><tr><td colspan=\"3\">B</td></tr><tr><td></td><td>Capital</td><td>1,000</td></tr><tr><td></td><td>Reserves</td><td>(300)</td></tr><tr><td></td><td>Result</td><td>(100)</td></tr><tr><td>Other assets</td><td>3,000</td><td>Other liabilities</td></tr></table>"
        },
        {
            "type": "title",
            "bbox": [
                0.1,
                0.216,
                0.327,
                0.232
            ],
            "angle": 0,
            "content": "Goodwill calculation"
        },
        {
            "type": "text",
            "bbox": [
                0.099,
                0.248,
                0.869,
                0.281
            ],
            "angle": 0,
            "content": "The goodwill is the difference between the acquisition price, 1500, and the consolidated equity of the subgroup."
        },
        {
            "type": "text",
            "bbox": [
                0.1,
                0.296,
                0.411,
                0.312
            ],
            "angle": 0,
            "content": "The calculation is detailed here."
        },
        {
            "type": "text",
            "bbox": [
                0.099,
                0.328,
                0.492,
                0.442
            ],
            "angle": 0,
            "content": "This consolidated equity is calculated as in a normal consolidation of A and B, company A playing temporarily the role of a parent or consolidating company. Moreover, the equity to consider is the one as of January \\(1^{st}\\), so without the result of the year."
        },
        {
            "type": "table",
            "bbox": [
                0.506,
                0.293,
                0.861,
                0.316
            ],
            "angle": 0,
            "content": "<table><tr><td>Acquisition price</td><td>1,500</td></tr></table>"
        },
        {
            "type": "table",
            "bbox": [
                0.506,
                0.329,
                0.861,
                0.414
            ],
            "angle": 0,
            "content": "<table><tr><td>Equity (A)</td><td>2,500</td></tr><tr><td>Consolidated reserves B</td><td></td></tr><tr><td>E uit A+B</td><td></td></tr><tr><td>Grou-% ac.uired</td><td>60%</td></tr><tr><td>Grou e uit ac.uired</td><td></td></tr></table>"
        },
        {
            "type": "table",
            "bbox": [
                0.506,
                0.423,
                0.861,
                0.446
            ],
            "angle": 0,
            "content": "<table><tr><td>Goodwill</td><td>144</td></tr></table>"
        },
        {
            "type": "text",
            "bbox": [
                0.1,
                0.454,
                0.641,
                0.474
            ],
            "angle": 0,
            "content": "For information, (240) \\(= 80\\%\\) \\* [1000 + (300)] - 800."
        },
        {
            "type": "text",
            "bbox": [
                0.099,
                0.489,
                0.868,
                0.554
            ],
            "angle": 0,
            "content": "This goodwill is then split into two parts, one related to A and one related to B in case of selling B separately. The criteria to use has to be proposed and accepted by the Auditors and, in our case, we would weight the goodwill according to the net equity of A and B as follows"
        },
        {
            "type": "text",
            "bbox": [
                0.14,
                0.569,
                0.635,
                0.586
            ],
            "angle": 0,
            "content": "- Opening net equity of \\( A = 1700 = 2500 - 800 \\)"
        },
        {
            "type": "text",
            "bbox": [
                0.14,
                0.601,
                0.482,
                0.618
            ],
            "angle": 0,
            "content": "- Opening net equity of \\( \\mathrm{B} = {700} \\)"
        },
        {
            "type": "list",
            "bbox": [
                0.14,
                0.569,
                0.635,
                0.618
            ],
            "angle": 0,
            "content": null
        },
        {
            "type": "text",
            "bbox": [
                0.102,
                0.634,
                0.492,
                0.651
            ],
            "angle": 0,
            "content": "giving a total net equity of 2400 and so"
        },
        {
            "type": "text",
            "bbox": [
                0.14,
                0.662,
                0.695,
                0.684
            ],
            "angle": 0,
            "content": "Goodwill attached to \\( A = 102 = 144^* \\) (1700/2400)"
        },
        {
            "type": "text",
            "bbox": [
                0.14,
                0.695,
                0.672,
                0.715
            ],
            "angle": 0,
            "content": "Goodwill attached to \\(\\mathsf{B} = 42 = 144^{\\star}\\) (700/2400)"
        },
        {
            "type": "list",
            "bbox": [
                0.14,
                0.662,
                0.695,
                0.715
            ],
            "angle": 0,
            "content": null
        },
        {
            "type": "text",
            "bbox": [
                0.102,
                0.73,
                0.625,
                0.748
            ],
            "angle": 0,
            "content": "which explains consolidation adjustments (a) and (b)."
        }
    ]
]