[
    {
        "type": "table",
        "img_path": "images/771c77d9879e88ec56b1cefffbbfd02b11d9a8ef14d5321212e74d1ab767ebcd.jpg",
        "table_caption": [],
        "table_footnote": [],
        "table_body": "<table><tr><td></td><td colspan=\"6\">Year 2</td><td>Year 1</td></tr><tr><td>CONTRIBUTION</td><td>ALPHA</td><td>BETA</td><td>GAMMR</td><td>DELTA</td><td>MU</td><td>CONSO</td><td>CONSO</td></tr><tr><td colspan=\"8\"></td></tr><tr><td>Goodwill (gross val.)</td><td>800</td><td>220</td><td>0</td><td>0</td><td>0</td><td>1,020</td><td>1,200</td></tr><tr><td>Goodwill (deprec.)</td><td>(700)</td><td>(22)</td><td>0</td><td>0</td><td>0</td><td>(722)</td><td>(860)</td></tr><tr><td>Lands</td><td>0</td><td>1,000</td><td>0</td><td>0</td><td>0</td><td>1,000</td><td>2,000</td></tr><tr><td>Tangible assets (acq.val.)</td><td>0</td><td>5,000</td><td>0</td><td>7,200</td><td>6,000</td><td>18,200</td><td>14,400</td></tr><tr><td>Tangible assets (deprec.)</td><td>0</td><td>(2,200)</td><td>0</td><td>(4,320)</td><td>(3,000)</td><td>(9,520)</td><td>(5,500)</td></tr><tr><td>Fin.invest./BETA</td><td>0</td><td>0</td><td>0</td><td>0</td><td>0</td><td>0</td><td>0</td></tr><tr><td>Fin.invest./GAMMA</td><td>0</td><td>0</td><td>0</td><td>0</td><td>0</td><td>0</td><td>0</td></tr><tr><td>Fin.invest./DELTA</td><td>0</td><td>0</td><td>0</td><td>0</td><td>0</td><td>0</td><td>0</td></tr><tr><td>Fin.invest./MU</td><td>0</td><td>0</td><td>0</td><td>0</td><td>0</td><td>0</td><td>0</td></tr><tr><td>Equity value</td><td>0</td><td>0</td><td>270</td><td>0</td><td>0</td><td>270</td><td>0</td></tr><tr><td>Receivables/3rd Parties</td><td>1,600</td><td>7,000</td><td>0</td><td>12,600</td><td>3,000</td><td>24,200</td><td>14,900</td></tr><tr><td>Receivables/DELTA</td><td>0</td><td>0</td><td>0</td><td>0</td><td>0</td><td>0</td><td>0</td></tr><tr><td>Cash</td><td>1,500</td><td>1,000</td><td>0</td><td>4,320</td><td>2,000</td><td>8,820</td><td>7,600</td></tr><tr><td>Link account(Intercos)</td><td>1,000</td><td>0</td><td>0</td><td>(1,000)</td><td>0</td><td>0</td><td>0</td></tr><tr><td>Link account(Fin.Inv.)</td><td>11,100</td><td>(3,876)</td><td>(600)</td><td>(3,600)</td><td>(3,024)</td><td>0</td><td>0</td></tr><tr><td></td><td>15,300</td><td>8,122</td><td>(330)</td><td>15,200</td><td>4,976</td><td>43,268</td><td>33,740</td></tr><tr><td colspan=\"8\"></td></tr><tr><td>Capital</td><td>5,000</td><td>0</td><td>0</td><td>0</td><td>0</td><td>5,000</td><td>5,000</td></tr><tr><td>Retained earnings</td><td>3,100</td><td>0</td><td>0</td><td>0</td><td>0</td><td>3,100</td><td>3,000</td></tr><tr><td>Reserves</td><td>(652)</td><td>0</td><td>0</td><td>0</td><td>0</td><td>(652)</td><td>(620)</td></tr><tr><td>Resu.</td><td>752</td><td>0</td><td>0</td><td>0</td><td>0</td><td>752</td><td>160</td></tr><tr><td>Consolidated reserves</td><td>0</td><td>522</td><td>(330)</td><td>3,405</td><td>216</td><td>3,813</td><td>2,808</td></tr><tr><td>Translation adjustments</td><td>0</td><td>0</td><td>0</td><td>360</td><td>0</td><td>360</td><td>(546)</td></tr><tr><td>Minority interests</td><td>0</td><td>1,100</td><td>0</td><td>4,910</td><td>1,260</td><td>7,270</td><td>5,658</td></tr><tr><td>Provisions</td><td>1,200</td><td>600</td><td>0</td><td>1,530</td><td>0</td><td>3,330</td><td>2,380</td></tr><tr><td>Payables/3rd Parties</td><td>5,900</td><td>5,900</td><td>0</td><td>4,995</td><td>3,500</td><td>20,295</td><td>15,900</td></tr><tr><td>Payables/ALPHA</td><td>0</td><td>0</td><td>0</td><td>0</td><td>0</td><td>0</td><td>0</td></tr><tr><td></td><td>15,300</td><td>8,122</td><td>(330)</td><td>15,200</td><td>4,976</td><td>43,268</td><td>33,740</td></tr><tr><td colspan=\"8\"></td></tr><tr><td>Turnover/3rd Parties</td><td>12,000</td><td>30,000</td><td>0</td><td>24,000</td><td>4,000</td><td>70,000</td><td>81,000</td></tr><tr><td>Turnover/DELTA</td><td>0</td><td>0</td><td>0</td><td>0</td><td>0</td><td>0</td><td>0</td></tr><tr><td>Dividends/DELTA</td><td>0</td><td>0</td><td>0</td><td>0</td><td>0</td><td>0</td><td>0</td></tr><tr><td>Exchange gain(unrealized)</td><td>0</td><td>0</td><td>0</td><td>125</td><td>0</td><td>125</td><td>0</td></tr><tr><td>Gain on disposals</td><td>380</td><td>0</td><td>0</td><td>0</td><td>0</td><td>380</td><td>0</td></tr><tr><td>Purchases/3rd Parties</td><td>(14,250)</td><td>(28,400)</td><td>0</td><td>(19,440)</td><td>(3,400)</td><td>(65,490)</td><td>178,620)</td></tr><tr><td>Purchases/ALPHA</td><td>0</td><td>0</td><td>0</td><td>0</td><td>0</td><td>0</td><td>0</td></tr><tr><td>Depreciations</td><td>(160)</td><td>(722)</td><td>0</td><td>(480)</td><td>(300)</td><td>(1,662)</td><td>(1,500)</td></tr><tr><td>Provisions</td><td>(200)</td><td>(100)</td><td>0</td><td>(360)</td><td>0</td><td>(660)</td><td>(290)</td></tr><tr><td>Exchange loss(realized)</td><td>(18)</td><td>0</td><td>0</td><td>(120)</td><td>0</td><td>(138)</td><td>0</td></tr><tr><td>Loss on disposals</td><td>0</td><td>0</td><td>0</td><td>0</td><td>0</td><td>0</td><td>0</td></tr><tr><td>Loss on equity cies</td><td>0</td><td>0</td><td>(60)</td><td>0</td><td>0</td><td>(60)</td><td>0</td></tr><tr><td>Link account(Intercos)</td><td>3,000</td><td>0</td><td>0</td><td>(3,000)</td><td>0</td><td>0</td><td>0</td></tr><tr><td>Result</td><td>752</td><td>778</td><td>(60)</td><td>725</td><td>300</td><td>2,495,</td><td>590</td></tr><tr><td>Group result</td><td>752</td><td>622</td><td>(60)</td><td>435</td><td>216</td><td>1,965</td><td>418</td></tr><tr><td>Minority result</td><td>0</td><td>156</td><td>0</td><td>290</td><td>84</td><td>530</td><td>172</td></tr></table>",
        "bbox": [
            114,
            151,
            872,
            750
        ],
        "page_idx": 0
    },
    {
        "type": "header",
        "text": "DIRECT CONSOLIDATION",
        "bbox": [
            116,
            68,
            366,
            82
        ],
        "page_idx": 0
    },
    {
        "type": "text",
        "text": "Both Year 2 contribution and Year 1 consolidated accounts are displayed for comparison reasons.",
        "bbox": [
            103,
            121,
            869,
            156
        ],
        "page_idx": 1
    },
    {
        "type": "text",
        "text": "Here are the most important comments we can make:",
        "bbox": [
            103,
            169,
            635,
            185
        ],
        "page_idx": 1
    },
    {
        "type": "list",
        "sub_type": "text",
        "list_items": [
            "- The gross value goodwill has decreased because of the disposal of the  \\(40\\%\\)  shares of GAMMA",
            "However, there is a new goodwill booked in BETA accounts concerning the acquisition of company MU",
            "- Lands account is changing from 2000 to 1000 thanks to the fact that GAMMA is now consolidated with the equity method. Moreover, the group disposal from ALPHA to BETA has no impact on the Year 2 consolidated accounts.",
            "- There is now an equity value in the assets again because of the Equity method applied to GAMMA",
            "- All intercompany receivables and payables, including Link accounts, are set to zero",
            "- There is an important increase of the translation adjustments account from (546) to 360 because closing rate is increasing from 0.7 to 0.9. This is a quick check to realise that the consolidated figures behave globally as expected.",
            "- GAMMA contribution to the consolidated accounts in Year 2 is zero, except for Equity value, Consolidated reserves and Loss on equity method companies."
        ],
        "bbox": [
            143,
            201,
            869,
            603
        ],
        "page_idx": 1
    },
    {
        "type": "header",
        "text": "PART 6 CONSOLIDATION CASE STUDY",
        "bbox": [
            434,
            73,
            854,
            89
        ],
        "page_idx": 1
    },
    {
        "type": "text",
        "text": "5 EVOLUTION OF CONSOLIDATED ACCOUNTS",
        "text_level": 1,
        "bbox": [
            115,
            124,
            771,
            173
        ],
        "page_idx": 2
    },
    {
        "type": "text",
        "text": "In this chapter, we successively analyse the evolution of",
        "bbox": [
            113,
            192,
            665,
            211
        ],
        "page_idx": 2
    },
    {
        "type": "list",
        "sub_type": "text",
        "list_items": [
            "Consolidated reserves",
            "Minority interests",
            "Translation adjustments",
            "Equity value in the assets"
        ],
        "bbox": [
            161,
            224,
            451,
            337
        ],
        "page_idx": 2
    },
    {
        "type": "text",
        "text": "for the following reasons",
        "bbox": [
            115,
            353,
            359,
            370
        ],
        "page_idx": 2
    },
    {
        "type": "list",
        "sub_type": "text",
        "list_items": [
            "- Notes to the accounts are required for IFRS and most of the Local Gaap",
            "- Justifying evolution of these items by giving a financial or economical signification to each element provides a certain guarantee that the consolidation is \"technically\" correct and auditable",
            "- All Auditors require this information, even if we must sometimes admit, particularly for Minority interests and Translation adjustments, that the exercise asked is more to demonstrate that the consolidation is mastered rather than to prove the importance of the information content."
        ],
        "bbox": [
            153,
            385,
            873,
            578
        ],
        "page_idx": 2
    },
    {
        "type": "text",
        "text": "Consolidated reserves evolution",
        "text_level": 2,
        "bbox": [
            115,
            592,
            468,
            611
        ],
        "page_idx": 2
    },
    {
        "type": "text",
        "text": "Here is the classical report we produce for our case study.",
        "bbox": [
            115,
            624,
            678,
            643
        ],
        "page_idx": 2
    },
    {
        "type": "table",
        "img_path": "images/b1feb8cbbe58cc54db58fb12e6a5536f5fe794d5057b704750f40ea56a8727e0.jpg",
        "table_caption": [],
        "table_footnote": [],
        "table_body": "<table><tr><td></td><td>Reserves Year 1</td><td>Result Year 2</td><td>Dividends paid</td><td>Dividends received</td><td>Transfers</td><td>Parent dividends</td><td>Total</td><td>Reserves Year 2</td><td>Check</td></tr><tr><td>ALPHA</td><td>2,540</td><td>752</td><td></td><td>168</td><td>40</td><td>(300)</td><td>3,200</td><td>3,200</td><td>0</td></tr><tr><td>BETA</td><td>300</td><td>622</td><td></td><td></td><td>(400)</td><td></td><td>522</td><td>522</td><td>(0)</td></tr><tr><td>GAMMA</td><td>(630)</td><td>(60)</td><td></td><td></td><td>360</td><td></td><td>(330)</td><td>(330)</td><td>0</td></tr><tr><td>DELTA</td><td>3,138</td><td>435</td><td>(168)</td><td></td><td>0</td><td></td><td>3,405</td><td>3,405</td><td>0</td></tr><tr><td>MU</td><td>0</td><td>216</td><td></td><td></td><td>0</td><td></td><td>216</td><td>216</td><td>0</td></tr><tr><td></td><td>5,348</td><td>1,965</td><td>(168)</td><td>168</td><td>0</td><td>(300)</td><td>7,013</td><td>7,013</td><td>(0)</td></tr></table>",
        "bbox": [
            117,
            659,
            907,
            764
        ],
        "page_idx": 2
    },
    {
        "type": "text",
        "text": "Reserves Year 1",
        "text_level": 3,
        "bbox": [
            117,
            778,
            279,
            795
        ],
        "page_idx": 2
    },
    {
        "type": "text",
        "text": "The amounts of this column can be found in the Year 1 contribution report on line \"Consolidated reserves\" for each subsidiary. For company ALPHA, the amount is the sum of Retained earnings, Reserves and Result accounts for",
        "bbox": [
            115,
            808,
            873,
            859
        ],
        "page_idx": 2
    },
    {
        "type": "header",
        "text": "DIRECT CONSOLIDATION",
        "bbox": [
            117,
            68,
            369,
            84
        ],
        "page_idx": 2
    },
    {
        "type": "text",
        "text": "\\(2540 = 3000 + (620) + 160\\) . Of course, company MU is not consolidated in Year 1 and so its consolidated reserves appear for zero.",
        "bbox": [
            99,
            121,
            870,
            156
        ],
        "page_idx": 3
    },
    {
        "type": "text",
        "text": "Result Year 2",
        "text_level": 2,
        "bbox": [
            99,
            171,
            237,
            187
        ],
        "page_idx": 3
    },
    {
        "type": "text",
        "text": "These amounts will be found in the Year 2 contribution on the \"Group result\" line, just one line before the last line.",
        "bbox": [
            99,
            202,
            870,
            236
        ],
        "page_idx": 3
    },
    {
        "type": "text",
        "text": "Dividends paid",
        "text_level": 3,
        "bbox": [
            99,
            250,
            250,
            266
        ],
        "page_idx": 3
    },
    {
        "type": "text",
        "text": "The only subsidiary paying dividends is DELTA for  \\((168) = 60\\% * (400)^{*} 0.7\\) . It is the group part of the dividends translated at average rate of Year 1 that we show in this column.",
        "bbox": [
            99,
            281,
            870,
            332
        ],
        "page_idx": 3
    },
    {
        "type": "text",
        "text": "Dividends received",
        "text_level": 3,
        "bbox": [
            101,
            348,
            290,
            363
        ],
        "page_idx": 3
    },
    {
        "type": "text",
        "text": "We know that these dividends are received by company ALPHA and for the same amount of 168, even if the amount of cash received is different, as 150 in our case study.",
        "bbox": [
            99,
            379,
            870,
            429
        ],
        "page_idx": 3
    },
    {
        "type": "text",
        "text": "These two last columns together must be equal to zero. It is a check to make.",
        "bbox": [
            99,
            442,
            860,
            461
        ],
        "page_idx": 3
    },
    {
        "type": "text",
        "text": "Transfers",
        "text_level": 3,
        "bbox": [
            101,
            475,
            199,
            492
        ],
        "page_idx": 3
    },
    {
        "type": "text",
        "text": "This column may include many transfers of reserves, depending on the consolidation complexity.",
        "bbox": [
            99,
            508,
            870,
            542
        ],
        "page_idx": 3
    },
    {
        "type": "text",
        "text": "We recommend to keep a single column so as to maintain a reasonable size for this report and to link another report with as many columns of single transfers as necessary.",
        "bbox": [
            99,
            555,
            870,
            605
        ],
        "page_idx": 3
    },
    {
        "type": "text",
        "text": "Here is this linked report which shows two transfers.",
        "bbox": [
            101,
            620,
            614,
            637
        ],
        "page_idx": 3
    },
    {
        "type": "table",
        "img_path": "images/4178edd3bb3356757331753dd90ef8777efd4cb4fe9472668f6d7c1f6bbb4611.jpg",
        "table_caption": [],
        "table_footnote": [],
        "table_body": "<table><tr><td></td><td>Transfer (1)</td><td>Transfer (2)</td><td>Total transfers</td></tr><tr><td>ALPHA</td><td>400</td><td>(360)</td><td>40</td></tr><tr><td>BETA</td><td>(400)</td><td></td><td>(400)</td></tr><tr><td>GAMMA</td><td></td><td>360</td><td>360</td></tr><tr><td>DELTA</td><td></td><td></td><td>0</td></tr><tr><td>MU</td><td></td><td></td><td>0</td></tr><tr><td></td><td>0</td><td>0</td><td>0</td></tr></table>",
        "bbox": [
            103,
            648,
            417,
            758
        ],
        "page_idx": 3
    },
    {
        "type": "text",
        "text": "Transfer (1) concerns the elimination of the group profit made by selling lands from ALPHA to BETA with a group profit of 500.",
        "bbox": [
            430,
            652,
            868,
            702
        ],
        "page_idx": 3
    },
    {
        "type": "text",
        "text": "We booked an elimination of profit for 400  \\(= 80\\%\\) \\(\\star\\)  500 in ALPHA accounts with a counterpart in the Reserves. At the same",
        "bbox": [
            430,
            715,
            868,
            763
        ],
        "page_idx": 3
    },
    {
        "type": "text",
        "text": "time, we eliminated a profit of 500 on thk Lands account of BETA, again with a counterpart in the Reserves.",
        "bbox": [
            99,
            765,
            866,
            797
        ],
        "page_idx": 3
    },
    {
        "type": "text",
        "text": "By proceeding this way, ALPHA Reserves account increases by 400 and BETA Reserves account decreases by (400).",
        "bbox": [
            99,
            813,
            866,
            848
        ],
        "page_idx": 3
    },
    {
        "type": "header",
        "text": "PART 6 CONSOLIDATION CASE STUDY",
        "bbox": [
            432,
            74,
            853,
            90
        ],
        "page_idx": 3
    },
    {
        "type": "text",
        "text": "Transfer (2) concerns the disposal of  \\(40\\%\\)  shares of GAMMA to  \\(3^{\\text{rd}}\\)  Parties. Each time there is a disposal of consolidated shares, a corresponding part of consolidated reserves of the company disappears and the counterpart is found in the \"seller\" company.",
        "bbox": [
            118,
            122,
            879,
            188
        ],
        "page_idx": 4
    },
    {
        "type": "text",
        "text": "In our case study, the Year 1 consolidated reserves of GAMMA are (630) and a part of  \\(360 = 630 * [40\\% / 70\\%]\\)  disappears and is transferred on ALPHA line.",
        "bbox": [
            118,
            204,
            879,
            251
        ],
        "page_idx": 4
    },
    {
        "type": "text",
        "text": "Parent dividends",
        "text_level": 2,
        "bbox": [
            118,
            267,
            280,
            284
        ],
        "page_idx": 4
    },
    {
        "type": "text",
        "text": "This column shows the dividends paid by parent company ALPHA to its shareholders for 300. This amount of cash is leaving the group, on the contrary of subsidiary dividends which move from one company to another but remain in the group.",
        "bbox": [
            118,
            298,
            879,
            364
        ],
        "page_idx": 4
    },
    {
        "type": "text",
        "text": "Total",
        "text_level": 3,
        "bbox": [
            118,
            380,
            170,
            396
        ],
        "page_idx": 4
    },
    {
        "type": "text",
        "text": "This column is just totaling the amounts of each line starting with Year 1 reserves.",
        "bbox": [
            118,
            412,
            879,
            443
        ],
        "page_idx": 4
    },
    {
        "type": "text",
        "text": "Reserves Year 2",
        "text_level": 2,
        "bbox": [
            118,
            459,
            280,
            475
        ],
        "page_idx": 4
    },
    {
        "type": "text",
        "text": "These amounts can be found in the Year 2 contribution like we explained for Year 1.",
        "bbox": [
            118,
            491,
            879,
            524
        ],
        "page_idx": 4
    },
    {
        "type": "text",
        "text": "Check",
        "text_level": 3,
        "bbox": [
            118,
            540,
            181,
            556
        ],
        "page_idx": 4
    },
    {
        "type": "text",
        "text": "We usually add this column which calculates the difference between 'Reserves Year 2\" and \"Total\". We must find zero on each line.",
        "bbox": [
            118,
            572,
            871,
            604
        ],
        "page_idx": 4
    },
    {
        "type": "text",
        "text": "This is the final check to conclude that the consolidation is technically correct and auditable, speaking about the consolidated reserves.",
        "bbox": [
            118,
            620,
            879,
            653
        ],
        "page_idx": 4
    },
    {
        "type": "text",
        "text": "Minority interests evolution",
        "text_level": 2,
        "bbox": [
            118,
            667,
            419,
            685
        ],
        "page_idx": 4
    },
    {
        "type": "text",
        "text": "Most of the time, the Minority interests evolution appears to be more technical and difficult to explain. The number of columns depends on the group transactions and the changes in structure.",
        "bbox": [
            118,
            701,
            879,
            749
        ],
        "page_idx": 4
    },
    {
        "type": "text",
        "text": "Let's consider its application to our case study.",
        "bbox": [
            118,
            765,
            571,
            781
        ],
        "page_idx": 4
    },
    {
        "type": "header",
        "text": "DIRECT CONSOLIDATION",
        "bbox": [
            118,
            68,
            369,
            84
        ],
        "page_idx": 4
    },
    {
        "type": "table",
        "img_path": "images/870dbf9a03c6ce08f01557c5bc7ce7332d5b331ce8aac75a23c29ef078880949.jpg",
        "table_caption": [],
        "table_footnote": [],
        "table_body": "<table><tr><td></td><td>Minority interests Year 1</td><td>Result Year 2</td><td>Dividends paid</td><td>CTA</td><td>Change in conso method</td><td>Entry in conso scope</td><td>Others</td><td>Total</td><td>Minority interests Year 2</td><td>Check</td></tr><tr><td>BETA</td><td>1,200</td><td>156</td><td></td><td></td><td>(330)</td><td></td><td>(256)</td><td>1,100</td><td>1,100</td><td>0</td></tr><tr><td>GAMMA</td><td>330</td><td>0</td><td></td><td></td><td></td><td></td><td></td><td>0</td><td>0</td><td>0</td></tr><tr><td>DELTA</td><td>4,128</td><td>290</td><td>(112)</td><td>604</td><td></td><td></td><td></td><td>4,910</td><td>4,910</td><td>0</td></tr><tr><td>MU</td><td>0</td><td>84</td><td></td><td></td><td></td><td>1,176</td><td></td><td>1,260</td><td>1,260</td><td>0</td></tr><tr><td></td><td>5,658</td><td>530</td><td>(112)</td><td>604</td><td>(330)</td><td>1,176</td><td>(256)</td><td>7,270</td><td>7,270</td><td>0</td></tr></table>",
        "bbox": [
            107,
            119,
            871,
            213
        ],
        "page_idx": 5
    },
    {
        "type": "text",
        "text": "Minority interests Year 1",
        "text_level": 3,
        "bbox": [
            107,
            230,
            345,
            245
        ],
        "page_idx": 5
    },
    {
        "type": "text",
        "text": "The corresponding amounts can be found in the Year 1 contribution report on the line \"Minority interests\".",
        "bbox": [
            107,
            261,
            867,
            293
        ],
        "page_idx": 5
    },
    {
        "type": "text",
        "text": "Result Year 2",
        "text_level": 3,
        "bbox": [
            107,
            309,
            238,
            324
        ],
        "page_idx": 5
    },
    {
        "type": "text",
        "text": "These amounts can be found on the last line of the Year 2 contribution report.",
        "bbox": [
            107,
            342,
            858,
            356
        ],
        "page_idx": 5
    },
    {
        "type": "text",
        "text": "Dividends paid",
        "text_level": 3,
        "bbox": [
            107,
            374,
            251,
            388
        ],
        "page_idx": 5
    },
    {
        "type": "text",
        "text": "This amount is the dividends paid to  \\(3^{rd}\\)  Parties as  \\((112) = 40\\%\\)  * (400) ** 0.7. Of course, as we don't consolidate the  \\(3^{rd}\\)  Parties group, we don't have a similar presentation as for consolidated reserves.",
        "bbox": [
            107,
            404,
            867,
            454
        ],
        "page_idx": 5
    },
    {
        "type": "text",
        "text": "CTA",
        "text_level": 3,
        "bbox": [
            107,
            470,
            149,
            486
        ],
        "page_idx": 5
    },
    {
        "type": "text",
        "text": "We know that  \\(3^{\\text{rd}}\\)  Parties are taking their percentage in the currency translation adjustments, including opening, closing and evolution amount.",
        "bbox": [
            107,
            502,
            867,
            533
        ],
        "page_idx": 5
    },
    {
        "type": "text",
        "text": "In our case study, this evolution amount is  \\(604 = 40\\% * [600 - (910)]\\) , where 600 is the closing amount and (910) is the opening amount. These two amounts can be found in Year 2 and Year 1 DELTA consolidation adjustments explained above.",
        "bbox": [
            107,
            549,
            867,
            614
        ],
        "page_idx": 5
    },
    {
        "type": "text",
        "text": "Chanae in consolidation method",
        "text_level": 3,
        "bbox": [
            107,
            631,
            419,
            646
        ],
        "page_idx": 5
    },
    {
        "type": "text",
        "text": "This amount represents the Year 1 contribution of company GAMMA that disappears because the company is not consolidated by the global integration method any more.",
        "bbox": [
            107,
            663,
            867,
            711
        ],
        "page_idx": 5
    },
    {
        "type": "text",
        "text": "Entry in consolidation scope",
        "text_level": 3,
        "bbox": [
            107,
            726,
            379,
            742
        ],
        "page_idx": 5
    },
    {
        "type": "text",
        "text": "The new company MU is entering the consolidation scope with the global integration method and a minority percentage of  \\(28\\% = 100\\% - [80\\% * 90\\%]\\) . This percentage applies to the equity at the date of entering the scope, giving  \\(1176 = 28\\%\\) \\([3000 + 1000 + 200]\\) .",
        "bbox": [
            107,
            758,
            867,
            824
        ],
        "page_idx": 5
    },
    {
        "type": "header",
        "text": "PART 6 CONSOLIDATION CASE STUDY",
        "bbox": [
            436,
            74,
            852,
            89
        ],
        "page_idx": 5
    },
    {
        "type": "text",
        "text": "Others",
        "text_level": 2,
        "bbox": [
            113,
            122,
            185,
            137
        ],
        "page_idx": 6
    },
    {
        "type": "text",
        "text": "This column concerns different variations that are split in the following report which is linked to the main one. As we are going to see, the amounts are related to some consolidation adjustments.",
        "bbox": [
            113,
            153,
            877,
            203
        ],
        "page_idx": 6
    },
    {
        "type": "table",
        "img_path": "images/9b0cd42b6e104356a2c661d80fe67055a57ecd7d12c96f740c9ced5d132f1b40.jpg",
        "table_caption": [],
        "table_footnote": [],
        "table_body": "<table><tr><td></td><td>Others (1)</td><td>Others (2)</td><td>Others (3)</td><td>Total</td><td rowspan=\"6\">Others (1) shows the minority interests taken in the adjustment eliminating the group profit of 500 in the Lands account. That is (100) = 20% * (500).</td></tr><tr><td>BETA</td><td>(100)</td><td>(756)</td><td>600</td><td>(256)</td></tr><tr><td>GAMMA</td><td></td><td></td><td></td><td>0</td></tr><tr><td>DELTA</td><td></td><td></td><td></td><td>0</td></tr><tr><td>M.U</td><td></td><td></td><td></td><td>0</td></tr><tr><td></td><td>(100)</td><td>(756)</td><td>600</td><td>(256)</td></tr></table>",
        "bbox": [
            116,
            213,
            877,
            295
        ],
        "page_idx": 6
    },
    {
        "type": "text",
        "text": "Others (2)",
        "text_level": 3,
        "bbox": [
            113,
            314,
            223,
            330
        ],
        "page_idx": 6
    },
    {
        "type": "text",
        "text": "We know that if a company is consolidated by the global integration method for less than  \\(100\\%\\) , i.e. with minority interests, there is a percentage of minority interests to calculate in the financial investments which are deducted from the minority interests on the liabilities side.",
        "bbox": [
            113,
            346,
            877,
            411
        ],
        "page_idx": 6
    },
    {
        "type": "text",
        "text": "In our case study, company BETA in Year 2 owns a financial investment on company MU for 4000. A goodwill of 220 impacts this amount and gives finally a minority interests contribution of (756) = -20% * [4000 + (200)].",
        "bbox": [
            113,
            427,
            875,
            475
        ],
        "page_idx": 6
    },
    {
        "type": "text",
        "text": "Others (3)",
        "text_level": 3,
        "bbox": [
            113,
            490,
            221,
            506
        ],
        "page_idx": 6
    },
    {
        "type": "text",
        "text": "Company BETA increases its capital by 3000, each shareholder contributing on the basis of its percentage. This means that the minority interests increase by  \\(600 = 20\\%\\)  * 3000.",
        "bbox": [
            113,
            522,
            875,
            572
        ],
        "page_idx": 6
    },
    {
        "type": "text",
        "text": "Total",
        "text_level": 2,
        "bbox": [
            113,
            587,
            170,
            603
        ],
        "page_idx": 6
    },
    {
        "type": "text",
        "text": "This column is just totaling the amounts of each line starting with Year 1 minority interests.",
        "bbox": [
            113,
            619,
            875,
            651
        ],
        "page_idx": 6
    },
    {
        "type": "text",
        "text": "Minority interests Year 2",
        "text_level": 2,
        "bbox": [
            113,
            667,
            356,
            683
        ],
        "page_idx": 6
    },
    {
        "type": "text",
        "text": "These amounts can be found in the Year 2 contribution like we explained for Year 1.",
        "bbox": [
            113,
            699,
            875,
            730
        ],
        "page_idx": 6
    },
    {
        "type": "text",
        "text": "Check",
        "text_level": 3,
        "bbox": [
            113,
            746,
            179,
            762
        ],
        "page_idx": 6
    },
    {
        "type": "text",
        "text": "We usually add this column which calculates the difference between \"Minority interests Year 2\" and \"Total\". We must find zero on each line.",
        "bbox": [
            113,
            778,
            875,
            811
        ],
        "page_idx": 6
    },
    {
        "type": "header",
        "text": "DIRECT CONSOLIDATION",
        "bbox": [
            116,
            67,
            371,
            83
        ],
        "page_idx": 6
    },
    {
        "type": "text",
        "text": "Translation adjustments evolution",
        "text_level": 2,
        "bbox": [
            99,
            121,
            478,
            139
        ],
        "page_idx": 7
    },
    {
        "type": "text",
        "text": "This is a rather difficult report to produce because the content depends on each individual company, on the currencies and not only on statutory accounts but also on local currency adjustments.",
        "bbox": [
            99,
            153,
            870,
            203
        ],
        "page_idx": 7
    },
    {
        "type": "text",
        "text": "In our case study, hopefully we have only company DELTA generating a translation adjustment amount.",
        "bbox": [
            97,
            219,
            870,
            252
        ],
        "page_idx": 7
    },
    {
        "type": "text",
        "text": "Let's first start by considering figures at  \\(100\\%\\) .",
        "bbox": [
            99,
            266,
            561,
            284
        ],
        "page_idx": 7
    },
    {
        "type": "text",
        "text": "In Year 1, we have calculated a translation adjustment of (940) based on statutory accounts and 30 related to the provision elimination for 300 CUR.",
        "bbox": [
            97,
            297,
            866,
            331
        ],
        "page_idx": 7
    },
    {
        "type": "text",
        "text": "The gives an opening translation adjustment of  \\((910) = (940) + 30\\) .",
        "bbox": [
            99,
            332,
            766,
            348
        ],
        "page_idx": 7
    },
    {
        "type": "text",
        "text": "In Year 2, the same analysis shows  \\(540 = (940) + 1480\\)  at statutory level and 60 for the adjustment, so a closing translation adjustment of  \\(600 = 540 + 60\\) .",
        "bbox": [
            99,
            362,
            868,
            395
        ],
        "page_idx": 7
    },
    {
        "type": "text",
        "text": "We have to justify an evolution of  \\(1510 = 600 - (910)\\) .",
        "bbox": [
            99,
            410,
            635,
            429
        ],
        "page_idx": 7
    },
    {
        "type": "table",
        "img_path": "images/f1a702c3e7184600f2c0b3bfc760de1be5ba8e8e160eb50068ed606c99fa7fe9.jpg",
        "table_caption": [],
        "table_footnote": [],
        "table_body": "<table><tr><td></td><td colspan=\"3\">Accounts in local currency</td><td colspan=\"3\">Accounts in conso currency</td><td></td></tr><tr><td>Closing rates</td><td>0.8</td><td rowspan=\"2\" colspan=\"2\"></td><td>0.9</td><td rowspan=\"2\" colspan=\"2\"></td><td></td></tr><tr><td></td><td></td><td></td><td></td></tr><tr><td>Statutory accounts</td><td>Year 1</td><td></td><td>Year 2</td><td></td><td>Year 1</td><td></td><td>Year 2</td></tr><tr><td>Capital \nTranslation adjustment flow</td><td>8,000</td><td></td><td>8,000</td><td></td><td>6,400</td><td></td><td>7,200</td></tr><tr><td>Retained earnings</td><td>4,000</td><td></td><td>4,200</td><td></td><td>3,200</td><td></td><td>3,780</td></tr><tr><td>Transfer flow</td><td></td><td>200</td><td>0.7</td><td></td><td></td><td>140</td><td></td></tr><tr><td>Translation adjustment flow</td><td></td><td></td><td></td><td></td><td></td><td>440</td><td></td></tr><tr><td>Result</td><td>600</td><td></td><td>1,000</td><td></td><td>480</td><td></td><td>900</td></tr><tr><td>Transfer flow</td><td></td><td>(200)</td><td>0.7</td><td></td><td></td><td>(140)</td><td></td></tr><tr><td>Dividends flow</td><td></td><td>(400)</td><td>0.7</td><td></td><td></td><td>(280)</td><td></td></tr><tr><td>Result Year 2 flow</td><td></td><td>1,000</td><td>0.6</td><td></td><td></td><td>600</td><td></td></tr><tr><td>Translation adjustment flow</td><td></td><td></td><td></td><td></td><td></td><td>240</td><td></td></tr></table>",
        "bbox": [
            103,
            448,
            853,
            642
        ],
        "page_idx": 7
    },
    {
        "type": "table",
        "img_path": "images/fac3d8db67fa81f08113309d15d9fff43016c88dac3390864bb7a0024037db44.jpg",
        "table_caption": [],
        "table_footnote": [],
        "table_body": "<table><tr><td>Adjustments</td></tr><tr><td>Elimination of provisions</td></tr><tr><td>Translation adjustment flow</td></tr></table>",
        "bbox": [
            103,
            648,
            364,
            690
        ],
        "page_idx": 7
    },
    {
        "type": "table",
        "img_path": "images/960d9af9d14435d9bfcd5276c96e75a55da19adfab26f5ab889e40ea5ca4a6dd.jpg",
        "table_caption": [],
        "table_footnote": [],
        "table_body": "<table><tr><td>300</td><td></td><td>300</td></tr></table>",
        "bbox": [
            375,
            661,
            612,
            690
        ],
        "page_idx": 7
    },
    {
        "type": "table",
        "img_path": "images/390500097f25da6e6f57e6df75002e8345011277ef3cd2cf0f3e147a4f297e5d.jpg",
        "table_caption": [],
        "table_footnote": [],
        "table_body": "<table><tr><td>240</td><td>30</td><td>270</td></tr></table>",
        "bbox": [
            625,
            659,
            853,
            690
        ],
        "page_idx": 7
    },
    {
        "type": "table",
        "img_path": "images/f2a1f279d0c9b2b5d7b32016e65d2e16b59e265110c21f6719a234ea1984cbd3.jpg",
        "table_caption": [],
        "table_footnote": [],
        "table_body": "<table><tr><td>Translation adjustment flow</td></tr><tr><td>on statutory accounts on adjustments</td></tr></table>",
        "bbox": [
            103,
            700,
            362,
            741
        ],
        "page_idx": 7
    },
    {
        "type": "table",
        "img_path": "images/b80ee9972744d2b62aa7298cbb7b54401c97c123db2ec2db071e54b75b7c7eba.jpg",
        "table_caption": [],
        "table_footnote": [],
        "table_body": "<table><tr><td>1,480</td></tr><tr><td>30</td></tr></table>",
        "bbox": [
            697,
            712,
            779,
            740
        ],
        "page_idx": 7
    },
    {
        "type": "text",
        "text": "We remind Year 1 and Year 2 local currency statutory and adjustments figures in this report, including the flows and the currency rates used.",
        "bbox": [
            99,
            772,
            866,
            806
        ],
        "page_idx": 7
    },
    {
        "type": "text",
        "text": "The right hand side shows the translated figures with the translation adjustment flow for each account and for both statutory accounts and adjustments.",
        "bbox": [
            99,
            821,
            868,
            870
        ],
        "page_idx": 7
    },
    {
        "type": "header",
        "text": "PART 6 CONSOLIDATION CASE STUDY",
        "bbox": [
            432,
            73,
            853,
            89
        ],
        "page_idx": 7
    },
    {
        "type": "text",
        "text": "The total of all translation adjustments flows gives  \\(1510 = 1480 + 30\\) , for statutory accounts and for adjustments respectively, which is the evolution amount to justify.",
        "bbox": [
            116,
            121,
            885,
            172
        ],
        "page_idx": 8
    },
    {
        "type": "text",
        "text": "So we explain  \\(1510 = 600 - (910)\\) .",
        "bbox": [
            118,
            185,
            466,
            204
        ],
        "page_idx": 8
    },
    {
        "type": "text",
        "text": "The evolution appearing in the consolidated balance is  \\(906 = 360 - (546)\\)  and is just the previous relation on which we have applied  \\(60\\%\\) .",
        "bbox": [
            116,
            218,
            885,
            251
        ],
        "page_idx": 8
    },
    {
        "type": "text",
        "text": "Equity value evolution",
        "text_level": 2,
        "bbox": [
            118,
            267,
            366,
            284
        ],
        "page_idx": 8
    },
    {
        "type": "text",
        "text": "Evolution of the Equity value account is similar in difficulty to the evolution of Minority interests because we have seen that Equity value and Minority interests are both sides of the same mirror.",
        "bbox": [
            116,
            298,
            885,
            348
        ],
        "page_idx": 8
    },
    {
        "type": "text",
        "text": "Here is the report used to justify such evolution.",
        "bbox": [
            118,
            363,
            591,
            380
        ],
        "page_idx": 8
    },
    {
        "type": "table",
        "img_path": "images/dc7bfb6563d6c2f96e02af728d6fa7ad483c7e9013711f66b74a85a81734de41.jpg",
        "table_caption": [],
        "table_footnote": [],
        "table_body": "<table><tr><td></td><td>Equity value Year 1</td><td>Result Year 2</td><td>Dividends paid</td><td>CTA</td><td>Capital increase</td><td>Others</td><td>Entry in conso scope</td><td>Total</td><td>Equity value Year 2</td><td>Check</td></tr><tr><td rowspan=\"2\">GAMMA</td><td>0</td><td>(60)</td><td></td><td></td><td></td><td></td><td>330</td><td>270</td><td>270</td><td>0</td></tr><tr><td>0</td><td>(60)</td><td></td><td></td><td></td><td></td><td>330</td><td>270</td><td>270</td><td>0</td></tr></table>",
        "bbox": [
            118,
            392,
            885,
            453
        ],
        "page_idx": 8
    },
    {
        "type": "text",
        "text": "We have presented the most frequently used columns although they are not present in our case study.",
        "bbox": [
            116,
            469,
            883,
            502
        ],
        "page_idx": 8
    },
    {
        "type": "text",
        "text": "Eauity value Year 1",
        "text_level": 3,
        "bbox": [
            118,
            516,
            311,
            534
        ],
        "page_idx": 8
    },
    {
        "type": "text",
        "text": "This value is zero because GAMMA was not consolidated by the equity method in Year 1.",
        "bbox": [
            116,
            549,
            883,
            582
        ],
        "page_idx": 8
    },
    {
        "type": "text",
        "text": "Result Year 2",
        "text_level": 3,
        "bbox": [
            118,
            597,
            252,
            614
        ],
        "page_idx": 8
    },
    {
        "type": "text",
        "text": "It is (60) = 30% * (200).",
        "bbox": [
            118,
            629,
            370,
            647
        ],
        "page_idx": 8
    },
    {
        "type": "text",
        "text": "Entry in consolidation scope",
        "text_level": 3,
        "bbox": [
            118,
            661,
            394,
            679
        ],
        "page_idx": 8
    },
    {
        "type": "text",
        "text": "As an equity method company, GAMMA is entering the consolidation scope on July  \\(1^{st}\\) , Year 2 with an equity of  \\(1100 = 2000 + (900)\\)  in which the group part is  \\(330 = 30\\% * 1100\\) .",
        "bbox": [
            116,
            693,
            881,
            743
        ],
        "page_idx": 8
    },
    {
        "type": "text",
        "text": "Total",
        "text_level": 2,
        "bbox": [
            118,
            758,
            173,
            774
        ],
        "page_idx": 8
    },
    {
        "type": "text",
        "text": "This column is just totaling the amounts of each line starting with Year 1 minority interests.",
        "bbox": [
            116,
            790,
            879,
            822
        ],
        "page_idx": 8
    },
    {
        "type": "header",
        "text": "DIRECT CONSOLIDATION",
        "bbox": [
            120,
            68,
            372,
            84
        ],
        "page_idx": 8
    },
    {
        "type": "text",
        "text": "Equity value Year 2",
        "text_level": 3,
        "bbox": [
            105,
            121,
            295,
            135
        ],
        "page_idx": 9
    },
    {
        "type": "text",
        "text": "These amounts can be found in the Year 2 contribution on the Equity value line.",
        "bbox": [
            105,
            153,
            864,
            184
        ],
        "page_idx": 9
    },
    {
        "type": "text",
        "text": "Check",
        "text_level": 3,
        "bbox": [
            105,
            201,
            166,
            217
        ],
        "page_idx": 9
    },
    {
        "type": "text",
        "text": "We usually add this column which calculates the difference between \"Equity value Year 2\" and \"Total\". We must find zero on each line.",
        "bbox": [
            105,
            233,
            864,
            264
        ],
        "page_idx": 9
    },
    {
        "type": "text",
        "text": "6 CONSOLIDATED CASH FLOW STATMENT",
        "text_level": 1,
        "bbox": [
            105,
            301,
            702,
            346
        ],
        "page_idx": 9
    },
    {
        "type": "text",
        "text": "The consolidated cash flow statement will be produced by first building the statutory cash flow statement for each individual company, that will be added together. Based on this approximation of the consolidated cash flow statement, we are going to book a certain number of adjustments to converge to the final consolidated cash flow statement.",
        "bbox": [
            105,
            369,
            864,
            448
        ],
        "page_idx": 9
    },
    {
        "type": "text",
        "text": "The basic information consists in the statutory flows which is a new information it was not necessary to provide in the first part of our case study, excepted for the translation adjustments evolution.",
        "bbox": [
            105,
            466,
            864,
            514
        ],
        "page_idx": 9
    },
    {
        "type": "text",
        "text": "For each company, we give Year 1 and Year 2 accounts and the flows explaining their evolution. The exercise consists in picking \"cash\" flows and to introduce them in the cash flow statement.",
        "bbox": [
            105,
            530,
            864,
            578
        ],
        "page_idx": 9
    },
    {
        "type": "text",
        "text": "We are not giving the P&L which can be seen in the previous chapters. We will assume all validations are satisfied and, for instance, consider a depreciation flow as resulting from a depreciation account booked for the same amount in the P&L. The same comments can be made for provisions and gains/losses on disposals flows.",
        "bbox": [
            105,
            593,
            864,
            673
        ],
        "page_idx": 9
    },
    {
        "type": "header",
        "text": "PART 6 CONSOLIDATION CASE STUDY",
        "bbox": [
            434,
            74,
            852,
            89
        ],
        "page_idx": 9
    }
]