[
    {
        "type": "text",
        "text": "Each subgroup contains a significantly important number of companies, in such a way that the consolidation process would become difficult to manage at parent company level, as a single consolidation site for the whole group.",
        "bbox": [
            194,
            122,
            881,
            188
        ],
        "page_idx": 0
    },
    {
        "type": "list",
        "sub_type": "text",
        "list_items": [
            "- The persons in charge of the consolidation at each subgroup level will have an excellent understanding of the group rules of consolidation in order to produce consistent sub consolidated figures.",
            "- The geographical localisation of the subgroup head office and its held companies make difficult to maintain a contact with each entity.",
            "- One subgroup may be recently acquired and consolidated since a number of years. It could be considered as clumsy and delicate to suppress the function of consolidation. It is more a human resources issue than an organizational problem."
        ],
        "bbox": [
            156,
            203,
            881,
            380
        ],
        "page_idx": 0
    },
    {
        "type": "text",
        "text": "These comments brings along some arguments to consolidate subgroups but the management could also consider opposite comments",
        "bbox": [
            118,
            396,
            881,
            428
        ],
        "page_idx": 0
    },
    {
        "type": "list",
        "sub_type": "text",
        "list_items": [
            "- There is a limited number of companies consolidated by a subgroup and it is just a non sense to keep this organization.",
            "- Maintaining several consolidation sites may generate some unacceptable over costs.",
            "- The group management prefers to consolidate directly each individual company in order to get a contribution view on all accounts."
        ],
        "bbox": [
            156,
            443,
            879,
            573
        ],
        "page_idx": 0
    },
    {
        "type": "text",
        "text": "Maintaining sub consolidations may present a risk to lengthen the deadlines.",
        "bbox": [
            194,
            588,
            881,
            620
        ],
        "page_idx": 0
    },
    {
        "type": "text",
        "text": "The decision to consolidate by the stage technique or the direct technique is not easy because it implies so many different aspects. Nevertheless, we would recommend the direct technique whenever it is possible, even if some companies are unhappy about it.",
        "bbox": [
            118,
            636,
            881,
            702
        ],
        "page_idx": 0
    },
    {
        "type": "text",
        "text": "What will be the consolidation method of each company?",
        "text_level": 2,
        "bbox": [
            118,
            717,
            740,
            734
        ],
        "page_idx": 0
    },
    {
        "type": "text",
        "text": "In Part 2 of this book we have explained how to calculate the control percentage and how to apply the logic to attach the corresponding consolidation method to each company.",
        "bbox": [
            118,
            749,
            881,
            799
        ],
        "page_idx": 0
    },
    {
        "type": "text",
        "text": "We will not come back on these explanations but the message here concerns some \"border line\" situations.",
        "bbox": [
            118,
            812,
            881,
            844
        ],
        "page_idx": 0
    },
    {
        "type": "header",
        "text": "DIRECT CONSOLIDATION",
        "bbox": [
            120,
            68,
            373,
            84
        ],
        "page_idx": 0
    },
    {
        "type": "text",
        "text": "PART 5 ORGANIZATION OF A CONSOLIDATION AND FAST CLOSE",
        "text_level": 1,
        "bbox": [
            99,
            71,
            843,
            87
        ],
        "page_idx": 1
    },
    {
        "type": "text",
        "text": "Control percentages close to  \\(50\\%\\)",
        "bbox": [
            105,
            119,
            432,
            137
        ],
        "page_idx": 1
    },
    {
        "type": "text",
        "text": "If there is no specific shareholders agreement, the number of voting rights is the only criterion to consider.  \\(50\\%\\)  of voting rights in hand less one voting right means the equity method and plus one voting right means the global integration method.",
        "bbox": [
            105,
            152,
            864,
            217
        ],
        "page_idx": 1
    },
    {
        "type": "text",
        "text": "When exactly  \\(50\\%\\) , one needs additional information to choose the consolidation method.",
        "bbox": [
            105,
            233,
            864,
            264
        ],
        "page_idx": 1
    },
    {
        "type": "text",
        "text": "Under IFRS rules, the equity method applies. Under Local Gaap, we need a limited number of shareholders and a shareholder agreement confirming that each one cannot decide on its own without the approval of all the other shareholders. In such case proportional integration method or equity method are the acceptable candidates. The choice of one or the other depends on internal defined rules.",
        "bbox": [
            105,
            280,
            864,
            377
        ],
        "page_idx": 1
    },
    {
        "type": "text",
        "text": "Financial investors",
        "bbox": [
            105,
            394,
            284,
            410
        ],
        "page_idx": 1
    },
    {
        "type": "text",
        "text": "Above the figures, we want to point out a majority shareholder, generally a financial investor, refusing his majority rights because it is just not his business. In such situation, the group accepting the control with less than  \\(50\\%\\)  voting rights will have to consolidate the company by the global integration method.",
        "bbox": [
            105,
            426,
            864,
            505
        ],
        "page_idx": 1
    },
    {
        "type": "text",
        "text": "Presence to annual aeneral meetinos",
        "bbox": [
            105,
            521,
            464,
            539
        ],
        "page_idx": 1
    },
    {
        "type": "text",
        "text": "A group with less than  \\(50\\%\\)  voting rights, attend regularly the annual general meetings of a company while all other shareholders are never present, gives to the group a control \"de facto\" and the global integration method for that company.",
        "bbox": [
            105,
            552,
            864,
            619
        ],
        "page_idx": 1
    },
    {
        "type": "text",
        "text": "Why insisting on the level of control? For two main reasons.",
        "bbox": [
            105,
            634,
            683,
            650
        ],
        "page_idx": 1
    },
    {
        "type": "text",
        "text": "First, a consolidation method implies for the concerned company a full reporting, if integration or proportional method, or a reduced reporting if equity method. The company should be informed of the group choice as soon as possible in order to organize its own information system.",
        "bbox": [
            105,
            666,
            864,
            730
        ],
        "page_idx": 1
    },
    {
        "type": "text",
        "text": "Secondly, a wrong choice of a consolidation method has two bad consequences. A change of a consolidation method has to be explained in the notes to the accounts and it can become a challenge for a company to be informed sometimes a little late that it has to skip from the reduced to the full reporting package in a short delay.",
        "bbox": [
            105,
            745,
            864,
            827
        ],
        "page_idx": 1
    },
    {
        "type": "text",
        "text": "1.3 The consolidation rules",
        "text_level": 2,
        "bbox": [
            120,
            122,
            561,
            146
        ],
        "page_idx": 2
    },
    {
        "type": "text",
        "text": "The basic principle is that the consolidation rules to apply are those of the consolidating parent company.",
        "bbox": [
            116,
            166,
            881,
            201
        ],
        "page_idx": 2
    },
    {
        "type": "text",
        "text": "In most cases, the parent company being just a holding company with no other activities, this principle is becoming non significant.",
        "bbox": [
            116,
            214,
            881,
            247
        ],
        "page_idx": 2
    },
    {
        "type": "text",
        "text": "It makes much more sense to align the consolidation rules to the most important group companies.",
        "bbox": [
            116,
            261,
            881,
            296
        ],
        "page_idx": 2
    },
    {
        "type": "text",
        "text": "However, we highly recommend having a long term view when starting a consolidation process by answering the following questions:",
        "bbox": [
            116,
            309,
            881,
            343
        ],
        "page_idx": 2
    },
    {
        "type": "list",
        "sub_type": "text",
        "list_items": [
            "- On which market is the group going to develop the most? If it for instance on the US market, maybe it could be recommended to choose US Gaap instead of Local Gaap.",
            "- If the financial objective of the group is to go public in a medium term, it should start immediately with IFRS",
            "- If the company intends to open its capital to new investors, who maybe will ask for IFRS consolidated figures, we also recommend to start with IFRS."
        ],
        "bbox": [
            156,
            358,
            879,
            517
        ],
        "page_idx": 2
    },
    {
        "type": "text",
        "text": "In any situation, the wrong decision would be to delay the process by starting first with Local Gaap and then migrating some years later to IFRS. It can ask a huge effort in the beginning because most group companies are probably not ready. But, the effort in a few years will be the same and, moreover, the volume of work will increase because of additional reporting to justify all differences between Local Gaap and IFRS figures.",
        "bbox": [
            116,
            533,
            881,
            631
        ],
        "page_idx": 2
    },
    {
        "type": "text",
        "text": "1.4 The Auditors",
        "text_level": 2,
        "bbox": [
            120,
            665,
            400,
            685
        ],
        "page_idx": 2
    },
    {
        "type": "text",
        "text": "Consolidated accounts must be audited in the same way as statutory accounts.",
        "bbox": [
            116,
            707,
            881,
            741
        ],
        "page_idx": 2
    },
    {
        "type": "text",
        "text": "Are the Auditors for statutory accounts the same as the Auditors for consolidated accounts?",
        "text_level": 3,
        "bbox": [
            116,
            755,
            879,
            789
        ],
        "page_idx": 2
    },
    {
        "type": "text",
        "text": "In most countries, this is the choice of the group's management.",
        "bbox": [
            116,
            802,
            742,
            821
        ],
        "page_idx": 2
    },
    {
        "type": "text",
        "text": "If the Auditors (company) are the same, this normally leads to a better understanding of the group activity.",
        "bbox": [
            116,
            836,
            881,
            869
        ],
        "page_idx": 2
    },
    {
        "type": "header",
        "text": "DIRECT CONSOLIDATION",
        "bbox": [
            120,
            68,
            373,
            84
        ],
        "page_idx": 2
    },
    {
        "type": "text",
        "text": "Must a unique Audit company be chosen?",
        "text_level": 3,
        "bbox": [
            99,
            121,
            559,
            139
        ],
        "page_idx": 3
    },
    {
        "type": "text",
        "text": "This is also the choice of the group.",
        "bbox": [
            99,
            153,
            447,
            171
        ],
        "page_idx": 3
    },
    {
        "type": "text",
        "text": "It is obviously an advantage to work with a unique Auditors company because of the internal network of information they can offer. It is also important to consider that this choice may optimize the consolidation planning by avoiding receiving signatures from independent Auditors sometimes spread all over the world.",
        "bbox": [
            99,
            185,
            870,
            266
        ],
        "page_idx": 3
    },
    {
        "type": "text",
        "text": "1.5 The information system",
        "text_level": 2,
        "bbox": [
            101,
            300,
            555,
            325
        ],
        "page_idx": 3
    },
    {
        "type": "text",
        "text": "There is no consolidation without an information system and a vehicle between subsidiaries and the consolidation office.",
        "bbox": [
            99,
            342,
            868,
            374
        ],
        "page_idx": 3
    },
    {
        "type": "text",
        "text": "The whole construction begins with the inventory of the information to produce in order to comply simultaneously with internal and external requirements and then progressively with the analysis of the input information to ask to each company.",
        "bbox": [
            99,
            390,
            868,
            456
        ],
        "page_idx": 3
    },
    {
        "type": "text",
        "text": "Let's look in more details some important pieces of information.",
        "bbox": [
            99,
            471,
            722,
            487
        ],
        "page_idx": 3
    },
    {
        "type": "text",
        "text": "The chart of accounts",
        "text_level": 3,
        "bbox": [
            99,
            503,
            341,
            519
        ],
        "page_idx": 3
    },
    {
        "type": "text",
        "text": "The group chart of accounts is unique, even if companies are located in different countries with legal accounting requirements. They will have to adapt.",
        "bbox": [
            99,
            535,
            868,
            585
        ],
        "page_idx": 3
    },
    {
        "type": "text",
        "text": "In some countries, there exists a national chart of accounts that can be used as initial information to be extended for consolidation needs. This approach will not be so easily applicable for IFRS consolidation rules because no standard exists.",
        "bbox": [
            99,
            600,
            868,
            664
        ],
        "page_idx": 3
    },
    {
        "type": "text",
        "text": "On the basis of a classical chart of accounts, some specific accounts must be added to make the consolidation process operational and some existing accounts will need some comments.",
        "bbox": [
            99,
            680,
            868,
            729
        ],
        "page_idx": 3
    },
    {
        "type": "text",
        "text": "Specific assets accounts",
        "text_level": 3,
        "bbox": [
            99,
            745,
            341,
            762
        ],
        "page_idx": 3
    },
    {
        "type": "list",
        "sub_type": "text",
        "list_items": [
            "Goodwill with a necessary distinction between gross value and depreciation or impairments",
            "Financial investments in consolidated companies to separate from financial investments in non consolidated companies. Four different accounts should be defined:"
        ],
        "bbox": [
            137,
            775,
            862,
            869
        ],
        "page_idx": 3
    },
    {
        "type": "header",
        "text": "PART 5 ORGANIZATION OF A CONSOLIDATION AND FAST CLOSE",
        "bbox": [
            95,
            71,
            847,
            90
        ],
        "page_idx": 3
    },
    {
        "type": "list",
        "sub_type": "text",
        "list_items": [
            "o Acquisition value",
            "o Uncalled amounts",
            "Revaluations",
            "Write-offs"
        ],
        "bbox": [
            232,
            122,
            447,
            185
        ],
        "page_idx": 4
    },
    {
        "type": "text",
        "text": "The first two accounts are cash and the last two accounts are non cash. Moreover, the only variations accepted in a consolidation process are acquisitions, disposals and payment of uncalled amounts. Revaluations and write-offs, even if they are naturally booked at statutory level, are amounts to eliminate in the consolidation process.",
        "bbox": [
            191,
            201,
            883,
            283
        ],
        "page_idx": 4
    },
    {
        "type": "list",
        "sub_type": "text",
        "list_items": [
            "Equity value for all companies consolidated with the equity method",
            "Receivables with companies consolidated by the equity method",
            "- Own shares"
        ],
        "bbox": [
            156,
            298,
            845,
            378
        ],
        "page_idx": 4
    },
    {
        "type": "text",
        "text": "Specific liabilities accounts",
        "text_level": 3,
        "bbox": [
            118,
            394,
            379,
            410
        ],
        "page_idx": 4
    },
    {
        "type": "list",
        "sub_type": "text",
        "list_items": [
            "Consolidated reserves account such as calculated throughout this book and which are changing from opening to closing only by the group result and the parent company dividend",
            "- Revaluation reserves account which should be maintained separate from the consolidated reserves because these reserves are generally the counterpart of assets revaluations, without P&L impact",
            "Badwill account for non IFRS consolidations",
            "- Currency translation account",
            "Minority interests account."
        ],
        "bbox": [
            156,
            426,
            881,
            635
        ],
        "page_idx": 4
    },
    {
        "type": "text",
        "text": "In addition to these accounts, at least two Link accounts should be defined",
        "bbox": [
            116,
            650,
            843,
            666
        ],
        "page_idx": 4
    },
    {
        "type": "list",
        "sub_type": "text",
        "list_items": [
            "- A Link account for the intercompany amounts eliminations;",
            "A Link account for the elimination of financial investments;"
        ],
        "bbox": [
            156,
            682,
            763,
            730
        ],
        "page_idx": 4
    },
    {
        "type": "text",
        "text": "Specific P&L accounts",
        "text_level": 3,
        "bbox": [
            118,
            747,
            333,
            764
        ],
        "page_idx": 4
    },
    {
        "type": "list",
        "sub_type": "text",
        "list_items": [
            "- Goodwill depreciations account that may be considered either as an operating charge or a financial charge",
            "Goodwill impairments for IFRS consolidations"
        ],
        "bbox": [
            156,
            779,
            879,
            843
        ],
        "page_idx": 4
    },
    {
        "type": "header",
        "text": "DIRECT CONSOLIDATION",
        "bbox": [
            120,
            68,
            373,
            83
        ],
        "page_idx": 4
    },
    {
        "type": "text",
        "text": "PART 5 ORGANIZATION OF A CONSOLIDATION AND FAST CLOSE",
        "text_level": 1,
        "bbox": [
            94,
            71,
            843,
            90
        ],
        "page_idx": 5
    },
    {
        "type": "text",
        "text": "- Exchange gains/losses : keep separate realized and unrealized transactions because of their impact on the cash flow statement",
        "bbox": [
            137,
            121,
            860,
            153
        ],
        "page_idx": 5
    },
    {
        "type": "text",
        "text": "Write-off on financial investments account which must be adjusted to zero in the consolidation",
        "bbox": [
            137,
            169,
            860,
            200
        ],
        "page_idx": 5
    },
    {
        "type": "text",
        "text": "- Dividends received from consolidated account : to use only for that purpose and it will be easy to check that all group dividends are eliminated",
        "bbox": [
            137,
            218,
            860,
            263
        ],
        "page_idx": 5
    },
    {
        "type": "text",
        "text": "- Gain/loss on assets disposals account that will be adjusted for elimination of group gain/loss",
        "bbox": [
            137,
            282,
            860,
            314
        ],
        "page_idx": 5
    },
    {
        "type": "text",
        "text": "Profit/loss from equity method companies accounts. Two accounts must be defined because profits and losses are shown separately in the consolidated P&L",
        "bbox": [
            137,
            330,
            860,
            377
        ],
        "page_idx": 5
    },
    {
        "type": "text",
        "text": "- Result from minority interests account. Only one account because profits and losses can be netted.",
        "bbox": [
            137,
            395,
            860,
            426
        ],
        "page_idx": 5
    },
    {
        "type": "text",
        "text": "At least one Link account will be defined for intercompany amounts eliminations.",
        "bbox": [
            99,
            442,
            860,
            475
        ],
        "page_idx": 5
    },
    {
        "type": "text",
        "text": "The consolidation bundle",
        "text_level": 2,
        "bbox": [
            99,
            491,
            377,
            508
        ],
        "page_idx": 5
    },
    {
        "type": "text",
        "text": "The consolidation bundle is the reporting tool between the consolidation department and the group companies.",
        "bbox": [
            99,
            522,
            860,
            556
        ],
        "page_idx": 5
    },
    {
        "type": "text",
        "text": "Its importance as information vehicle and the efficiency of its structure justify to dedicate the next chapter to it.",
        "bbox": [
            99,
            571,
            860,
            603
        ],
        "page_idx": 5
    },
    {
        "type": "text",
        "text": "However, we mention this tool right now as one of the most important item of our check list while preparing a first consolidation.",
        "bbox": [
            99,
            619,
            860,
            651
        ],
        "page_idx": 5
    },
    {
        "type": "text",
        "text": "Evaluation rules and group procedures",
        "text_level": 2,
        "bbox": [
            101,
            667,
            523,
            683
        ],
        "page_idx": 5
    },
    {
        "type": "text",
        "text": "The choice of evaluation rules is a must when starting a consolidation process and a vision on the group evolution will help to choose either Local Gaap or IFRS.",
        "bbox": [
            99,
            699,
            860,
            748
        ],
        "page_idx": 5
    },
    {
        "type": "text",
        "text": "As soon as the choice is decided, each group company should be immediately informed because local accounting will probably need some adaptations consequently. This can be time consuming if some evaluation rules are not compatible with local accounting regulations or if some evaluation rules have to be decided at a Board of Directors level.",
        "bbox": [
            99,
            764,
            860,
            844
        ],
        "page_idx": 5
    },
    {
        "type": "text",
        "text": "It is also important to keep in mind that when a set of evaluation rules is adopted, each company must comply with each rule. No exception is allowed.",
        "bbox": [
            120,
            121,
            881,
            153
        ],
        "page_idx": 6
    },
    {
        "type": "text",
        "text": "In addition to a given set of evaluation rules, we would recommend to remain flexible by defining some materiality threshold.",
        "bbox": [
            120,
            169,
            881,
            202
        ],
        "page_idx": 6
    },
    {
        "type": "text",
        "text": "At least two sets of thresholds should be defined:",
        "bbox": [
            120,
            216,
            594,
            232
        ],
        "page_idx": 6
    },
    {
        "type": "list",
        "sub_type": "text",
        "list_items": [
            "- One set for intercompany differences. We always recommend defining some thresholds in order to avoid using too many resources for non material adjustments. For instance, one threshold for balance sheet intercompany differences and another one for the P&L seem realistic. Auditors, sometimes, accept such threshold only for mid-year consolidation, while these thresholds are set to zero for the year-end consolidation.",
            "- Another set for amounts to be adjusted. Most of the time, when an amount is adjusted, the adjustments have to be kept in the consolidation accounting for many years. For instance, adjusting depreciations over a period of 10 years, including the deferred tax effects, implies to keep track of these adjustments during the same period."
        ],
        "bbox": [
            156,
            248,
            881,
            474
        ],
        "page_idx": 6
    },
    {
        "type": "text",
        "text": "Some consolidation procedures are to be defined at group level. One example is the method to be used for the elimination of gain on assets disposals between group companies.",
        "bbox": [
            120,
            489,
            881,
            538
        ],
        "page_idx": 6
    },
    {
        "type": "text",
        "text": "There are basically two methods as explained in Part 2 of this book. The first one consists in booking the gain amount on a Reserves account and the second one on a Deferred income account. It's a group choice but when it has been decided, the group consolidation has to comply with this option.",
        "bbox": [
            120,
            553,
            881,
            619
        ],
        "page_idx": 6
    },
    {
        "type": "text",
        "text": "These consolidation procedures should be written and approved by Auditors. Instead of preparing a thick procedures file including all possible transactions that could happen during the lifetime of the group, we recommend starting such file in a more flexible way. This method consists in adding one new procedure description the first time it happens in the group, after a discussion and approval by Auditors. Maybe, this file will contain only a few procedures at the beginning of the consolidation process but, year after year, this number will certainly increase in a more efficient and cheapest way.",
        "bbox": [
            120,
            633,
            881,
            762
        ],
        "page_idx": 6
    },
    {
        "type": "text",
        "text": "A final comment about this subject concerns the language to use with all group companies.",
        "bbox": [
            120,
            778,
            881,
            811
        ],
        "page_idx": 6
    },
    {
        "type": "text",
        "text": "Whenever that language may be, we recommend using a unique language. The reasons are quite clear. If you start communicate written information in",
        "bbox": [
            120,
            827,
            881,
            859
        ],
        "page_idx": 6
    },
    {
        "type": "header",
        "text": "DIRECT CONSOLIDATION",
        "bbox": [
            120,
            67,
            369,
            81
        ],
        "page_idx": 6
    },
    {
        "type": "text",
        "text": "the language of company 1, be sure company 2, speaking another language, will ask also a translation.",
        "bbox": [
            95,
            121,
            860,
            153
        ],
        "page_idx": 7
    },
    {
        "type": "text",
        "text": "At the end, the consolidation office will become progressively a 'translation office\" and will have to support high translation costs, not only the first time producing the basic materials but also each time there are updates.",
        "bbox": [
            95,
            168,
            866,
            219
        ],
        "page_idx": 7
    },
    {
        "type": "text",
        "text": "1.6 The tasks of the consolidation office",
        "text_level": 2,
        "bbox": [
            99,
            252,
            745,
            272
        ],
        "page_idx": 7
    },
    {
        "type": "text",
        "text": "Even if a consolidation is done only twice a year, the people in charge of that job must stay active all along the year.",
        "bbox": [
            95,
            294,
            866,
            328
        ],
        "page_idx": 7
    },
    {
        "type": "text",
        "text": "Here are some examples of tasks to achieve and information to be known :",
        "bbox": [
            95,
            343,
            832,
            359
        ],
        "page_idx": 7
    },
    {
        "type": "list",
        "sub_type": "text",
        "list_items": [
            "- Communicate the closing and average rates of group currencies, normally the first day after the closing date in order for each group company to adapt their intercompany amounts.",
            "- Keep updated the consolidation bundle template, the evaluation rules and the procedures.",
            "- Collect all information related to shares transactions, as"
        ],
        "bbox": [
            137,
            376,
            860,
            504
        ],
        "page_idx": 7
    },
    {
        "type": "list",
        "sub_type": "text",
        "list_items": [
            "Acquisitions of new companies or additional shares acquisitions",
            "Disposals of companies or partial shares disposals",
            "Liquidations of companies",
            "Deconsolidations of companies",
            "Merges or absorptions of companies",
            "Capital increases/decreases"
        ],
        "bbox": [
            213,
            521,
            860,
            631
        ],
        "page_idx": 7
    },
    {
        "type": "list",
        "sub_type": "text",
        "list_items": [
            "- Be informed in all details about all group dividends paid by subsidiaries.",
            "- Be informed about important transactions between companies, as shares disposals or intangible and tangible assets disposals, which are generating significant group profits/losses to eliminate."
        ],
        "bbox": [
            137,
            649,
            860,
            744
        ],
        "page_idx": 7
    },
    {
        "type": "text",
        "text": "For each of these transactions, there should be a written note to file because most of the time, related adjustments may last for long in the consolidation accounting.",
        "bbox": [
            99,
            762,
            866,
            812
        ],
        "page_idx": 7
    },
    {
        "type": "header",
        "text": "PART 5 ORGANIZATION OF A CONSOLIDATION AND FAST CLOSE",
        "bbox": [
            91,
            71,
            843,
            89
        ],
        "page_idx": 7
    },
    {
        "type": "text",
        "text": "1.7 Human resources",
        "text_level": 2,
        "bbox": [
            120,
            122,
            474,
            144
        ],
        "page_idx": 8
    },
    {
        "type": "text",
        "text": "Most of the time, consolidation is considered as a seasonal task for which only one person is partly dedicated. Two reasons make it a risky situation. First, the absence of that person, whatever the reason may be, generates a planning stress. Secondly, the knowledge of the group and capability to solve sometimes rather difficult group situations are concentrated only in one person's head. Moreover, the person is maybe not sufficiently trained to solve such problem on his own. This again leads to some planning stress.",
        "bbox": [
            118,
            165,
            881,
            282
        ],
        "page_idx": 8
    },
    {
        "type": "text",
        "text": "The experience shows that most groups are asking for external help during the critical time of the consolidation. This approach brings expertise and additional training to internal persons and eliminates some planning risks.",
        "bbox": [
            118,
            294,
            883,
            345
        ],
        "page_idx": 8
    },
    {
        "type": "text",
        "text": "For groups of a limited number of companies, the approach of having that activity completely outsourced to expert consultants should be seriously considered.",
        "bbox": [
            118,
            358,
            883,
            408
        ],
        "page_idx": 8
    },
    {
        "type": "text",
        "text": "1.8 Software resources",
        "text_level": 2,
        "bbox": [
            120,
            440,
            504,
            462
        ],
        "page_idx": 8
    },
    {
        "type": "text",
        "text": "The planning requirements and the increasing complexity of the consolidation process, because of the increasing number of subsidiaries joining the group, make it necessary to use professional consolidation software.",
        "bbox": [
            118,
            483,
            881,
            532
        ],
        "page_idx": 8
    },
    {
        "type": "text",
        "text": "The software market offers basically four different families of solutions to handle a consolidation process.",
        "bbox": [
            118,
            547,
            881,
            582
        ],
        "page_idx": 8
    },
    {
        "type": "text",
        "text": "The spreadsheets family",
        "bbox": [
            118,
            595,
            360,
            613
        ],
        "page_idx": 8
    },
    {
        "type": "text",
        "text": "A spreadsheet is a tool that everyone knows, easy to use and rather cheap.",
        "bbox": [
            118,
            628,
            852,
            645
        ],
        "page_idx": 8
    },
    {
        "type": "text",
        "text": "For a limited number of subsidiaries, an easy group structure and a few adjustments, a spreadsheet solution will fit the needs the first years.",
        "bbox": [
            118,
            660,
            881,
            693
        ],
        "page_idx": 8
    },
    {
        "type": "text",
        "text": "After a while, a certain complexity will progressively appear by the increasing number of companies, the historical adjustments, foreign currency subsidiaries, additional needs as a consolidated cash flow statement, ...",
        "bbox": [
            118,
            708,
            881,
            756
        ],
        "page_idx": 8
    },
    {
        "type": "text",
        "text": "Facing these changes will become more and more difficult with some risks.",
        "bbox": [
            118,
            771,
            843,
            790
        ],
        "page_idx": 8
    },
    {
        "type": "text",
        "text": "One risk is just related to the wrong view that a consolidation process can be handled in a two-dimensional spreadsheet. In fact, consolidation is a multidimensional process with at least three dimensions: one for companies, one for accounts and one for flows. We don't speak here about additional",
        "bbox": [
            118,
            803,
            881,
            869
        ],
        "page_idx": 8
    },
    {
        "type": "header",
        "text": "DIRECT CONSOLIDATION",
        "bbox": [
            120,
            68,
            373,
            84
        ],
        "page_idx": 8
    },
    {
        "type": "text",
        "text": "PART 5 ORGANIZATION OF A CONSOLIDATION AND FAST CLOSE",
        "text_level": 1,
        "bbox": [
            95,
            71,
            847,
            87
        ],
        "page_idx": 9
    },
    {
        "type": "text",
        "text": "multi analytical dimensions to consolidate as required by some IFRS notes to the accounts.",
        "bbox": [
            99,
            120,
            870,
            153
        ],
        "page_idx": 9
    },
    {
        "type": "text",
        "text": "The second risk is related to the increasing complexity of macros developed inside the spreadsheet. Moreover, a new account to add to the balance must be added to each balance of each sheet. One account missing in one sheet and the whole construction becomes inconsistent and wrong.",
        "bbox": [
            99,
            169,
            870,
            232
        ],
        "page_idx": 9
    },
    {
        "type": "text",
        "text": "And finally, the most frequent situation happening is when the person having developed so many complex macro leaves the company.",
        "bbox": [
            99,
            248,
            866,
            282
        ],
        "page_idx": 9
    },
    {
        "type": "text",
        "text": "Here comes the time where Auditors are becoming worried.",
        "bbox": [
            99,
            297,
            680,
            314
        ],
        "page_idx": 9
    },
    {
        "type": "text",
        "text": "In most countries, and particularly in European states, the consolidation process must rely on an accounting approach, with general ledger, balance, journals, booking entries, ... reports which discards definitely the spreadsheet approach.",
        "bbox": [
            99,
            330,
            870,
            393
        ],
        "page_idx": 9
    },
    {
        "type": "text",
        "text": "The standard accountina software family",
        "bbox": [
            99,
            409,
            500,
            426
        ],
        "page_idx": 9
    },
    {
        "type": "text",
        "text": "It must be accepted that most of these software are really not consolidating figures but just adding them.",
        "bbox": [
            99,
            442,
            866,
            474
        ],
        "page_idx": 9
    },
    {
        "type": "text",
        "text": "All calculation as currency translations, minority interests, equity eliminations, equity values, proportional methods, ... have to be prepared manually and keyed in the accounting software.",
        "bbox": [
            99,
            490,
            870,
            538
        ],
        "page_idx": 9
    },
    {
        "type": "text",
        "text": "But we must admit this time we are in an accounting approach.",
        "bbox": [
            99,
            554,
            718,
            571
        ],
        "page_idx": 9
    },
    {
        "type": "text",
        "text": "The consolidation software family, based on a mana element reportina system",
        "bbox": [
            99,
            587,
            855,
            603
        ],
        "page_idx": 9
    },
    {
        "type": "text",
        "text": "Such software category has originally been developed to solve reporting problems and quite often they contain a few general consolidation features as intercompany reconciliation and some standard eliminations.",
        "bbox": [
            99,
            619,
            870,
            667
        ],
        "page_idx": 9
    },
    {
        "type": "text",
        "text": "Most of all other specialised features are just not developed as imbedded functions and it is the user job to parameterize these functions, when it is possible and with the help of consultants.",
        "bbox": [
            99,
            682,
            870,
            732
        ],
        "page_idx": 9
    },
    {
        "type": "text",
        "text": "Of course, if such consolidation functions are developed in a satisfactory way, when working with this family of software, it becomes easier to reconcile figures between statutory consolidation and reporting.",
        "bbox": [
            99,
            746,
            866,
            796
        ],
        "page_idx": 9
    }
]