[
    [
        {
            "type": "header",
            "bbox": [
                0.132,
                0.07,
                0.381,
                0.085
            ],
            "angle": 0,
            "content": "DIRECT CONSOLIDATION"
        },
        {
            "type": "text",
            "bbox": [
                0.132,
                0.123,
                0.895,
                0.173
            ],
            "angle": 0,
            "content": "the \\(100\\%\\) to a \\(3^{rd}\\) Parties, namely a certain company B. Of course, end of June, company A is not in the consolidation scope any more and there is a consolidation adjustment to correct the statutory gain on disposal."
        },
        {
            "type": "text",
            "bbox": [
                0.132,
                0.188,
                0.895,
                0.237
            ],
            "angle": 0,
            "content": "In August, company P acquires a new company which is ... company B! This acquisition is in fact a sub group acquisition because company B owns \\(100\\%\\) of company A. This acquisition leads to a goodwill."
        },
        {
            "type": "title",
            "bbox": [
                0.132,
                0.252,
                0.888,
                0.269
            ],
            "angle": 0,
            "content": "How has this real situation been consolidated as at December Year 2?"
        },
        {
            "type": "text",
            "bbox": [
                0.132,
                0.284,
                0.895,
                0.317
            ],
            "angle": 0,
            "content": "We have adopted a logic of continuity by considering that \\( A \\) has not left the group for two months."
        },
        {
            "type": "text",
            "bbox": [
                0.132,
                0.332,
                0.895,
                0.396
            ],
            "angle": 0,
            "content": "The \\(100\\%\\) disposal of company A shares to \\(3^{rd}\\) Parties has been qualified as a group transaction implying the elimination of the gain on disposal in company P accounts and an adjustment of the financial investment in company B accounts for the same amount."
        },
        {
            "type": "text",
            "bbox": [
                0.132,
                0.412,
                0.895,
                0.461
            ],
            "angle": 0,
            "content": "The goodwill that B has booked in its accounts when acquiring company A has been reversed and replaced by the goodwill corresponding to the acquisition of the \\(10\\%\\) in May."
        },
        {
            "type": "text",
            "bbox": [
                0.132,
                0.476,
                0.638,
                0.493
            ],
            "angle": 0,
            "content": "Finally, we calculated a goodwill on company B only."
        },
        {
            "type": "text",
            "bbox": [
                0.132,
                0.509,
                0.895,
                0.573
            ],
            "angle": 0,
            "content": "The good point in all this was the fact that we received individual accounts for companies A and B. Receiving consolidated accounts of the subgroup \\( \\mathsf{B} + \\mathsf{A} \\), for instance because B would have been located on another continent, would have resulted in a rather difficult consolidation process."
        },
        {
            "type": "title",
            "bbox": [
                0.132,
                0.607,
                0.825,
                0.654
            ],
            "angle": 0,
            "content": "5.6 Acquisition of a company with negative equity"
        },
        {
            "type": "text",
            "bbox": [
                0.132,
                0.674,
                0.895,
                0.708
            ],
            "angle": 0,
            "content": "In non IFRS (Local Gaap) evaluation rules, negative Minority interests are generally not accepted."
        },
        {
            "type": "text",
            "bbox": [
                0.132,
                0.723,
                0.895,
                0.788
            ],
            "angle": 0,
            "content": "This situation usually appears because of cumulated losses generating a negative total. In this specific situation, the first time the equity becomes negative, the part of the loss normally belonging to minority has to be booked as a charge for the group."
        },
        {
            "type": "text",
            "bbox": [
                0.132,
                0.803,
                0.895,
                0.851
            ],
            "angle": 0,
            "content": "When the situation is turning back to profit and as soon as the Minority interests are positive again, these charges are supported by Minority interests."
        }
    ],
    [
        {
            "type": "header",
            "bbox": [
                0.438,
                0.074,
                0.852,
                0.088
            ],
            "angle": 0,
            "content": "PART 4 SPECIAL CONSOLIDATION TOPICS"
        },
        {
            "type": "text",
            "bbox": [
                0.106,
                0.12,
                0.868,
                0.17
            ],
            "angle": 0,
            "content": "The idea behind this process is the fact that \\( 3^{rd} \\) Parties have no active role in the management of the company. The group having the control must support all these consequences."
        },
        {
            "type": "text",
            "bbox": [
                0.107,
                0.187,
                0.669,
                0.203
            ],
            "angle": 0,
            "content": "Now, the situation we want to point out is rather different."
        },
        {
            "type": "text",
            "bbox": [
                0.107,
                0.218,
                0.868,
                0.267
            ],
            "angle": 0,
            "content": "We suppose parent company \\( P \\) acquires for a price of 200 \\( 60\\% \\) of a company \\( A \\) presenting a negative equity for (500). This situation leads to a goodwill equal to \\( 500 = 200 - 60\\% * (500) \\)."
        },
        {
            "type": "text",
            "bbox": [
                0.107,
                0.282,
                0.868,
                0.315
            ],
            "angle": 0,
            "content": "In the consolidated equity, Minority interests for this company are equal to \\((200) = 40\\%^{*}(500)\\), which is a negative amount."
        },
        {
            "type": "text",
            "bbox": [
                0.107,
                0.331,
                0.868,
                0.363
            ],
            "angle": 0,
            "content": "How to handle this amount, supposing we apply some Local Gaap not accepting that situation?"
        },
        {
            "type": "text",
            "bbox": [
                0.107,
                0.38,
                0.868,
                0.412
            ],
            "angle": 0,
            "content": "We are not in the situation described above of an equity becoming negative because of losses during the period the group operates the company."
        },
        {
            "type": "text",
            "bbox": [
                0.107,
                0.427,
                0.868,
                0.46
            ],
            "angle": 0,
            "content": "The position that has been chosen and accepted by the Auditors was to book the amount of (200) as an additional goodwill."
        },
        {
            "type": "text",
            "bbox": [
                0.107,
                0.475,
                0.868,
                0.507
            ],
            "angle": 0,
            "content": "Each time an adjustment is booked in consolidation, it is important to wonder what will be its future."
        },
        {
            "type": "text",
            "bbox": [
                0.107,
                0.524,
                0.868,
                0.588
            ],
            "angle": 0,
            "content": "In this case, supposing the company remains in a situation of losses, the additional goodwill is maintained as an intangible asset. As soon as the situation is getting profitable, the minority profit is booked on the credit of the goodwill until it disappears."
        },
        {
            "type": "text",
            "bbox": [
                0.107,
                0.604,
                0.868,
                0.652
            ],
            "angle": 0,
            "content": "If the group assumes the company will never turn back to profit in a reasonable delay, this goodwill can either be depreciated or written-off. In both options, this will of course impact the P&L."
        },
        {
            "type": "title",
            "bbox": [
                0.108,
                0.686,
                0.754,
                0.733
            ],
            "angle": 0,
            "content": "5.7 Existence of minority interests when acquiring \\(100\\%\\) of a company"
        },
        {
            "type": "text",
            "bbox": [
                0.107,
                0.752,
                0.654,
                0.768
            ],
            "angle": 0,
            "content": "This case study has a connection with the previous case."
        },
        {
            "type": "text",
            "bbox": [
                0.107,
                0.784,
                0.868,
                0.833
            ],
            "angle": 0,
            "content": "We are in Year 1 and company A is consolidated at \\(80\\%\\) by its parent company P. The particular situation is that company A equity is (200) corresponding to its loss of this year."
        }
    ],
    [
        {
            "type": "header",
            "bbox": [
                0.119,
                0.069,
                0.371,
                0.085
            ],
            "angle": 0,
            "content": "DIRECT CONSOLIDATION"
        },
        {
            "type": "text",
            "bbox": [
                0.117,
                0.12,
                0.882,
                0.175
            ],
            "angle": 0,
            "content": "The consolidating process calculates Minority interests equal to \\((40) = 20\\%\\) (200). Supposing we are in some Local Gaap not accepting negative Minority interests, there will be the following consolidation adjustment"
        },
        {
            "type": "table",
            "bbox": [
                0.292,
                0.188,
                0.712,
                0.24
            ],
            "angle": 0,
            "content": "<table><tr><td></td><td>Debit</td><td>Credit</td></tr><tr><td>Result (Group)</td><td>40</td><td></td></tr><tr><td>Minority interests</td><td></td><td>40</td></tr></table>"
        },
        {
            "type": "text",
            "bbox": [
                0.117,
                0.252,
                0.882,
                0.285
            ],
            "angle": 0,
            "content": "booking the 40 as a charge for the group and consequently reducing Minority interests to zero in the balance sheet."
        },
        {
            "type": "text",
            "bbox": [
                0.117,
                0.299,
                0.882,
                0.334
            ],
            "angle": 0,
            "content": "This adjustment is to be carried forward in the future consolidations during the time company A stays in the group at \\(80\\%\\)."
        },
        {
            "type": "text",
            "bbox": [
                0.117,
                0.347,
                0.882,
                0.398
            ],
            "angle": 0,
            "content": "Beginning Year 2, company P acquires the remaining \\(20\\%\\) of company A shares for a price of 200. This transactions implies a goodwill calculation that is equal to \\(240 = 200 - 20\\% * (200)\\)."
        },
        {
            "type": "text",
            "bbox": [
                0.117,
                0.411,
                0.882,
                0.477
            ],
            "angle": 0,
            "content": "While doing this Year 2 consolidation, we don't calculate Minority interests any more but we still find the previous adjustment which has been carried forward as explained above. This means we show Minority interests for 40 which is not acceptable."
        },
        {
            "type": "text",
            "bbox": [
                0.119,
                0.491,
                0.62,
                0.509
            ],
            "angle": 0,
            "content": "We propose three different ways to solve this issue."
        },
        {
            "type": "title",
            "bbox": [
                0.119,
                0.54,
                0.678,
                0.558
            ],
            "angle": 0,
            "content": "Eliminate the Minority interests by booking the P&L"
        },
        {
            "type": "text",
            "bbox": [
                0.117,
                0.572,
                0.449,
                0.687
            ],
            "angle": 0,
            "content": "Here is the adjustment in which the two first entries correspond to the opening of Year 1 and the two last entries show an elimination of these Minority interests as a profit for the group. It was a charge last year."
        },
        {
            "type": "table",
            "bbox": [
                0.461,
                0.577,
                0.885,
                0.661
            ],
            "angle": 0,
            "content": "<table><tr><td></td><td>Debit</td><td>Credit</td></tr><tr><td>Reserves</td><td>40</td><td></td></tr><tr><td>Minority interests</td><td></td><td>40</td></tr><tr><td>Minority interests</td><td>40</td><td></td></tr><tr><td>Result (Group)</td><td></td><td>40</td></tr></table>"
        },
        {
            "type": "title",
            "bbox": [
                0.119,
                0.699,
                0.726,
                0.718
            ],
            "angle": 0,
            "content": "Eliminate the Minority interests by booking the goodwill"
        },
        {
            "type": "text",
            "bbox": [
                0.117,
                0.732,
                0.449,
                0.798
            ],
            "angle": 0,
            "content": "This adjustment is similar to the previous one with the Result (Group) entry being replaced by the goodwill entry."
        },
        {
            "type": "text",
            "bbox": [
                0.717,
                0.737,
                0.877,
                0.752
            ],
            "angle": 0,
            "content": "Debit Credit"
        },
        {
            "type": "text",
            "bbox": [
                0.466,
                0.754,
                0.884,
                0.819
            ],
            "angle": 0,
            "content": "Reserves  \nMinority interests  \nMinority interests  \nGoodwill"
        }
    ],
    [
        {
            "type": "header",
            "bbox": [
                0.435,
                0.073,
                0.854,
                0.089
            ],
            "angle": 0,
            "content": "PART 4 SPECIAL CONSOLIDATION TOPICS"
        },
        {
            "type": "title",
            "bbox": [
                0.101,
                0.121,
                0.715,
                0.14
            ],
            "angle": 0,
            "content": "Eliminate the Minority interests by booking the reserves"
        },
        {
            "type": "text",
            "bbox": [
                0.1,
                0.155,
                0.436,
                0.27
            ],
            "angle": 0,
            "content": "This adjustment consists in reversing the opening Year 1 adjustment. It is supposed to be booked just before the acquisition of the remaining \\(20\\%\\), in such a way that the goodwill is now equal to \\(200 = 20\\)"
        },
        {
            "type": "table",
            "bbox": [
                0.448,
                0.159,
                0.875,
                0.244
            ],
            "angle": 0,
            "content": "<table><tr><td></td><td>Debit</td><td>Credit</td></tr><tr><td>Reserves</td><td>40</td><td></td></tr><tr><td>Minority interests</td><td></td><td>40</td></tr><tr><td>Minority interests</td><td>40</td><td></td></tr><tr><td>Reserves</td><td></td><td>40</td></tr></table>"
        },
        {
            "type": "title",
            "bbox": [
                0.101,
                0.283,
                0.691,
                0.3
            ],
            "angle": 0,
            "content": "What can we conclude about these three approaches?"
        },
        {
            "type": "text",
            "bbox": [
                0.1,
                0.316,
                0.641,
                0.334
            ],
            "angle": 0,
            "content": "The two last options produce the same goodwill of 200."
        },
        {
            "type": "text",
            "bbox": [
                0.1,
                0.348,
                0.868,
                0.396
            ],
            "angle": 0,
            "content": "The first option produces a goodwill of 240 and an immediate result of 40. But, sooner or later, we know that these goodwills will finally be booked in the P&L."
        },
        {
            "type": "text",
            "bbox": [
                0.101,
                0.412,
                0.871,
                0.477
            ],
            "angle": 0,
            "content": "This first option is maybe a little too \"optimistic\" and we would recommend to adopt a much more prudential attitude by choosing the third option because we show no profit in the P&L. Moreover, this adjustment must not be kept in the consolidation in the future."
        },
        {
            "type": "title",
            "bbox": [
                0.103,
                0.511,
                0.75,
                0.558
            ],
            "angle": 0,
            "content": "5.8 When a group is changing its parent company"
        },
        {
            "type": "text",
            "bbox": [
                0.101,
                0.577,
                0.87,
                0.643
            ],
            "angle": 0,
            "content": "This group has a parent company A whose shares are owned by members of a family. It consolidates since a certain number of years, in particular for banks requirements. We can suppose, without any limitation, that all participations are held at \\(100\\%\\)."
        }
    ],
    [
        {
            "type": "header",
            "bbox": [
                0.123,
                0.071,
                0.375,
                0.086
            ],
            "angle": 0,
            "content": "DIRECT CONSOLIDATION"
        },
        {
            "type": "image",
            "bbox": [
                0.123,
                0.134,
                0.491,
                0.365
            ],
            "angle": 0,
            "content": null
        },
        {
            "type": "image",
            "bbox": [
                0.499,
                0.135,
                0.871,
                0.364
            ],
            "angle": 0,
            "content": null
        },
        {
            "type": "text",
            "bbox": [
                0.121,
                0.379,
                0.882,
                0.413
            ],
            "angle": 0,
            "content": "Beginning of Year 2, for some private reasons, all members of this family bring their company A shares to a new holding company P."
        },
        {
            "type": "text",
            "bbox": [
                0.121,
                0.428,
                0.774,
                0.445
            ],
            "angle": 0,
            "content": "Considering the new structure, some important questions will arise."
        },
        {
            "type": "title",
            "bbox": [
                0.122,
                0.46,
                0.513,
                0.476
            ],
            "angle": 0,
            "content": "Which company has to consolidate?"
        },
        {
            "type": "text",
            "bbox": [
                0.121,
                0.491,
                0.882,
                0.556
            ],
            "angle": 0,
            "content": "The usual position for such situation is that the top holding, we mean company \\( \\mathsf{P} \\), must consolidate, supposing it is not located in some 'fiscal paradise' or in a country listed on an international \"black list\". We assume it is not the case in our situation."
        },
        {
            "type": "title",
            "bbox": [
                0.122,
                0.571,
                0.58,
                0.589
            ],
            "angle": 0,
            "content": "Does company A still have to consolidate?"
        },
        {
            "type": "text",
            "bbox": [
                0.121,
                0.603,
                0.882,
                0.652
            ],
            "angle": 0,
            "content": "If company P produces consolidated accounts, all companies included in its consolidation scope are exempted. So A is not required to consolidate any more."
        },
        {
            "type": "title",
            "bbox": [
                0.122,
                0.667,
                0.478,
                0.684
            ],
            "angle": 0,
            "content": "What will be the banks position?"
        },
        {
            "type": "text",
            "bbox": [
                0.121,
                0.699,
                0.882,
                0.749
            ],
            "angle": 0,
            "content": "The experience shows that the fact company A doesn't consolidate any more is very often perceived as a problem by the banks. They are used to analyse figures and ratios in relation with existing contracts signed with company A."
        },
        {
            "type": "text",
            "bbox": [
                0.121,
                0.763,
                0.882,
                0.829
            ],
            "angle": 0,
            "content": "Moreover, new assets and new liabilities in company P accounts will probably need some additional reviews from the banks. This to say that, whatever is the choice, the Bankers will probably ask to receive \"group A\" consolidated accounts."
        }
    ],
    [
        {
            "type": "header",
            "bbox": [
                0.434,
                0.073,
                0.852,
                0.089
            ],
            "angle": 0,
            "content": "PART 4 SPECIAL CONSOLIDATION TOPICS"
        },
        {
            "type": "title",
            "bbox": [
                0.101,
                0.12,
                0.825,
                0.138
            ],
            "angle": 0,
            "content": "What about historical adjustments when company P consolidates?"
        },
        {
            "type": "text",
            "bbox": [
                0.101,
                0.153,
                0.868,
                0.202
            ],
            "angle": 0,
            "content": "This question appears quite often in this situation and the answer is supposed to be: Yes, we keep in \"group P\" all historical adjustments booked in \"group A\"."
        },
        {
            "type": "text",
            "bbox": [
                0.103,
                0.218,
                0.588,
                0.235
            ],
            "angle": 0,
            "content": "Our position towards this question is the opposite."
        },
        {
            "type": "text",
            "bbox": [
                0.101,
                0.25,
                0.868,
                0.332
            ],
            "angle": 0,
            "content": "Company P is a new company deciding for the first time this Year 2 to produce consolidated accounts. Moreover, if we suppose that the family has founded this company P this year, all these historical adjustments as goodwill, tangible assets depreciations, provisions, elimination of group profits, ... have no signification from the point of view of new P company."
        },
        {
            "type": "text",
            "bbox": [
                0.1,
                0.347,
                0.867,
                0.38
            ],
            "angle": 0,
            "content": "Company P is starting a consolidation and all historical adjustments related to 'Group A\" consolidation should be ignored."
        },
        {
            "type": "text",
            "bbox": [
                0.103,
                0.395,
                0.868,
                0.428
            ],
            "angle": 0,
            "content": "With this position, we understand that the Bankers are probably a little bit disoriented and ask to maintain a \"Group A\" consolidation."
        }
    ],
    [
        {
            "type": "header",
            "bbox": [
                0.119,
                0.067,
                0.373,
                0.082
            ],
            "angle": 0,
            "content": "DIRECT CONSOLIDATION"
        }
    ],
    [
        {
            "type": "title",
            "bbox": [
                0.139,
                0.256,
                0.35,
                0.29
            ],
            "angle": 0,
            "content": "PART 5"
        },
        {
            "type": "title",
            "bbox": [
                0.257,
                0.298,
                0.825,
                0.42
            ],
            "angle": 0,
            "content": "ORGANIZATION OF A CONSOLIDATION AND FAST CLOSE"
        },
        {
            "type": "image",
            "bbox": [
                0.099,
                0.472,
                0.88,
                0.713
            ],
            "angle": 0,
            "content": null
        }
    ],
    [
        {
            "type": "header",
            "bbox": [
                0.121,
                0.069,
                0.375,
                0.084
            ],
            "angle": 0,
            "content": "DIRECT CONSOLIDATION"
        },
        {
            "type": "title",
            "bbox": [
                0.242,
                0.141,
                0.862,
                0.163
            ],
            "angle": 0,
            "content": "FIRST CONSOLIDATION OF A GROUP"
        },
        {
            "type": "title",
            "bbox": [
                0.121,
                0.184,
                0.56,
                0.207
            ],
            "angle": 0,
            "content": "1.1 The very initial choices"
        },
        {
            "type": "text",
            "bbox": [
                0.119,
                0.228,
                0.882,
                0.293
            ],
            "angle": 0,
            "content": "When the management of a group takes the decision to establish consolidated accounts, whatever may be the objective (official publication or restricted use to the attention of the Bankers for example), they should know that it implies a double commitment."
        },
        {
            "type": "text",
            "bbox": [
                0.119,
                0.309,
                0.882,
                0.341
            ],
            "angle": 0,
            "content": "On the one hand, it inaugurates a new picture of their group in a context of continuity and for a long time."
        },
        {
            "type": "text",
            "bbox": [
                0.119,
                0.357,
                0.882,
                0.405
            ],
            "angle": 0,
            "content": "On the other hand, they will have to involve group companies, each company having to play a new role in a logic of planning, reporting, control and follow-up."
        },
        {
            "type": "text",
            "bbox": [
                0.119,
                0.421,
                0.882,
                0.454
            ],
            "angle": 0,
            "content": "And the motivation of these companies will constitute a key element in the organization."
        },
        {
            "type": "text",
            "bbox": [
                0.119,
                0.469,
                0.878,
                0.502
            ],
            "angle": 0,
            "content": "With regard to the importance of the decision to consolidate for the first time, some initial choices appear critical to us to ensure the success of the project."
        },
        {
            "type": "title",
            "bbox": [
                0.121,
                0.536,
                0.575,
                0.559
            ],
            "angle": 0,
            "content": "1.2 The consolidation scope"
        },
        {
            "type": "text",
            "bbox": [
                0.119,
                0.579,
                0.882,
                0.612
            ],
            "angle": 0,
            "content": "The companies entering the consolidation scope depend on the comments which are discussed in the three following questions."
        },
        {
            "type": "title",
            "bbox": [
                0.119,
                0.627,
                0.768,
                0.644
            ],
            "angle": 0,
            "content": "Which companies should not enter the consolidation scope?"
        },
        {
            "type": "text",
            "bbox": [
                0.119,
                0.659,
                0.882,
                0.707
            ],
            "angle": 0,
            "content": "It is legally admitted that a company presenting figures under some thresholds defined by the group management should not enter the consolidation scope."
        },
        {
            "type": "text",
            "bbox": [
                0.119,
                0.723,
                0.882,
                0.756
            ],
            "angle": 0,
            "content": "These thresholds are generally not defined by law and each group will appreciate it, depending on the basis of its own figures."
        },
        {
            "type": "text",
            "bbox": [
                0.119,
                0.77,
                0.882,
                0.852
            ],
            "angle": 0,
            "content": "The experience shows, however, that a threshold of \\(1\\%\\) or \\(2\\%\\) of the turnover is usually accepted as a criterion to exclude a company from the consolidation. More often, management will take into account more than one criterion, by considering also the total equity and the total balance sheet. Exclusion will then apply when two out of three criteria are satisfied."
        }
    ],
    [
        {
            "type": "title",
            "bbox": [
                0.095,
                0.073,
                0.848,
                0.091
            ],
            "angle": 0,
            "content": "PART 5 ORGANIZATION OF A CONSOLIDATION AND FAST CLOSE"
        },
        {
            "type": "text",
            "bbox": [
                0.1,
                0.122,
                0.87,
                0.188
            ],
            "angle": 0,
            "content": "A particular attention will be brought to the situation where several \"small\" companies satisfy the set of criteria to be excluded from the consolidation scope. If, together, the total amounts are above the criteria, these companies should be kept in the consolidation."
        },
        {
            "type": "text",
            "bbox": [
                0.101,
                0.203,
                0.775,
                0.22
            ],
            "angle": 0,
            "content": "We also recommend to exclude companies in the following situations"
        },
        {
            "type": "text",
            "bbox": [
                0.138,
                0.235,
                0.864,
                0.265
            ],
            "angle": 0,
            "content": "Companies located in countries in a war situation, in a difficult political or economical situation (embargo)"
        },
        {
            "type": "text",
            "bbox": [
                0.138,
                0.283,
                0.864,
                0.313
            ],
            "angle": 0,
            "content": "- Companies having a disaster (fire, epidemic, hurricane, destruction of industry capabilities, ...)"
        },
        {
            "type": "text",
            "bbox": [
                0.138,
                0.331,
                0.681,
                0.345
            ],
            "angle": 0,
            "content": "Company being in the process of a legal liquidation."
        },
        {
            "type": "list",
            "bbox": [
                0.138,
                0.235,
                0.864,
                0.345
            ],
            "angle": 0,
            "content": null
        },
        {
            "type": "text",
            "bbox": [
                0.101,
                0.364,
                0.869,
                0.414
            ],
            "angle": 0,
            "content": "On the opposite, the fact that a company has an activity completely different from the main activity of the group is not a reason to exclude it from the consolidation, whatever the consolidation rules are, IFRS or Local Gaap."
        },
        {
            "type": "text",
            "bbox": [
                0.1,
                0.428,
                0.869,
                0.495
            ],
            "angle": 0,
            "content": "We should also say that some companies may be kept outside the consolidation scope because they are not (yet) able to follow the reporting and planning instructions. Including such companies in the consolidation would increase the risk of not closing consolidated accounts in time."
        },
        {
            "type": "text",
            "bbox": [
                0.1,
                0.508,
                0.869,
                0.606
            ],
            "angle": 0,
            "content": "Finally, we would also recommend to be very careful with companies following completely different accounting rules, even with a different chart of accounts, as banks and insurances companies joining industrial groups. For such companies, if the consolidation is required, then, independently of the level of control the group may have, we would recommend to apply the equity method."
        },
        {
            "type": "text",
            "bbox": [
                0.1,
                0.621,
                0.869,
                0.687
            ],
            "angle": 0,
            "content": "We would conclude this first question by a very practical advice. It's better to have a minimalist view on the initial consolidation scope by considering only companies ready to commit with the group requirements. As soon as these excluded companies become ready, they can then be integrated."
        },
        {
            "type": "title",
            "bbox": [
                0.1,
                0.701,
                0.868,
                0.737
            ],
            "angle": 0,
            "content": "Depending on the number of companies to consolidate. shall we apply the statee or the direct technique?"
        },
        {
            "type": "text",
            "bbox": [
                0.099,
                0.749,
                0.868,
                0.815
            ],
            "angle": 0,
            "content": "The question here makes sense when the group can be organized in different subgroups, in such case a first consolidation could be done by each subgroup. The final parent company would then reduce in an important way the number of companies to be consolidated directly on its level."
        },
        {
            "type": "text",
            "bbox": [
                0.099,
                0.83,
                0.868,
                0.864
            ],
            "angle": 0,
            "content": "The decision for such organization should first be guided by the following comments:"
        }
    ]
]