[
    [
        {
            "type": "header",
            "bbox": [
                0.121,
                0.065,
                0.375,
                0.08
            ],
            "angle": 0,
            "content": "DIRECT CONSOLIDATION"
        },
        {
            "type": "table",
            "bbox": [
                0.116,
                0.118,
                0.88,
                0.784
            ],
            "angle": 0,
            "content": "<table><tr><td>BETA</td><td>(7)</td><td>(8)</td><td>(9)</td><td>(10)</td><td>(11)</td><td>(12)</td></tr><tr><td>Goodwill (gross val.)</td><td>220</td><td></td><td></td><td></td><td></td><td>220</td></tr><tr><td>Goodwill (deprec.)</td><td>(22)</td><td></td><td></td><td></td><td></td><td>(22)</td></tr><tr><td>Lands</td><td>1,000</td><td></td><td></td><td></td><td></td><td>1,000</td></tr><tr><td>Tangible assets (acq.val.)</td><td>5,000</td><td></td><td></td><td></td><td></td><td>5,000</td></tr><tr><td>Tangible assets (deprec.)</td><td>(2,200)</td><td></td><td></td><td></td><td></td><td>(2,200)</td></tr><tr><td>Fin.invest./BETR</td><td>0</td><td></td><td></td><td></td><td></td><td>0</td></tr><tr><td>Fin.invest./GAMMA</td><td>0</td><td></td><td></td><td></td><td></td><td>0</td></tr><tr><td>Fin.invest./DELTA</td><td>0</td><td></td><td></td><td></td><td></td><td>0</td></tr><tr><td>Fin.invest./MU</td><td>3,780</td><td>(756)</td><td></td><td>(3,024)</td><td></td><td>0</td></tr><tr><td>Equity value</td><td>0</td><td></td><td></td><td></td><td></td><td>0</td></tr><tr><td>Receivables/3rd Parties</td><td>7,000</td><td></td><td></td><td></td><td></td><td>7,000</td></tr><tr><td>Receivables/DELTA</td><td>0</td><td></td><td></td><td></td><td></td><td>0</td></tr><tr><td>Cash</td><td>1,000</td><td></td><td></td><td></td><td></td><td>1,000</td></tr><tr><td>Link account(Intercos)</td><td>0</td><td></td><td></td><td></td><td></td><td>0</td></tr><tr><td>Link account(Fin.Inv.)</td><td>0</td><td></td><td></td><td>3,024</td><td>(6,900)</td><td>(3,876)</td></tr><tr><td></td><td>15,778</td><td>(756)</td><td>0</td><td>0</td><td>(6,900)</td><td>8,122</td></tr><tr><td></td><td></td><td></td><td></td><td></td><td></td><td></td></tr><tr><td>Capital</td><td>6,000</td><td>(1,200)</td><td>(4,800)</td><td></td><td></td><td>0</td></tr><tr><td>Retained earnings</td><td>2,300</td><td>(460)</td><td>(1,840)</td><td></td><td></td><td>0</td></tr><tr><td>Reserves</td><td>200</td><td>(40)</td><td>(160)</td><td></td><td></td><td>0</td></tr><tr><td>Result</td><td>778</td><td>(156)</td><td>(622)</td><td></td><td></td><td>0</td></tr><tr><td>Consolidated reserves</td><td>0</td><td></td><td>7,422</td><td></td><td>(6,900)</td><td>522</td></tr><tr><td>Translation adjustments</td><td>0</td><td></td><td></td><td></td><td></td><td>0</td></tr><tr><td>Minority interests</td><td>0</td><td>1,100</td><td></td><td></td><td></td><td>1,100</td></tr><tr><td>Provisions</td><td>600</td><td></td><td></td><td></td><td></td><td>600</td></tr><tr><td>Payables/3rd Parties</td><td>5,900</td><td></td><td></td><td></td><td></td><td>5,900</td></tr><tr><td>Payables/ALPHA</td><td>0</td><td></td><td></td><td></td><td></td><td>0</td></tr><tr><td></td><td>15,778</td><td>(756)</td><td>0</td><td>0</td><td>(6,900)</td><td>8,122</td></tr><tr><td></td><td></td><td></td><td></td><td></td><td></td><td></td></tr><tr><td>Turnover/3rd Parties</td><td>30,000</td><td></td><td></td><td></td><td></td><td>30,000</td></tr><tr><td>Turnover/DELTA</td><td>0</td><td></td><td></td><td></td><td></td><td>0</td></tr><tr><td>Dividends/DELTA</td><td>0</td><td></td><td></td><td></td><td></td><td>0</td></tr><tr><td>Exchange gain(unrealized)</td><td>0</td><td></td><td></td><td></td><td></td><td>0</td></tr><tr><td>Gain on disposals</td><td>0</td><td></td><td></td><td></td><td></td><td>0</td></tr><tr><td>Purchases/3rd Parties</td><td>(28,400)</td><td></td><td></td><td></td><td></td><td>(28,400)</td></tr><tr><td>Purchases/ALPHA</td><td>0</td><td></td><td></td><td></td><td></td><td>0</td></tr><tr><td>Depreciations</td><td>(722)</td><td></td><td></td><td></td><td></td><td>(722)</td></tr><tr><td>Provisions</td><td>(100)</td><td></td><td></td><td></td><td></td><td>(100)</td></tr><tr><td>Exchange loss( realized)</td><td>0</td><td></td><td></td><td></td><td></td><td>0</td></tr><tr><td>Loss on disposals</td><td>0</td><td></td><td></td><td></td><td></td><td>0</td></tr><tr><td>Loss on equity cies</td><td>0</td><td></td><td></td><td></td><td></td><td>0</td></tr><tr><td>Link account(Intercos)</td><td>0</td><td></td><td></td><td></td><td></td><td>0</td></tr><tr><td>Result</td><td>778</td><td>0</td><td>0</td><td>0</td><td>0</td><td>778</td></tr><tr><td>Group result</td><td colspan=\"5\"></td><td>622</td></tr><tr><td>Minority result</td><td colspan=\"5\"></td><td>156</td></tr></table>"
        }
    ],
    [
        {
            "type": "header",
            "bbox": [
                0.431,
                0.071,
                0.856,
                0.087
            ],
            "angle": 0,
            "content": "PART 6 CONSOLIDATION CASE STUDY"
        },
        {
            "type": "title",
            "bbox": [
                0.096,
                0.12,
                0.31,
                0.136
            ],
            "angle": 0,
            "content": "BETA - Column (7)"
        },
        {
            "type": "text",
            "bbox": [
                0.096,
                0.152,
                0.641,
                0.171
            ],
            "angle": 0,
            "content": "We continue by referencing to the subtotal column (7)."
        },
        {
            "type": "title",
            "bbox": [
                0.097,
                0.184,
                0.31,
                0.202
            ],
            "angle": 0,
            "content": "BETA - Column (8)"
        },
        {
            "type": "text",
            "bbox": [
                0.096,
                0.218,
                0.396,
                0.268
            ],
            "angle": 0,
            "content": "We calculate Minority interests by reclassifying \\(20\\%\\) of each equity account."
        },
        {
            "type": "text",
            "bbox": [
                0.097,
                0.282,
                0.416,
                0.348
            ],
            "angle": 0,
            "content": "We also consider 20% of Minority interests in the Financial investment, as explained in Part 2 of this book."
        },
        {
            "type": "table",
            "bbox": [
                0.411,
                0.202,
                0.877,
                0.319
            ],
            "angle": 0,
            "content": "<table><tr><td></td><td>Debit</td><td>Credit</td></tr><tr><td>Capital</td><td>1,200</td><td></td></tr><tr><td>Retained earnings</td><td>460</td><td></td></tr><tr><td>Reserves</td><td>40</td><td></td></tr><tr><td>Result</td><td>156</td><td></td></tr><tr><td>Fin.invest./MU</td><td></td><td>756</td></tr><tr><td>Minority interests</td><td></td><td>1,100</td></tr></table>"
        },
        {
            "type": "title",
            "bbox": [
                0.099,
                0.363,
                0.313,
                0.38
            ],
            "angle": 0,
            "content": "BETA - Column (9)"
        },
        {
            "type": "text",
            "bbox": [
                0.099,
                0.396,
                0.399,
                0.476
            ],
            "angle": 0,
            "content": "We then eliminate the group part of \\(80\\%\\) in the equity and book the counterpart on the Consolidated reserves account."
        },
        {
            "type": "table",
            "bbox": [
                0.412,
                0.382,
                0.88,
                0.484
            ],
            "angle": 0,
            "content": "<table><tr><td></td><td>Debit</td><td>Credit</td></tr><tr><td>Capital</td><td>4,800</td><td></td></tr><tr><td>Retained earnings</td><td>1,840</td><td></td></tr><tr><td>Reserves</td><td></td><td></td></tr><tr><td>Result</td><td>622</td><td></td></tr><tr><td>Consolidated reserves</td><td></td><td>7,422</td></tr></table>"
        },
        {
            "type": "title",
            "bbox": [
                0.102,
                0.508,
                0.329,
                0.525
            ],
            "angle": 0,
            "content": "BETA - Column (10)"
        },
        {
            "type": "text",
            "bbox": [
                0.101,
                0.542,
                0.4,
                0.59
            ],
            "angle": 0,
            "content": "The net financial investment on company MU is eliminated via the Link account."
        },
        {
            "type": "table",
            "bbox": [
                0.414,
                0.523,
                0.88,
                0.578
            ],
            "angle": 0,
            "content": "<table><tr><td></td><td>Debit</td><td>Credit</td></tr><tr><td>Link account(Fin.Inv.)</td><td>3,024</td><td></td></tr><tr><td>Fin.invest./MU</td><td></td><td>3,024</td></tr></table>"
        },
        {
            "type": "title",
            "bbox": [
                0.102,
                0.605,
                0.331,
                0.623
            ],
            "angle": 0,
            "content": "BETA - Column (11)"
        },
        {
            "type": "text",
            "bbox": [
                0.102,
                0.637,
                0.402,
                0.702
            ],
            "angle": 0,
            "content": "We finally pick up the adjusted financial value on company BETA in ALPHA accounts and book it on the"
        },
        {
            "type": "text",
            "bbox": [
                0.103,
                0.704,
                0.53,
                0.719
            ],
            "angle": 0,
            "content": "Consolidated reserves via the Link account."
        },
        {
            "type": "table",
            "bbox": [
                0.415,
                0.633,
                0.88,
                0.687
            ],
            "angle": 0,
            "content": "<table><tr><td></td><td>Debit</td><td>Credit</td></tr><tr><td>Consolidated reserves</td><td>6,900</td><td></td></tr><tr><td>Link account(Fin.Inv.)</td><td></td><td>6,900</td></tr></table>"
        }
    ],
    [
        {
            "type": "header",
            "bbox": [
                0.12,
                0.064,
                0.375,
                0.079
            ],
            "angle": 0,
            "content": "DIRECT CONSOLIDATION"
        },
        {
            "type": "table",
            "bbox": [
                0.117,
                0.116,
                0.887,
                0.87
            ],
            "angle": 0,
            "content": "<table><tr><td>GAMMA</td><td>(1)</td><td>(2)</td><td>(3)</td><td>(4)</td><td>(5)</td></tr><tr><td>Goodwill (gross val.)</td><td></td><td></td><td></td><td></td><td>0</td></tr><tr><td>Goodwill (deprec.)</td><td></td><td></td><td></td><td></td><td>0</td></tr><tr><td>Lands</td><td></td><td></td><td></td><td></td><td>0</td></tr><tr><td>Tangible assets (acq.val.)</td><td>5,000</td><td>(5,000)</td><td></td><td></td><td>0</td></tr><tr><td>Tangible assets (deprec.)</td><td>(1,300)</td><td>1,300</td><td></td><td></td><td>0</td></tr><tr><td>Fin.invest./BETA</td><td></td><td></td><td></td><td></td><td>0</td></tr><tr><td>Fin.invest./GAMMA</td><td></td><td></td><td></td><td></td><td>0</td></tr><tr><td>Fin.invest./DELTA</td><td></td><td></td><td></td><td></td><td>0</td></tr><tr><td>Fin.invest./MU</td><td></td><td></td><td></td><td></td><td>0</td></tr><tr><td>Equity value</td><td></td><td>270</td><td></td><td></td><td>270</td></tr><tr><td>Receivables/3rd Parties</td><td>3,000</td><td>(3,000)</td><td></td><td></td><td>0</td></tr><tr><td>Receivables/DELTA</td><td></td><td></td><td></td><td></td><td>0</td></tr><tr><td>Cash</td><td>1,300</td><td>(1,300)</td><td></td><td></td><td>0</td></tr><tr><td>Link account(s)</td><td></td><td></td><td></td><td></td><td>0</td></tr><tr><td>Link account(Fin.Inv.)</td><td></td><td></td><td></td><td>(600)</td><td>(600)</td></tr><tr><td></td><td>8,000</td><td>(7,730)</td><td>0</td><td>(600)</td><td>(330)</td></tr><tr><td></td><td></td><td></td><td></td><td></td><td></td></tr><tr><td>Capital</td><td>2,000</td><td>(1,400)</td><td>(600)</td><td></td><td>0</td></tr><tr><td>Retained earnings</td><td>(900)</td><td>630</td><td>270</td><td></td><td>0</td></tr><tr><td>Reserves</td><td></td><td></td><td></td><td></td><td>0</td></tr><tr><td>Result</td><td>(200)</td><td>140</td><td>60</td><td></td><td>0</td></tr><tr><td>Consolidated reserves</td><td></td><td></td><td>270</td><td>(600)</td><td>(330)</td></tr><tr><td>Translation adjustments</td><td></td><td></td><td></td><td></td><td>0</td></tr><tr><td>Minority interests</td><td></td><td></td><td></td><td></td><td>0</td></tr><tr><td>Provisions</td><td></td><td></td><td></td><td></td><td>0</td></tr><tr><td>Payables/3rd Parties</td><td>7,100</td><td>(7,100)</td><td></td><td></td><td>0</td></tr><tr><td>Payables/ALPHA</td><td></td><td></td><td></td><td></td><td>0</td></tr><tr><td></td><td>8,000</td><td>(7,730)</td><td>0</td><td>(600)</td><td>(330)</td></tr><tr><td></td><td></td><td></td><td></td><td></td><td></td></tr><tr><td>Turnover/3rd Parties</td><td>35,000</td><td>(35,000)</td><td></td><td></td><td>0</td></tr><tr><td>Turnover/DELTA</td><td></td><td></td><td></td><td></td><td>0</td></tr><tr><td>Dividends/DELTA</td><td></td><td></td><td></td><td></td><td>0</td></tr><tr><td>Exchange gain(unrealized)</td><td></td><td></td><td></td><td></td><td>0</td></tr><tr><td>Gain on disposals</td><td>300</td><td>(300)</td><td></td><td></td><td>0</td></tr><tr><td>Purchases/3rd Parties</td><td>(35,000)</td><td>35,000</td><td></td><td></td><td>0</td></tr><tr><td>Purchases/ALPHA</td><td></td><td></td><td></td><td></td><td>0</td></tr><tr><td>Depreciations</td><td>(500)</td><td>500</td><td></td><td></td><td>0</td></tr><tr><td>Provisions</td><td></td><td></td><td></td><td></td><td>0</td></tr><tr><td>Exchange loss( realized)</td><td></td><td></td><td></td><td></td><td>0</td></tr><tr><td>Loss on disposals</td><td></td><td></td><td></td><td></td><td>0</td></tr><tr><td>Loss on equity</td><td></td><td>(60)</td><td></td><td></td><td>(60)</td></tr><tr><td>Link account(intercompany)</td><td></td><td></td><td></td><td></td><td>0</td></tr><tr><td>Result</td><td>(200)</td><td>140</td><td>0</td><td>0</td><td>(60)</td></tr><tr><td>Group result</td><td></td><td></td><td></td><td></td><td>(60)</td></tr><tr><td>Minority result</td><td></td><td></td><td></td><td></td><td>0</td></tr></table>"
        }
    ],
    [
        {
            "type": "header",
            "bbox": [
                0.431,
                0.071,
                0.856,
                0.089
            ],
            "angle": 0,
            "content": "PART 6 CONSOLIDATION CASE STUDY"
        },
        {
            "type": "title",
            "bbox": [
                0.095,
                0.121,
                0.336,
                0.138
            ],
            "angle": 0,
            "content": "GAMMA - Column (1)"
        },
        {
            "type": "text",
            "bbox": [
                0.094,
                0.153,
                0.872,
                0.203
            ],
            "angle": 0,
            "content": "Company GAMMA is consolidated with the equity method this year and its sole equity would be sufficient for the consolidation. However we suppose we still receive a full consolidation bundle."
        },
        {
            "type": "title",
            "bbox": [
                0.095,
                0.218,
                0.336,
                0.234
            ],
            "angle": 0,
            "content": "GAMMA - Column (2)"
        },
        {
            "type": "text",
            "bbox": [
                0.097,
                0.25,
                0.399,
                0.462
            ],
            "angle": 0,
            "content": "This adjustment eliminates all amounts that cannot be integrated in the consolidated accounts. It concerns the balance sheet and the P&L. In the balance sheet, we eliminate all assets and liabilities accounts, but only \\(70\\%\\) of the equity account. To balance this adjustment, we book the Equity value as \\(30\\%\\) of that equity."
        },
        {
            "type": "text",
            "bbox": [
                0.098,
                0.462,
                0.536,
                0.51
            ],
            "angle": 0,
            "content": "We apply the same approach Loss on equity with the P&L accounts and book the Loss on equity companies account."
        },
        {
            "type": "table",
            "bbox": [
                0.411,
                0.25,
                0.877,
                0.478
            ],
            "angle": 0,
            "content": "<table><tr><td></td><td>Debit</td><td>Credit</td></tr><tr><td>Tangible assets (acq-val.)</td><td></td><td>5,000</td></tr><tr><td>Tangible assets (deprec.)</td><td>1,300</td><td></td></tr><tr><td>Equity value</td><td>270</td><td></td></tr><tr><td>Receivables/3rd Parties</td><td></td><td>3,000</td></tr><tr><td>Cash</td><td></td><td>1,300</td></tr><tr><td>Capital</td><td>1,400</td><td></td></tr><tr><td>Retained earnings</td><td></td><td>630</td></tr><tr><td>Payables/3rd Parties</td><td>7,100</td><td></td></tr><tr><td>Turnover/3rd Parties</td><td>35,000</td><td></td></tr><tr><td>Gain on disposals</td><td>300</td><td></td></tr><tr><td>Purchases/3rd Parties</td><td></td><td>35,000</td></tr><tr><td>Depreciations</td><td></td><td>500</td></tr><tr><td>Loss on equity cies</td><td>60</td><td></td></tr></table>"
        },
        {
            "type": "title",
            "bbox": [
                0.099,
                0.524,
                0.34,
                0.541
            ],
            "angle": 0,
            "content": "GAMMA - Column (3)"
        },
        {
            "type": "text",
            "bbox": [
                0.099,
                0.557,
                0.399,
                0.639
            ],
            "angle": 0,
            "content": "We eliminate \\(30\\%\\) of the Equity accounts and book the total amount on the Consolidated reserves account."
        },
        {
            "type": "table",
            "bbox": [
                0.412,
                0.541,
                0.878,
                0.626
            ],
            "angle": 0,
            "content": "<table><tr><td></td><td>Debit</td><td>Credit</td></tr><tr><td>Capital</td><td>600</td><td></td></tr><tr><td>Retained earnings</td><td></td><td>270</td></tr><tr><td>Result</td><td></td><td>60</td></tr><tr><td>Consolidated reserves</td><td></td><td>270</td></tr></table>"
        },
        {
            "type": "title",
            "bbox": [
                0.101,
                0.655,
                0.341,
                0.672
            ],
            "angle": 0,
            "content": "GAMMA - Column (4)"
        },
        {
            "type": "text",
            "bbox": [
                0.1,
                0.687,
                0.399,
                0.753
            ],
            "angle": 0,
            "content": "The amount in this adjustment is the Financial investment value of company GAMMA owned by ALPHA."
        },
        {
            "type": "table",
            "bbox": [
                0.414,
                0.674,
                0.878,
                0.727
            ],
            "angle": 0,
            "content": "<table><tr><td></td><td>Debit</td><td>Credit</td></tr><tr><td>Consolidated reserves</td><td>600</td><td></td></tr><tr><td>Link account(Fin.Inv.)</td><td></td><td>600</td></tr></table>"
        }
    ],
    [
        {
            "type": "header",
            "bbox": [
                0.123,
                0.065,
                0.375,
                0.079
            ],
            "angle": 0,
            "content": "DIRECT CONSOLIDATION"
        },
        {
            "type": "table",
            "bbox": [
                0.119,
                0.118,
                0.884,
                0.784
            ],
            "angle": 0,
            "content": "<table><tr><td>DELTA</td><td>(1) (CUR)</td><td>(2)</td><td>(3)</td><td>(4)</td><td>(5)</td><td>(6)</td></tr><tr><td>Goodwill (gross val.)</td><td></td><td></td><td></td><td></td><td></td><td>0</td></tr><tr><td>Goodwill (deprec.)</td><td></td><td></td><td></td><td></td><td></td><td>0</td></tr><tr><td>Lands</td><td></td><td></td><td></td><td></td><td></td><td>0</td></tr><tr><td>Tangible assets (acq.val.)</td><td>8,000</td><td>7,200</td><td></td><td></td><td></td><td>7,200</td></tr><tr><td>Tangible assets (deprec.)</td><td>(4,800)</td><td>(4,320)</td><td></td><td></td><td></td><td>(4,320)</td></tr><tr><td>Fin.invest./BETA</td><td></td><td></td><td></td><td></td><td></td><td>0</td></tr><tr><td>Fin.invest./GAMMA</td><td></td><td></td><td></td><td></td><td></td><td>0</td></tr><tr><td>Fin.invest./DELTA</td><td></td><td></td><td></td><td></td><td></td><td>0</td></tr><tr><td>Fin.invest./MU</td><td></td><td></td><td></td><td></td><td></td><td>0</td></tr><tr><td>Equity value</td><td></td><td></td><td></td><td></td><td></td><td>0</td></tr><tr><td>Receivables/3rd Parties</td><td>14,000</td><td>12,600</td><td></td><td></td><td></td><td>12,600</td></tr><tr><td>Receivables/DELTA</td><td></td><td></td><td></td><td></td><td></td><td>0</td></tr><tr><td>Cash</td><td>4,800</td><td>4,320</td><td></td><td></td><td></td><td>4,320</td></tr><tr><td>Link account(Intelcos)</td><td></td><td></td><td></td><td></td><td></td><td>0</td></tr><tr><td>Link account(Fin.Inv.)</td><td></td><td></td><td></td><td></td><td></td><td>0</td></tr><tr><td></td><td>22,000</td><td>19,800</td><td>0</td><td>0</td><td>0</td><td>19,800</td></tr><tr><td>Capital</td><td>8,000</td><td>7,200</td><td>800</td><td>(800)</td><td></td><td>7,200</td></tr><tr><td>Retained earnings</td><td>4,200</td><td>3,780</td><td>140</td><td>(380)</td><td></td><td>3,540</td></tr><tr><td>Reserves</td><td></td><td></td><td></td><td></td><td>210</td><td>210</td></tr><tr><td>Result</td><td>1,000</td><td>900</td><td></td><td>(300)</td><td></td><td>600</td></tr><tr><td>Consolidated reserves</td><td></td><td></td><td></td><td></td><td></td><td>0</td></tr><tr><td>Translation adjustments</td><td></td><td></td><td>(940)</td><td>1,480</td><td>60</td><td>600</td></tr><tr><td>Minority interests</td><td></td><td></td><td></td><td></td><td></td><td>0</td></tr><tr><td>Provisions</td><td>2,000</td><td>1,800</td><td></td><td></td><td>(270)</td><td>1,530</td></tr><tr><td>Payables/3rd Parties</td><td>5,550</td><td>4,995</td><td></td><td></td><td></td><td>4,995</td></tr><tr><td>Payables/ALPHA</td><td>1,250</td><td>1,125</td><td></td><td></td><td></td><td>1,125</td></tr><tr><td></td><td>22,000</td><td>19,800</td><td>0</td><td>0</td><td>0</td><td>19,800</td></tr><tr><td>Turnover/3rd Parties</td><td>40,000</td><td>24,000</td><td></td><td></td><td></td><td>24,000</td></tr><tr><td>Turnover/DELTA</td><td></td><td></td><td></td><td></td><td></td><td>0</td></tr><tr><td>Dividends/DELTA</td><td></td><td></td><td></td><td></td><td></td><td>0</td></tr><tr><td>Exchange gain(unrealized)</td><td></td><td></td><td></td><td></td><td></td><td>0</td></tr><tr><td>Gain on disposals</td><td></td><td></td><td></td><td></td><td></td><td>0</td></tr><tr><td>Purchases/3rd Parties</td><td>(32,400)</td><td>(19,440)</td><td></td><td></td><td></td><td>(19,440)</td></tr><tr><td>Purchases/ALPHA</td><td>(5,200)</td><td>(3,120)</td><td></td><td></td><td></td><td>(3,120)</td></tr><tr><td>Depreciations</td><td>(800)</td><td>(480)</td><td></td><td></td><td></td><td>(480)</td></tr><tr><td>Provisions</td><td>(600)</td><td>(360)</td><td></td><td></td><td></td><td>(360)</td></tr><tr><td>Exchange loss (realized)</td><td></td><td></td><td></td><td></td><td></td><td>0</td></tr><tr><td>Loss on disposals</td><td></td><td></td><td></td><td></td><td></td><td>0</td></tr><tr><td>Loss on equity</td><td></td><td></td><td></td><td></td><td></td><td>0</td></tr><tr><td>Link account(Intercos)</td><td></td><td></td><td></td><td></td><td></td><td>0</td></tr><tr><td>Result</td><td>1,000</td><td>600</td><td>0</td><td>0</td><td>0</td><td>600</td></tr><tr><td>Group result</td><td></td><td></td><td></td><td></td><td></td><td></td></tr><tr><td>Minority result</td><td></td><td></td><td></td><td></td><td></td><td></td></tr></table>"
        }
    ],
    [
        {
            "type": "header",
            "bbox": [
                0.434,
                0.074,
                0.852,
                0.09
            ],
            "angle": 0,
            "content": "PART 6 CONSOLIDATION CASE STUDY"
        },
        {
            "type": "title",
            "bbox": [
                0.105,
                0.12,
                0.331,
                0.138
            ],
            "angle": 0,
            "content": "DELTA - Column (1)"
        },
        {
            "type": "text",
            "bbox": [
                0.105,
                0.153,
                0.508,
                0.171
            ],
            "angle": 0,
            "content": "Statutory accounts in local currency CUR."
        },
        {
            "type": "title",
            "bbox": [
                0.105,
                0.185,
                0.331,
                0.203
            ],
            "angle": 0,
            "content": "DELTA - Column (2)"
        },
        {
            "type": "text",
            "bbox": [
                0.104,
                0.218,
                0.867,
                0.251
            ],
            "angle": 0,
            "content": "Accounts translated at closing rate of 0.9 for the balance sheet and at average rate of 0.6 for the P&L."
        },
        {
            "type": "title",
            "bbox": [
                0.106,
                0.266,
                0.331,
                0.283
            ],
            "angle": 0,
            "content": "DELTA - Column (3)"
        },
        {
            "type": "text",
            "bbox": [
                0.105,
                0.298,
                0.4,
                0.38
            ],
            "angle": 0,
            "content": "We carry forward the corresponding translation adjustment booked in Year 1 consolidation. The Result impact is transferred to the Re"
        },
        {
            "type": "table",
            "bbox": [
                0.413,
                0.291,
                0.872,
                0.359
            ],
            "angle": 0,
            "content": "<table><tr><td></td><td>Debit</td><td>Credit</td></tr><tr><td>Capital</td><td></td><td>800</td></tr><tr><td>Retained earnings</td><td></td><td>140</td></tr><tr><td>Translation adjustments</td><td>940</td><td></td></tr></table>"
        },
        {
            "type": "title",
            "bbox": [
                0.106,
                0.394,
                0.331,
                0.411
            ],
            "angle": 0,
            "content": "DELTA \\(=\\) Column (4)"
        },
        {
            "type": "text",
            "bbox": [
                0.105,
                0.426,
                0.4,
                0.506
            ],
            "angle": 0,
            "content": "A new translation adjustment is necessary because of the historical value of the equity. Where those amounts come from?"
        },
        {
            "type": "table",
            "bbox": [
                0.412,
                0.409,
                0.872,
                0.493
            ],
            "angle": 0,
            "content": "<table><tr><td></td><td>Debit</td><td>Credit</td></tr><tr><td>Capital</td><td>800</td><td></td></tr><tr><td>Retained earnings</td><td>380</td><td></td></tr><tr><td>Result</td><td>300</td><td></td></tr><tr><td>Translation adjustments</td><td colspan=\"2\">1,480</td></tr></table>"
        },
        {
            "type": "text",
            "bbox": [
                0.144,
                0.522,
                0.867,
                0.572
            ],
            "angle": 0,
            "content": "- Capital must be valuated finally at a historical value of \\(7200 = 8000\\) CUR \\(*\\) 0.9. After column (3) adjustment, its value is \\(6400 = 7200 + (800)\\). This explains the debit amount of \\(800 = 7200 - 6400\\)."
        },
        {
            "type": "text",
            "bbox": [
                0.144,
                0.585,
                0.868,
                0.635
            ],
            "angle": 0,
            "content": "- Historical value of Retained earnings is \\(3540 = 4000\\ \\mathrm{CUR}^{\\star}0.85 + 200\\ \\mathrm{CUR}^{\\star}0.7\\). After column (3) adjustment, its value is 3920. This explains the debit amount of \\(380 = 3920 - 3540\\)."
        },
        {
            "type": "text",
            "bbox": [
                0.144,
                0.649,
                0.863,
                0.684
            ],
            "angle": 0,
            "content": "- Correct value for the Result is \\(600 = 1000\\mathrm{CUR}^{*}0.6\\) instead of 900, giving a correction of \\(300 = 900 - 600\\)."
        },
        {
            "type": "list",
            "bbox": [
                0.144,
                0.522,
                0.868,
                0.684
            ],
            "angle": 0,
            "content": null
        },
        {
            "type": "title",
            "bbox": [
                0.107,
                0.698,
                0.331,
                0.715
            ],
            "angle": 0,
            "content": "DELTA - Column (5)"
        },
        {
            "type": "text",
            "bbox": [
                0.105,
                0.731,
                0.4,
                0.795
            ],
            "angle": 0,
            "content": "The Year 1 provision for 300 CUR must be maintained in the consolidation. The local currency adjustment is"
        },
        {
            "type": "table",
            "bbox": [
                0.412,
                0.712,
                0.872,
                0.781
            ],
            "angle": 0,
            "content": "<table><tr><td></td><td>Debit</td><td>Credit</td></tr><tr><td>Provisions</td><td>270</td><td></td></tr><tr><td>Reserves</td><td></td><td>210</td></tr><tr><td>Translation adjustments</td><td></td><td>60</td></tr></table>"
        },
        {
            "type": "text",
            "bbox": [
                0.104,
                0.795,
                0.867,
                0.86
            ],
            "angle": 0,
            "content": "Provisions Debit 300 and Reserves Credit 300. After translation, Provisions is translated at closing rate of 0.9 and Reserves must be translated at the historical rate (= average rate of Year 1) of 0.7. The difference between the two amounts is booked on the Translation adjustment account."
        }
    ],
    [
        {
            "type": "header",
            "bbox": [
                0.121,
                0.068,
                0.367,
                0.082
            ],
            "angle": 0,
            "content": "DIRECT CONSOLIDATION"
        },
        {
            "type": "table",
            "bbox": [
                0.12,
                0.119,
                0.887,
                0.671
            ],
            "angle": 0,
            "content": "<table><tr><td>DELTA</td><td>(6)</td><td>(7)</td><td>(8)</td><td>(9)</td><td>(10)</td><td>(11)</td><td>(12)</td><td>(13)</td></tr><tr><td>Goodwill (gross val.)</td><td>0</td><td></td><td></td><td></td><td></td><td></td><td></td><td>0</td></tr><tr><td>Goodwill (deprec.)</td><td>0</td><td></td><td></td><td></td><td></td><td></td><td></td><td>0</td></tr><tr><td>(Lands)</td><td>0</td><td></td><td></td><td></td><td></td><td></td><td></td><td>0</td></tr><tr><td>Tangible assets (acq.val.)</td><td>7,200</td><td></td><td></td><td></td><td></td><td></td><td></td><td>7,200</td></tr><tr><td>Tangible assets (deprec.)</td><td>(4,320)</td><td></td><td></td><td></td><td></td><td></td><td></td><td>(4,320)</td></tr><tr><td>Fin.invest./BETA</td><td>0</td><td></td><td></td><td></td><td></td><td></td><td></td><td>0</td></tr><tr><td>Fin.invest./GAMMA</td><td>0</td><td></td><td></td><td></td><td></td><td></td><td></td><td>0</td></tr><tr><td>Fin.invest./DELTA</td><td>0</td><td></td><td></td><td></td><td></td><td></td><td></td><td>0</td></tr><tr><td>Fin.invest./MU</td><td>0</td><td></td><td></td><td></td><td></td><td></td><td></td><td>0</td></tr><tr><td>Equity value</td><td>0</td><td></td><td></td><td></td><td></td><td></td><td></td><td>0</td></tr><tr><td>Receivables/3rd Patties</td><td>12,600</td><td></td><td></td><td></td><td></td><td></td><td></td><td>12,600</td></tr><tr><td>Receivables/DELTA</td><td>0</td><td></td><td></td><td></td><td></td><td></td><td></td><td>0</td></tr><tr><td>Cash</td><td>4,320</td><td></td><td></td><td></td><td></td><td></td><td></td><td>4,320</td></tr><tr><td>Link account(Intercos)</td><td>0</td><td></td><td></td><td>(1,000)</td><td></td><td></td><td></td><td>(1,000)</td></tr><tr><td>Link account(Fin,Inv.)</td><td>0</td><td></td><td></td><td></td><td></td><td></td><td></td><td>(3,600)</td></tr><tr><td></td><td>19,800</td><td>0</td><td>0</td><td>(1,000)</td><td>0</td><td>0</td><td>(3,600)</td><td>15,200</td></tr><tr><td>Capital</td><td>7,200</td><td></td><td></td><td></td><td>(2,880)</td><td>(4,320)</td><td></td><td>0</td></tr><tr><td>Retained earnings</td><td>3,540</td><td></td><td></td><td></td><td>(1,416)</td><td>(2,124)</td><td></td><td>0</td></tr><tr><td>Reserves</td><td>210</td><td></td><td></td><td></td><td>(84)</td><td>(126)</td><td></td><td>0</td></tr><tr><td>Result</td><td>600</td><td>125</td><td></td><td></td><td>(290)</td><td>(435)</td><td></td><td>0</td></tr><tr><td>Consolidated rel.:erves</td><td>0</td><td></td><td></td><td></td><td></td><td>7,005</td><td>(3,600)</td><td>3,405</td></tr><tr><td>Translation adjustments</td><td>600</td><td></td><td></td><td></td><td>(240)</td><td></td><td></td><td>360</td></tr><tr><td>Minority interests</td><td>0</td><td></td><td></td><td></td><td>4,910</td><td></td><td></td><td>4,910</td></tr><tr><td>Provisions</td><td>1,530</td><td></td><td></td><td></td><td></td><td></td><td></td><td>1,530</td></tr><tr><td>Payables/3rd Parties</td><td>4,995</td><td></td><td></td><td></td><td></td><td></td><td></td><td>4,995</td></tr><tr><td>Payables/ALPHA</td><td>1,125</td><td>(125)</td><td></td><td>(1,000)</td><td></td><td></td><td></td><td>0</td></tr><tr><td></td><td>19,800</td><td>0</td><td>0</td><td>(1,000)</td><td>0</td><td>0</td><td>(3,600)</td><td>15,200</td></tr><tr><td>Turnover/3rd Parties</td><td>24,000</td><td></td><td></td><td></td><td></td><td></td><td></td><td>24,000</td></tr><tr><td>Turnover/DELTA</td><td>0</td><td></td><td></td><td></td><td></td><td></td><td></td><td>0</td></tr><tr><td>Dividends/DELTA</td><td>0</td><td></td><td></td><td></td><td></td><td></td><td></td><td>0</td></tr><tr><td>Exchange gain(unrealized)</td><td>0</td><td>125</td><td></td><td></td><td></td><td></td><td></td><td>125</td></tr><tr><td>Gain on disposals</td><td>0</td><td></td><td></td><td></td><td></td><td></td><td></td><td>0</td></tr><tr><td>Purchases/3rd Parties</td><td>(19,440)</td><td></td><td></td><td></td><td></td><td></td><td></td><td>(19,440)</td></tr><tr><td>Purchases/ALPHA</td><td>(3,120)</td><td></td><td>120</td><td>3,000</td><td></td><td></td><td></td><td>0</td></tr><tr><td>Depreciations</td><td>(480)</td><td></td><td></td><td></td><td></td><td></td><td></td><td>(480)</td></tr><tr><td>Provisions</td><td>(360)</td><td></td><td></td><td></td><td></td><td></td><td></td><td>(360)</td></tr><tr><td>Exchange loss( realized)</td><td>0</td><td></td><td>(120)</td><td></td><td></td><td></td><td></td><td>(120)</td></tr><tr><td>Loss on disposals</td><td>0</td><td></td><td></td><td></td><td></td><td></td><td></td><td>0</td></tr><tr><td>Loss on equity cies</td><td>0</td><td></td><td></td><td></td><td></td><td></td><td></td><td>0</td></tr><tr><td>Link account(Intercos)</td><td>0</td><td></td><td></td><td>(3,000)</td><td></td><td></td><td></td><td>(3,000)</td></tr><tr><td>Result</td><td>600</td><td>125</td><td>0</td><td>0</td><td>0</td><td>0</td><td>0</td><td>725</td></tr><tr><td>Group result</td><td></td><td></td><td></td><td></td><td></td><td></td><td></td><td>435</td></tr><tr><td>Minority result</td><td></td><td></td><td></td><td></td><td></td><td></td><td></td><td>290</td></tr></table>"
        },
        {
            "type": "page_number",
            "bbox": [
                0.475,
                0.923,
                0.519,
                0.937
            ],
            "angle": 0,
            "content": "410"
        }
    ],
    [
        {
            "type": "header",
            "bbox": [
                0.432,
                0.073,
                0.856,
                0.09
            ],
            "angle": 0,
            "content": "PART 6 CONSOLIDATION CASE STUDY"
        },
        {
            "type": "title",
            "bbox": [
                0.102,
                0.122,
                0.327,
                0.14
            ],
            "angle": 0,
            "content": "DELTA - Column (7)"
        },
        {
            "type": "text",
            "bbox": [
                0.1,
                0.155,
                0.396,
                0.221
            ],
            "angle": 0,
            "content": "The intercompany being identified as 1000 EUR, we adapt the Payables side by considering an exchange gain"
        },
        {
            "type": "table",
            "bbox": [
                0.411,
                0.145,
                0.877,
                0.2
            ],
            "angle": 0,
            "content": "<table><tr><td></td><td>Debit</td><td>Credit</td></tr><tr><td>Payables/ALPHA</td><td>125</td><td></td></tr><tr><td>Exchange gain(unrealized)</td><td></td><td>125</td></tr></table>"
        },
        {
            "type": "title",
            "bbox": [
                0.102,
                0.235,
                0.327,
                0.252
            ],
            "angle": 0,
            "content": "DELTA - Column (8)"
        },
        {
            "type": "text",
            "bbox": [
                0.101,
                0.267,
                0.397,
                0.333
            ],
            "angle": 0,
            "content": "We apply the same principle for the intercompany Purchases but this time it is just a reclassification between"
        },
        {
            "type": "table",
            "bbox": [
                0.411,
                0.252,
                0.87,
                0.304
            ],
            "angle": 0,
            "content": "<table><tr><td></td><td>Debit</td><td>Credit</td></tr><tr><td>Exchange loss(realized)</td><td>120</td><td></td></tr><tr><td>Purchases/ALPHA</td><td></td><td>120</td></tr></table>"
        },
        {
            "type": "title",
            "bbox": [
                0.103,
                0.348,
                0.327,
                0.365
            ],
            "angle": 0,
            "content": "DELTA - Column (9)"
        },
        {
            "type": "text",
            "bbox": [
                0.102,
                0.38,
                0.397,
                0.46
            ],
            "angle": 0,
            "content": "We can eliminate both intercompany amounts via a Link account, the first one in the balance sheet and the second one in the P&L."
        },
        {
            "type": "table",
            "bbox": [
                0.414,
                0.36,
                0.859,
                0.445
            ],
            "angle": 0,
            "content": "<table><tr><td></td><td>Debit</td><td>Credit</td></tr><tr><td>Payables/ALPHA</td><td>1,000</td><td></td></tr><tr><td>Link account(Intercos)</td><td></td><td>1,000</td></tr><tr><td>Link account(Intercos)</td><td>3,000</td><td></td></tr><tr><td>Purchases ALPHA</td><td></td><td></td></tr></table>"
        },
        {
            "type": "title",
            "bbox": [
                0.104,
                0.476,
                0.342,
                0.493
            ],
            "angle": 0,
            "content": "DELTA - Column (10)"
        },
        {
            "type": "text",
            "bbox": [
                0.103,
                0.509,
                0.397,
                0.559
            ],
            "angle": 0,
            "content": "Elimination of \\(40\\%\\) of each equity account and transfer to the Minority interests."
        },
        {
            "type": "table",
            "bbox": [
                0.412,
                0.476,
                0.859,
                0.597
            ],
            "angle": 0,
            "content": "<table><tr><td></td><td>Debit</td><td>Credit</td></tr><tr><td>Capital</td><td>2,880</td><td></td></tr><tr><td>Retained earnings</td><td>1,416</td><td></td></tr><tr><td>Reserves</td><td>84</td><td></td></tr><tr><td>Result</td><td>290</td><td></td></tr><tr><td>Translation adjustments</td><td>240</td><td></td></tr><tr><td>Minority interests</td><td></td><td>4,910</td></tr></table>"
        },
        {
            "type": "title",
            "bbox": [
                0.104,
                0.605,
                0.344,
                0.622
            ],
            "angle": 0,
            "content": "DELTA - Column (11)"
        },
        {
            "type": "text",
            "bbox": [
                0.104,
                0.637,
                0.399,
                0.702
            ],
            "angle": 0,
            "content": "Elimination of \\(60\\%\\) of each equity account and transfer to the Consolidated reserves account."
        },
        {
            "type": "table",
            "bbox": [
                0.412,
                0.622,
                0.86,
                0.727
            ],
            "angle": 0,
            "content": "<table><tr><td></td><td>Debit</td><td>Credit</td></tr><tr><td>Capital</td><td>4,320</td><td></td></tr><tr><td>Retained earnings</td><td>2,124</td><td></td></tr><tr><td>Reserves</td><td>126</td><td></td></tr><tr><td>Result</td><td>435</td><td></td></tr><tr><td>Consolidated reserves</td><td></td><td>7,005</td></tr></table>"
        },
        {
            "type": "title",
            "bbox": [
                0.105,
                0.75,
                0.344,
                0.767
            ],
            "angle": 0,
            "content": "DELTA - Column (12)"
        },
        {
            "type": "text",
            "bbox": [
                0.104,
                0.782,
                0.399,
                0.847
            ],
            "angle": 0,
            "content": "This amount is the Financial investment value booked in ALPHA accounts on company DELTA."
        },
        {
            "type": "table",
            "bbox": [
                0.412,
                0.77,
                0.86,
                0.825
            ],
            "angle": 0,
            "content": "<table><tr><td></td><td>Debit</td><td>Credit</td></tr><tr><td>Consolidated reserves</td><td>3,600</td><td></td></tr><tr><td>Link account(Fin.Inv.)</td><td></td><td>3,600</td></tr></table>"
        }
    ],
    [
        {
            "type": "header",
            "bbox": [
                0.119,
                0.07,
                0.371,
                0.085
            ],
            "angle": 0,
            "content": "DIRECT CONSOLIDATION"
        },
        {
            "type": "table",
            "bbox": [
                0.117,
                0.119,
                0.851,
                0.821
            ],
            "angle": 0,
            "content": "<table><tr><td>MU</td><td>(1)</td><td>(2)</td><td>(3)</td><td>(4)</td><td>(5)</td><td>(6)</td></tr><tr><td>Goodwill (gross val.)</td><td></td><td></td><td></td><td></td><td></td><td>0</td></tr><tr><td>Goodwill (deprec.)</td><td></td><td></td><td></td><td></td><td></td><td>0</td></tr><tr><td>Lands</td><td></td><td></td><td></td><td></td><td></td><td>0</td></tr><tr><td>Tangible assets (acq.val.)</td><td>6,000</td><td></td><td></td><td></td><td></td><td>6,000</td></tr><tr><td>Tangible assets (deprec.)</td><td>(3,000)</td><td></td><td></td><td></td><td></td><td>(3,000)</td></tr><tr><td>Fin.invest./BETA</td><td></td><td></td><td></td><td></td><td></td><td>0</td></tr><tr><td>Fin.invest./GAMMA</td><td></td><td></td><td></td><td></td><td></td><td>0</td></tr><tr><td>Fin.invest./DELTA</td><td></td><td></td><td></td><td></td><td></td><td>0</td></tr><tr><td>Fin.invest./MU</td><td></td><td></td><td></td><td></td><td></td><td>0</td></tr><tr><td>Equity value</td><td></td><td></td><td></td><td></td><td></td><td>0</td></tr><tr><td>Receivables/3rd Parties</td><td>3,000</td><td></td><td></td><td></td><td></td><td>3,000</td></tr><tr><td>Receivables/DELTA</td><td></td><td></td><td></td><td></td><td></td><td>0</td></tr><tr><td>Cash</td><td>2,000</td><td></td><td></td><td></td><td></td><td>2,000</td></tr><tr><td>Link account(Intercos)</td><td></td><td></td><td></td><td></td><td></td><td>0</td></tr><tr><td>Link account(Fin.Inv.)</td><td></td><td></td><td></td><td></td><td>(3,024)</td><td>(3,024)</td></tr><tr><td></td><td>8,000</td><td>0</td><td>0</td><td>0</td><td>(3,024)</td><td>4,976</td></tr><tr><td colspan=\"7\"></td></tr><tr><td>Capital</td><td>3,000</td><td></td><td>(840)</td><td>(2,160)</td><td></td><td>0</td></tr><tr><td>Retained earnings</td><td>1,000</td><td></td><td>(280)</td><td>(720)</td><td></td><td>0</td></tr><tr><td>Reserves</td><td></td><td>200</td><td>(56)</td><td>(144)</td><td></td><td>0</td></tr><tr><td>Result</td><td>500</td><td>(200)</td><td>(84)</td><td>(216)</td><td></td><td>0</td></tr><tr><td>Consolidated reserves</td><td></td><td></td><td></td><td>3,240</td><td>(3,024)</td><td>216</td></tr><tr><td>Translation adjustments</td><td></td><td></td><td></td><td></td><td></td><td>0</td></tr><tr><td>Minority interests</td><td></td><td></td><td>1,260</td><td></td><td></td><td>1,260</td></tr><tr><td>Provisions</td><td></td><td></td><td></td><td></td><td></td><td>0</td></tr><tr><td>Payables/3rd Parties</td><td>3,500</td><td></td><td></td><td></td><td></td><td>3,500</td></tr><tr><td>Payables/ALPHA</td><td></td><td></td><td></td><td></td><td></td><td>0</td></tr><tr><td></td><td>8,000</td><td>0</td><td>0</td><td>0</td><td>(3,024)</td><td>4,976</td></tr><tr><td colspan=\"7\"></td></tr><tr><td>Turnover/3rd Parties</td><td>10,000</td><td>(6,000)</td><td></td><td></td><td></td><td>4,000</td></tr><tr><td>Turnover/DELTA</td><td></td><td></td><td></td><td></td><td></td><td>0</td></tr><tr><td>Dividends/DELTA</td><td></td><td></td><td></td><td></td><td></td><td>0</td></tr><tr><td>Exchange gain(unrealized)</td><td></td><td></td><td></td><td></td><td></td><td>0</td></tr><tr><td>Gain on disposals</td><td></td><td></td><td></td><td></td><td></td><td>0</td></tr><tr><td>Purchases/3rd Parties</td><td>(8,900)</td><td>5,500</td><td></td><td></td><td></td><td>(3,400)</td></tr><tr><td>Purchases/ALPHA</td><td></td><td></td><td></td><td></td><td></td><td>0</td></tr><tr><td>Depreciations</td><td>(600)</td><td>300</td><td></td><td></td><td></td><td>(300)</td></tr><tr><td>Provisions</td><td></td><td></td><td></td><td></td><td></td><td>0</td></tr><tr><td>Exchange loss( realized)</td><td></td><td></td><td></td><td></td><td></td><td>0</td></tr><tr><td>Loss on disposals</td><td></td><td></td><td></td><td></td><td></td><td>0</td></tr><tr><td>Loss on equity cies</td><td></td><td></td><td></td><td></td><td></td><td>0</td></tr><tr><td>Link account(Intercos)</td><td></td><td></td><td></td><td></td><td></td><td>0</td></tr><tr><td>Result</td><td>500</td><td>(200)</td><td>0</td><td>0</td><td>0</td><td>300</td></tr><tr><td>Group result</td><td></td><td></td><td></td><td></td><td></td><td>216</td></tr><tr><td>Minority result</td><td></td><td></td><td></td><td></td><td></td><td>84</td></tr></table>"
        },
        {
            "type": "page_number",
            "bbox": [
                0.476,
                0.925,
                0.52,
                0.94
            ],
            "angle": 0,
            "content": "412"
        }
    ],
    [
        {
            "type": "header",
            "bbox": [
                0.434,
                0.073,
                0.856,
                0.088
            ],
            "angle": 0,
            "content": "PART 6 CONSOLIDATION CASE STUDY"
        },
        {
            "type": "title",
            "bbox": [
                0.1,
                0.152,
                0.291,
                0.169
            ],
            "angle": 0,
            "content": "MU - Column (1)"
        },
        {
            "type": "text",
            "bbox": [
                0.099,
                0.186,
                0.871,
                0.219
            ],
            "angle": 0,
            "content": "Statutory accounts of this new company entering the consolidation scope. Notice that these accounts show a profit of 500 for the 12 months of Year 2."
        },
        {
            "type": "title",
            "bbox": [
                0.1,
                0.234,
                0.291,
                0.251
            ],
            "angle": 0,
            "content": "MU - Column (2)"
        },
        {
            "type": "text",
            "bbox": [
                0.1,
                0.266,
                0.437,
                0.347
            ],
            "angle": 0,
            "content": "The company having a profit of 200 at the date of acquisition, it must be reversed to the Reserves and all P&L accounts contributing to this result must"
        },
        {
            "type": "text",
            "bbox": [
                0.1,
                0.347,
                0.875,
                0.382
            ],
            "angle": 0,
            "content": "also be eliminated. On the basis of the information given at the beginning of this case study, we have the adjustment, as opposite."
        },
        {
            "type": "table",
            "bbox": [
                0.451,
                0.256,
                0.871,
                0.343
            ],
            "angle": 0,
            "content": "<table><tr><td></td><td>Debit</td><td>Credit</td></tr><tr><td>Reserves</td><td></td><td>200</td></tr><tr><td>Turnover/3rd Parties</td><td>6,000</td><td></td></tr><tr><td>Purchases/3rd Parties</td><td></td><td>5,500</td></tr><tr><td>Depreciations</td><td></td><td>300</td></tr></table>"
        },
        {
            "type": "title",
            "bbox": [
                0.102,
                0.395,
                0.293,
                0.412
            ],
            "angle": 0,
            "content": "MU - Column (3)"
        },
        {
            "type": "text",
            "bbox": [
                0.102,
                0.427,
                0.436,
                0.493
            ],
            "angle": 0,
            "content": "Elimination of \\(28\\% = 100\\%\\) - \\([80\\% * 90\\%]\\) of each equity account and transfer to the Minority interests."
        },
        {
            "type": "table",
            "bbox": [
                0.452,
                0.398,
                0.871,
                0.503
            ],
            "angle": 0,
            "content": "<table><tr><td></td><td>Debit</td><td>Credit</td></tr><tr><td>Capital</td><td>840</td><td></td></tr><tr><td>Retained earnings</td><td>280</td><td></td></tr><tr><td>Reserves</td><td>56</td><td></td></tr><tr><td>Result</td><td>84</td><td></td></tr><tr><td>Minority interests</td><td></td><td>1,260</td></tr></table>"
        },
        {
            "type": "title",
            "bbox": [
                0.104,
                0.541,
                0.294,
                0.557
            ],
            "angle": 0,
            "content": "MU - Column (4)"
        },
        {
            "type": "text",
            "bbox": [
                0.103,
                0.572,
                0.438,
                0.638
            ],
            "angle": 0,
            "content": "Elimination of \\(72\\% = 80\\%\\)\n* 90% of each equity account and\ntransfer to the Consolidated\nreserves account"
        },
        {
            "type": "table",
            "bbox": [
                0.452,
                0.543,
                0.871,
                0.648
            ],
            "angle": 0,
            "content": "<table><tr><td></td><td>Debit</td><td>Credit</td></tr><tr><td>Capital</td><td>840</td><td></td></tr><tr><td>Retained earnings</td><td>280</td><td></td></tr><tr><td>Reserves</td><td>56</td><td></td></tr><tr><td>Result</td><td>84</td><td></td></tr><tr><td>Minority interests</td><td></td><td>1,260</td></tr></table>"
        },
        {
            "type": "title",
            "bbox": [
                0.105,
                0.669,
                0.295,
                0.686
            ],
            "angle": 0,
            "content": "MU - Column (5)"
        },
        {
            "type": "text",
            "bbox": [
                0.104,
                0.703,
                0.438,
                0.769
            ],
            "angle": 0,
            "content": "This amount is the adjusted Financial investment value booked in ALPHA accounts on company MU."
        },
        {
            "type": "table",
            "bbox": [
                0.454,
                0.69,
                0.871,
                0.743
            ],
            "angle": 0,
            "content": "<table><tr><td></td><td>Debit</td><td>Credit</td></tr><tr><td>Consolidated reserves</td><td>3,024</td><td></td></tr><tr><td>Link account(Fin.Inv.)</td><td></td><td>3,024</td></tr></table>"
        }
    ]
]