[
    {
        "type": "table",
        "img_path": "images/f10e208c7c21db862b95b5488bc3dfabc85eb13b5508c0f46692c985abd578aa.jpg",
        "table_caption": [],
        "table_footnote": [],
        "table_body": "<table><tr><td>BETA</td><td>(7)</td><td>(8)</td><td>(9)</td><td>(10)</td><td>(11)</td><td>(12)</td></tr><tr><td>Goodwill (gross val.)</td><td>220</td><td></td><td></td><td></td><td></td><td>220</td></tr><tr><td>Goodwill (deprec.)</td><td>(22)</td><td></td><td></td><td></td><td></td><td>(22)</td></tr><tr><td>Lands</td><td>1,000</td><td></td><td></td><td></td><td></td><td>1,000</td></tr><tr><td>Tangible assets (acq.val.)</td><td>5,000</td><td></td><td></td><td></td><td></td><td>5,000</td></tr><tr><td>Tangible assets (deprec.)</td><td>(2,200)</td><td></td><td></td><td></td><td></td><td>(2,200)</td></tr><tr><td>Fin.invest./BETR</td><td>0</td><td></td><td></td><td></td><td></td><td>0</td></tr><tr><td>Fin.invest./GAMMA</td><td>0</td><td></td><td></td><td></td><td></td><td>0</td></tr><tr><td>Fin.invest./DELTA</td><td>0</td><td></td><td></td><td></td><td></td><td>0</td></tr><tr><td>Fin.invest./MU</td><td>3,780</td><td>(756)</td><td></td><td>(3,024)</td><td></td><td>0</td></tr><tr><td>Equity value</td><td>0</td><td></td><td></td><td></td><td></td><td>0</td></tr><tr><td>Receivables/3rd Parties</td><td>7,000</td><td></td><td></td><td></td><td></td><td>7,000</td></tr><tr><td>Receivables/DELTA</td><td>0</td><td></td><td></td><td></td><td></td><td>0</td></tr><tr><td>Cash</td><td>1,000</td><td></td><td></td><td></td><td></td><td>1,000</td></tr><tr><td>Link account(Intercos)</td><td>0</td><td></td><td></td><td></td><td></td><td>0</td></tr><tr><td>Link account(Fin.Inv.)</td><td>0</td><td></td><td></td><td>3,024</td><td>(6,900)</td><td>(3,876)</td></tr><tr><td></td><td>15,778</td><td>(756)</td><td>0</td><td>0</td><td>(6,900)</td><td>8,122</td></tr><tr><td></td><td></td><td></td><td></td><td></td><td></td><td></td></tr><tr><td>Capital</td><td>6,000</td><td>(1,200)</td><td>(4,800)</td><td></td><td></td><td>0</td></tr><tr><td>Retained earnings</td><td>2,300</td><td>(460)</td><td>(1,840)</td><td></td><td></td><td>0</td></tr><tr><td>Reserves</td><td>200</td><td>(40)</td><td>(160)</td><td></td><td></td><td>0</td></tr><tr><td>Result</td><td>778</td><td>(156)</td><td>(622)</td><td></td><td></td><td>0</td></tr><tr><td>Consolidated reserves</td><td>0</td><td></td><td>7,422</td><td></td><td>(6,900)</td><td>522</td></tr><tr><td>Translation adjustments</td><td>0</td><td></td><td></td><td></td><td></td><td>0</td></tr><tr><td>Minority interests</td><td>0</td><td>1,100</td><td></td><td></td><td></td><td>1,100</td></tr><tr><td>Provisions</td><td>600</td><td></td><td></td><td></td><td></td><td>600</td></tr><tr><td>Payables/3rd Parties</td><td>5,900</td><td></td><td></td><td></td><td></td><td>5,900</td></tr><tr><td>Payables/ALPHA</td><td>0</td><td></td><td></td><td></td><td></td><td>0</td></tr><tr><td></td><td>15,778</td><td>(756)</td><td>0</td><td>0</td><td>(6,900)</td><td>8,122</td></tr><tr><td></td><td></td><td></td><td></td><td></td><td></td><td></td></tr><tr><td>Turnover/3rd Parties</td><td>30,000</td><td></td><td></td><td></td><td></td><td>30,000</td></tr><tr><td>Turnover/DELTA</td><td>0</td><td></td><td></td><td></td><td></td><td>0</td></tr><tr><td>Dividends/DELTA</td><td>0</td><td></td><td></td><td></td><td></td><td>0</td></tr><tr><td>Exchange gain(unrealized)</td><td>0</td><td></td><td></td><td></td><td></td><td>0</td></tr><tr><td>Gain on disposals</td><td>0</td><td></td><td></td><td></td><td></td><td>0</td></tr><tr><td>Purchases/3rd Parties</td><td>(28,400)</td><td></td><td></td><td></td><td></td><td>(28,400)</td></tr><tr><td>Purchases/ALPHA</td><td>0</td><td></td><td></td><td></td><td></td><td>0</td></tr><tr><td>Depreciations</td><td>(722)</td><td></td><td></td><td></td><td></td><td>(722)</td></tr><tr><td>Provisions</td><td>(100)</td><td></td><td></td><td></td><td></td><td>(100)</td></tr><tr><td>Exchange loss( realized)</td><td>0</td><td></td><td></td><td></td><td></td><td>0</td></tr><tr><td>Loss on disposals</td><td>0</td><td></td><td></td><td></td><td></td><td>0</td></tr><tr><td>Loss on equity cies</td><td>0</td><td></td><td></td><td></td><td></td><td>0</td></tr><tr><td>Link account(Intercos)</td><td>0</td><td></td><td></td><td></td><td></td><td>0</td></tr><tr><td>Result</td><td>778</td><td>0</td><td>0</td><td>0</td><td>0</td><td>778</td></tr><tr><td>Group result</td><td colspan=\"5\"></td><td>622</td></tr><tr><td>Minority result</td><td colspan=\"5\"></td><td>156</td></tr></table>",
        "bbox": [
            115,
            117,
            877,
            783
        ],
        "page_idx": 0
    },
    {
        "type": "header",
        "text": "DIRECT CONSOLIDATION",
        "bbox": [
            119,
            64,
            374,
            79
        ],
        "page_idx": 0
    },
    {
        "type": "text",
        "text": "BETA - Column (7)",
        "text_level": 1,
        "bbox": [
            94,
            119,
            308,
            135
        ],
        "page_idx": 1
    },
    {
        "type": "text",
        "text": "We continue by referencing to the subtotal column (7).",
        "bbox": [
            94,
            151,
            640,
            170
        ],
        "page_idx": 1
    },
    {
        "type": "text",
        "text": "BETA - Column (8)",
        "text_level": 1,
        "bbox": [
            96,
            182,
            308,
            201
        ],
        "page_idx": 1
    },
    {
        "type": "text",
        "text": "We calculate Minority interests by reclassifying  \\(20\\%\\)  of each equity account.",
        "bbox": [
            94,
            217,
            394,
            266
        ],
        "page_idx": 1
    },
    {
        "type": "text",
        "text": "We also consider 20% of Minority interests in the Financial investment, as explained in Part 2 of this book.",
        "bbox": [
            96,
            281,
            415,
            347
        ],
        "page_idx": 1
    },
    {
        "type": "table",
        "img_path": "images/0b7cb77232be7d5f0b91074f6eea47767325222e979bbc5404bfbc0bafd9af59.jpg",
        "table_caption": [],
        "table_footnote": [],
        "table_body": "<table><tr><td></td><td>Debit</td><td>Credit</td></tr><tr><td>Capital</td><td>1,200</td><td></td></tr><tr><td>Retained earnings</td><td>460</td><td></td></tr><tr><td>Reserves</td><td>40</td><td></td></tr><tr><td>Result</td><td>156</td><td></td></tr><tr><td>Fin.invest./MU</td><td></td><td>756</td></tr><tr><td>Minority interests</td><td></td><td>1,100</td></tr></table>",
        "bbox": [
            408,
            201,
            875,
            318
        ],
        "page_idx": 1
    },
    {
        "type": "text",
        "text": "BETA - Column (9)",
        "text_level": 1,
        "bbox": [
            98,
            362,
            312,
            379
        ],
        "page_idx": 1
    },
    {
        "type": "text",
        "text": "We then eliminate the group part of  \\(80\\%\\)  in the equity and book the counterpart on the Consolidated reserves account.",
        "bbox": [
            98,
            394,
            398,
            475
        ],
        "page_idx": 1
    },
    {
        "type": "table",
        "img_path": "images/b9b803e9f12e743c8063f57b4360f44af9ad35a8d3eaef91b5ee8082c482d03b.jpg",
        "table_caption": [],
        "table_footnote": [],
        "table_body": "<table><tr><td></td><td>Debit</td><td>Credit</td></tr><tr><td>Capital</td><td>4,800</td><td></td></tr><tr><td>Retained earnings</td><td>1,840</td><td></td></tr><tr><td>Reserves</td><td></td><td></td></tr><tr><td>Result</td><td>622</td><td></td></tr><tr><td>Consolidated reserves</td><td></td><td>7,422</td></tr></table>",
        "bbox": [
            411,
            381,
            877,
            483
        ],
        "page_idx": 1
    },
    {
        "type": "text",
        "text": "BETA - Column (10)",
        "text_level": 1,
        "bbox": [
            100,
            506,
            327,
            524
        ],
        "page_idx": 1
    },
    {
        "type": "text",
        "text": "The net financial investment on company MU is eliminated via the Link account.",
        "bbox": [
            100,
            541,
            398,
            589
        ],
        "page_idx": 1
    },
    {
        "type": "table",
        "img_path": "images/ad4fc68333e4d15f66adc99ef454c35f8121ab720d3b7490346cae607f367ff6.jpg",
        "table_caption": [],
        "table_footnote": [],
        "table_body": "<table><tr><td></td><td>Debit</td><td>Credit</td></tr><tr><td>Link account(Fin.Inv.)</td><td>3,024</td><td></td></tr><tr><td>Fin.invest./MU</td><td></td><td>3,024</td></tr></table>",
        "bbox": [
            413,
            522,
            877,
            577
        ],
        "page_idx": 1
    },
    {
        "type": "text",
        "text": "BETA - Column (11)",
        "text_level": 1,
        "bbox": [
            100,
            603,
            329,
            622
        ],
        "page_idx": 1
    },
    {
        "type": "text",
        "text": "We finally pick up the adjusted financial value on company BETA in ALPHA accounts and book it on the",
        "bbox": [
            100,
            636,
            400,
            701
        ],
        "page_idx": 1
    },
    {
        "type": "text",
        "text": "Consolidated reserves via the Link account.",
        "bbox": [
            102,
            703,
            528,
            718
        ],
        "page_idx": 1
    },
    {
        "type": "table",
        "img_path": "images/6c861b758af310e8494d3117a82d4bac024430449b122905f576eacccd14e269.jpg",
        "table_caption": [],
        "table_footnote": [],
        "table_body": "<table><tr><td></td><td>Debit</td><td>Credit</td></tr><tr><td>Consolidated reserves</td><td>6,900</td><td></td></tr><tr><td>Link account(Fin.Inv.)</td><td></td><td>6,900</td></tr></table>",
        "bbox": [
            413,
            631,
            877,
            686
        ],
        "page_idx": 1
    },
    {
        "type": "header",
        "text": "PART 6 CONSOLIDATION CASE STUDY",
        "bbox": [
            430,
            70,
            854,
            86
        ],
        "page_idx": 1
    },
    {
        "type": "table",
        "img_path": "images/8d82cf04ff7992161d586c0cf30d34f20613f3c97de896d85a4ce22c18f72287.jpg",
        "table_caption": [],
        "table_footnote": [],
        "table_body": "<table><tr><td>GAMMA</td><td>(1)</td><td>(2)</td><td>(3)</td><td>(4)</td><td>(5)</td></tr><tr><td>Goodwill (gross val.)</td><td></td><td></td><td></td><td></td><td>0</td></tr><tr><td>Goodwill (deprec.)</td><td></td><td></td><td></td><td></td><td>0</td></tr><tr><td>Lands</td><td></td><td></td><td></td><td></td><td>0</td></tr><tr><td>Tangible assets (acq.val.)</td><td>5,000</td><td>(5,000)</td><td></td><td></td><td>0</td></tr><tr><td>Tangible assets (deprec.)</td><td>(1,300)</td><td>1,300</td><td></td><td></td><td>0</td></tr><tr><td>Fin.invest./BETA</td><td></td><td></td><td></td><td></td><td>0</td></tr><tr><td>Fin.invest./GAMMA</td><td></td><td></td><td></td><td></td><td>0</td></tr><tr><td>Fin.invest./DELTA</td><td></td><td></td><td></td><td></td><td>0</td></tr><tr><td>Fin.invest./MU</td><td></td><td></td><td></td><td></td><td>0</td></tr><tr><td>Equity value</td><td></td><td>270</td><td></td><td></td><td>270</td></tr><tr><td>Receivables/3rd Parties</td><td>3,000</td><td>(3,000)</td><td></td><td></td><td>0</td></tr><tr><td>Receivables/DELTA</td><td></td><td></td><td></td><td></td><td>0</td></tr><tr><td>Cash</td><td>1,300</td><td>(1,300)</td><td></td><td></td><td>0</td></tr><tr><td>Link account(s)</td><td></td><td></td><td></td><td></td><td>0</td></tr><tr><td>Link account(Fin.Inv.)</td><td></td><td></td><td></td><td>(600)</td><td>(600)</td></tr><tr><td></td><td>8,000</td><td>(7,730)</td><td>0</td><td>(600)</td><td>(330)</td></tr><tr><td></td><td></td><td></td><td></td><td></td><td></td></tr><tr><td>Capital</td><td>2,000</td><td>(1,400)</td><td>(600)</td><td></td><td>0</td></tr><tr><td>Retained earnings</td><td>(900)</td><td>630</td><td>270</td><td></td><td>0</td></tr><tr><td>Reserves</td><td></td><td></td><td></td><td></td><td>0</td></tr><tr><td>Result</td><td>(200)</td><td>140</td><td>60</td><td></td><td>0</td></tr><tr><td>Consolidated reserves</td><td></td><td></td><td>270</td><td>(600)</td><td>(330)</td></tr><tr><td>Translation adjustments</td><td></td><td></td><td></td><td></td><td>0</td></tr><tr><td>Minority interests</td><td></td><td></td><td></td><td></td><td>0</td></tr><tr><td>Provisions</td><td></td><td></td><td></td><td></td><td>0</td></tr><tr><td>Payables/3rd Parties</td><td>7,100</td><td>(7,100)</td><td></td><td></td><td>0</td></tr><tr><td>Payables/ALPHA</td><td></td><td></td><td></td><td></td><td>0</td></tr><tr><td></td><td>8,000</td><td>(7,730)</td><td>0</td><td>(600)</td><td>(330)</td></tr><tr><td></td><td></td><td></td><td></td><td></td><td></td></tr><tr><td>Turnover/3rd Parties</td><td>35,000</td><td>(35,000)</td><td></td><td></td><td>0</td></tr><tr><td>Turnover/DELTA</td><td></td><td></td><td></td><td></td><td>0</td></tr><tr><td>Dividends/DELTA</td><td></td><td></td><td></td><td></td><td>0</td></tr><tr><td>Exchange gain(unrealized)</td><td></td><td></td><td></td><td></td><td>0</td></tr><tr><td>Gain on disposals</td><td>300</td><td>(300)</td><td></td><td></td><td>0</td></tr><tr><td>Purchases/3rd Parties</td><td>(35,000)</td><td>35,000</td><td></td><td></td><td>0</td></tr><tr><td>Purchases/ALPHA</td><td></td><td></td><td></td><td></td><td>0</td></tr><tr><td>Depreciations</td><td>(500)</td><td>500</td><td></td><td></td><td>0</td></tr><tr><td>Provisions</td><td></td><td></td><td></td><td></td><td>0</td></tr><tr><td>Exchange loss( realized)</td><td></td><td></td><td></td><td></td><td>0</td></tr><tr><td>Loss on disposals</td><td></td><td></td><td></td><td></td><td>0</td></tr><tr><td>Loss on equity</td><td></td><td>(60)</td><td></td><td></td><td>(60)</td></tr><tr><td>Link account(intercompany)</td><td></td><td></td><td></td><td></td><td>0</td></tr><tr><td>Result</td><td>(200)</td><td>140</td><td>0</td><td>0</td><td>(60)</td></tr><tr><td>Group result</td><td></td><td></td><td></td><td></td><td>(60)</td></tr><tr><td>Minority result</td><td></td><td></td><td></td><td></td><td>0</td></tr></table>",
        "bbox": [
            115,
            114,
            886,
            868
        ],
        "page_idx": 2
    },
    {
        "type": "header",
        "text": "DIRECT CONSOLIDATION",
        "bbox": [
            119,
            63,
            374,
            78
        ],
        "page_idx": 2
    },
    {
        "type": "text",
        "text": "GAMMA - Column (1)",
        "text_level": 1,
        "bbox": [
            94,
            120,
            334,
            136
        ],
        "page_idx": 3
    },
    {
        "type": "text",
        "text": "Company GAMMA is consolidated with the equity method this year and its sole equity would be sufficient for the consolidation. However we suppose we still receive a full consolidation bundle.",
        "bbox": [
            92,
            151,
            871,
            201
        ],
        "page_idx": 3
    },
    {
        "type": "text",
        "text": "GAMMA - Column (2)",
        "text_level": 1,
        "bbox": [
            94,
            217,
            334,
            232
        ],
        "page_idx": 3
    },
    {
        "type": "text",
        "text": "This adjustment eliminates all amounts that cannot be integrated in the consolidated accounts. It concerns the balance sheet and the P&L. In the balance sheet, we eliminate all assets and liabilities accounts, but only  \\(70\\%\\)  of the equity account. To balance this adjustment, we book the Equity value as  \\(30\\%\\)  of that equity.",
        "bbox": [
            96,
            248,
            398,
            460
        ],
        "page_idx": 3
    },
    {
        "type": "text",
        "text": "We apply the same approach Loss on equity with the P&L accounts and book the Loss on equity companies account.",
        "bbox": [
            96,
            460,
            535,
            509
        ],
        "page_idx": 3
    },
    {
        "type": "table",
        "img_path": "images/449248a274eb44fd7f03bd1900f57ef1a48e89dfa68583c9bb91d373a8941327.jpg",
        "table_caption": [],
        "table_footnote": [],
        "table_body": "<table><tr><td></td><td>Debit</td><td>Credit</td></tr><tr><td>Tangible assets (acq-val.)</td><td></td><td>5,000</td></tr><tr><td>Tangible assets (deprec.)</td><td>1,300</td><td></td></tr><tr><td>Equity value</td><td>270</td><td></td></tr><tr><td>Receivables/3rd Parties</td><td></td><td>3,000</td></tr><tr><td>Cash</td><td></td><td>1,300</td></tr><tr><td>Capital</td><td>1,400</td><td></td></tr><tr><td>Retained earnings</td><td></td><td>630</td></tr><tr><td>Payables/3rd Parties</td><td>7,100</td><td></td></tr><tr><td>Turnover/3rd Parties</td><td>35,000</td><td></td></tr><tr><td>Gain on disposals</td><td>300</td><td></td></tr><tr><td>Purchases/3rd Parties</td><td></td><td>35,000</td></tr><tr><td>Depreciations</td><td></td><td>500</td></tr><tr><td>Loss on equity cies</td><td>60</td><td></td></tr></table>",
        "bbox": [
            408,
            248,
            875,
            477
        ],
        "page_idx": 3
    },
    {
        "type": "text",
        "text": "GAMMA - Column (3)",
        "text_level": 1,
        "bbox": [
            98,
            522,
            338,
            540
        ],
        "page_idx": 3
    },
    {
        "type": "text",
        "text": "We eliminate  \\(30\\%\\)  of the Equity accounts and book the total amount on the Consolidated reserves account.",
        "bbox": [
            98,
            556,
            398,
            637
        ],
        "page_idx": 3
    },
    {
        "type": "table",
        "img_path": "images/21be11122fcb53e8c8ebcb4afa1b115e311b114612a85f932ef7760248dba56a.jpg",
        "table_caption": [],
        "table_footnote": [],
        "table_body": "<table><tr><td></td><td>Debit</td><td>Credit</td></tr><tr><td>Capital</td><td>600</td><td></td></tr><tr><td>Retained earnings</td><td></td><td>270</td></tr><tr><td>Result</td><td></td><td>60</td></tr><tr><td>Consolidated reserves</td><td></td><td>270</td></tr></table>",
        "bbox": [
            411,
            540,
            877,
            625
        ],
        "page_idx": 3
    },
    {
        "type": "text",
        "text": "GAMMA - Column (4)",
        "text_level": 1,
        "bbox": [
            100,
            653,
            340,
            671
        ],
        "page_idx": 3
    },
    {
        "type": "text",
        "text": "The amount in this adjustment is the Financial investment value of company GAMMA owned by ALPHA.",
        "bbox": [
            98,
            686,
            398,
            752
        ],
        "page_idx": 3
    },
    {
        "type": "table",
        "img_path": "images/3bffe1db274369304b6f1c1bb3ccdfbe7a38ee10467052381f806835eb6ac257.jpg",
        "table_caption": [],
        "table_footnote": [],
        "table_body": "<table><tr><td></td><td>Debit</td><td>Credit</td></tr><tr><td>Consolidated reserves</td><td>600</td><td></td></tr><tr><td>Link account(Fin.Inv.)</td><td></td><td>600</td></tr></table>",
        "bbox": [
            413,
            673,
            877,
            726
        ],
        "page_idx": 3
    },
    {
        "type": "header",
        "text": "PART 6 CONSOLIDATION CASE STUDY",
        "bbox": [
            430,
            70,
            854,
            88
        ],
        "page_idx": 3
    },
    {
        "type": "table",
        "img_path": "images/e4529efff56c4fbe09708ec2f192c23e846c297a8e99dda48773a50ff20e61c5.jpg",
        "table_caption": [],
        "table_footnote": [],
        "table_body": "<table><tr><td>DELTA</td><td>(1) (CUR)</td><td>(2)</td><td>(3)</td><td>(4)</td><td>(5)</td><td>(6)</td></tr><tr><td>Goodwill (gross val.)</td><td></td><td></td><td></td><td></td><td></td><td>0</td></tr><tr><td>Goodwill (deprec.)</td><td></td><td></td><td></td><td></td><td></td><td>0</td></tr><tr><td>Lands</td><td></td><td></td><td></td><td></td><td></td><td>0</td></tr><tr><td>Tangible assets (acq.val.)</td><td>8,000</td><td>7,200</td><td></td><td></td><td></td><td>7,200</td></tr><tr><td>Tangible assets (deprec.)</td><td>(4,800)</td><td>(4,320)</td><td></td><td></td><td></td><td>(4,320)</td></tr><tr><td>Fin.invest./BETA</td><td></td><td></td><td></td><td></td><td></td><td>0</td></tr><tr><td>Fin.invest./GAMMA</td><td></td><td></td><td></td><td></td><td></td><td>0</td></tr><tr><td>Fin.invest./DELTA</td><td></td><td></td><td></td><td></td><td></td><td>0</td></tr><tr><td>Fin.invest./MU</td><td></td><td></td><td></td><td></td><td></td><td>0</td></tr><tr><td>Equity value</td><td></td><td></td><td></td><td></td><td></td><td>0</td></tr><tr><td>Receivables/3rd Parties</td><td>14,000</td><td>12,600</td><td></td><td></td><td></td><td>12,600</td></tr><tr><td>Receivables/DELTA</td><td></td><td></td><td></td><td></td><td></td><td>0</td></tr><tr><td>Cash</td><td>4,800</td><td>4,320</td><td></td><td></td><td></td><td>4,320</td></tr><tr><td>Link account(Intelcos)</td><td></td><td></td><td></td><td></td><td></td><td>0</td></tr><tr><td>Link account(Fin.Inv.)</td><td></td><td></td><td></td><td></td><td></td><td>0</td></tr><tr><td></td><td>22,000</td><td>19,800</td><td>0</td><td>0</td><td>0</td><td>19,800</td></tr><tr><td>Capital</td><td>8,000</td><td>7,200</td><td>800</td><td>(800)</td><td></td><td>7,200</td></tr><tr><td>Retained earnings</td><td>4,200</td><td>3,780</td><td>140</td><td>(380)</td><td></td><td>3,540</td></tr><tr><td>Reserves</td><td></td><td></td><td></td><td></td><td>210</td><td>210</td></tr><tr><td>Result</td><td>1,000</td><td>900</td><td></td><td>(300)</td><td></td><td>600</td></tr><tr><td>Consolidated reserves</td><td></td><td></td><td></td><td></td><td></td><td>0</td></tr><tr><td>Translation adjustments</td><td></td><td></td><td>(940)</td><td>1,480</td><td>60</td><td>600</td></tr><tr><td>Minority interests</td><td></td><td></td><td></td><td></td><td></td><td>0</td></tr><tr><td>Provisions</td><td>2,000</td><td>1,800</td><td></td><td></td><td>(270)</td><td>1,530</td></tr><tr><td>Payables/3rd Parties</td><td>5,550</td><td>4,995</td><td></td><td></td><td></td><td>4,995</td></tr><tr><td>Payables/ALPHA</td><td>1,250</td><td>1,125</td><td></td><td></td><td></td><td>1,125</td></tr><tr><td></td><td>22,000</td><td>19,800</td><td>0</td><td>0</td><td>0</td><td>19,800</td></tr><tr><td>Turnover/3rd Parties</td><td>40,000</td><td>24,000</td><td></td><td></td><td></td><td>24,000</td></tr><tr><td>Turnover/DELTA</td><td></td><td></td><td></td><td></td><td></td><td>0</td></tr><tr><td>Dividends/DELTA</td><td></td><td></td><td></td><td></td><td></td><td>0</td></tr><tr><td>Exchange gain(unrealized)</td><td></td><td></td><td></td><td></td><td></td><td>0</td></tr><tr><td>Gain on disposals</td><td></td><td></td><td></td><td></td><td></td><td>0</td></tr><tr><td>Purchases/3rd Parties</td><td>(32,400)</td><td>(19,440)</td><td></td><td></td><td></td><td>(19,440)</td></tr><tr><td>Purchases/ALPHA</td><td>(5,200)</td><td>(3,120)</td><td></td><td></td><td></td><td>(3,120)</td></tr><tr><td>Depreciations</td><td>(800)</td><td>(480)</td><td></td><td></td><td></td><td>(480)</td></tr><tr><td>Provisions</td><td>(600)</td><td>(360)</td><td></td><td></td><td></td><td>(360)</td></tr><tr><td>Exchange loss (realized)</td><td></td><td></td><td></td><td></td><td></td><td>0</td></tr><tr><td>Loss on disposals</td><td></td><td></td><td></td><td></td><td></td><td>0</td></tr><tr><td>Loss on equity</td><td></td><td></td><td></td><td></td><td></td><td>0</td></tr><tr><td>Link account(Intercos)</td><td></td><td></td><td></td><td></td><td></td><td>0</td></tr><tr><td>Result</td><td>1,000</td><td>600</td><td>0</td><td>0</td><td>0</td><td>600</td></tr><tr><td>Group result</td><td></td><td></td><td></td><td></td><td></td><td></td></tr><tr><td>Minority result</td><td></td><td></td><td></td><td></td><td></td><td></td></tr></table>",
        "bbox": [
            117,
            117,
            882,
            783
        ],
        "page_idx": 4
    },
    {
        "type": "header",
        "text": "DIRECT CONSOLIDATION",
        "bbox": [
            122,
            64,
            374,
            78
        ],
        "page_idx": 4
    },
    {
        "type": "text",
        "text": "DELTA - Column (1)",
        "text_level": 1,
        "bbox": [
            102,
            119,
            329,
            137
        ],
        "page_idx": 5
    },
    {
        "type": "text",
        "text": "Statutory accounts in local currency CUR.",
        "bbox": [
            102,
            152,
            506,
            169
        ],
        "page_idx": 5
    },
    {
        "type": "text",
        "text": "DELTA - Column (2)",
        "text_level": 1,
        "bbox": [
            102,
            184,
            329,
            201
        ],
        "page_idx": 5
    },
    {
        "type": "text",
        "text": "Accounts translated at closing rate of 0.9 for the balance sheet and at average rate of 0.6 for the P&L.",
        "bbox": [
            102,
            217,
            865,
            250
        ],
        "page_idx": 5
    },
    {
        "type": "text",
        "text": "DELTA - Column (3)",
        "text_level": 1,
        "bbox": [
            105,
            264,
            329,
            282
        ],
        "page_idx": 5
    },
    {
        "type": "text",
        "text": "We carry forward the corresponding translation adjustment booked in Year 1 consolidation. The Result impact is transferred to the Re",
        "bbox": [
            102,
            296,
            399,
            378
        ],
        "page_idx": 5
    },
    {
        "type": "table",
        "img_path": "images/419bc839e098296c8282b3d43b01f0a71fe2e4b3831f14587aa960ba339be1f9.jpg",
        "table_caption": [],
        "table_footnote": [],
        "table_body": "<table><tr><td></td><td>Debit</td><td>Credit</td></tr><tr><td>Capital</td><td></td><td>800</td></tr><tr><td>Retained earnings</td><td></td><td>140</td></tr><tr><td>Translation adjustments</td><td>940</td><td></td></tr></table>",
        "bbox": [
            411,
            290,
            871,
            358
        ],
        "page_idx": 5
    },
    {
        "type": "text",
        "text": "DELTA  \\(=\\)  Column (4)",
        "text_level": 1,
        "bbox": [
            105,
            393,
            329,
            410
        ],
        "page_idx": 5
    },
    {
        "type": "text",
        "text": "A new translation adjustment is necessary because of the historical value of the equity. Where those amounts come from?",
        "bbox": [
            102,
            425,
            399,
            505
        ],
        "page_idx": 5
    },
    {
        "type": "table",
        "img_path": "images/9bbc95d4dbec7b0a1cbc76603fb758a9b3d3bc3d66f420ee5a96466f863f05f7.jpg",
        "table_caption": [],
        "table_footnote": [],
        "table_body": "<table><tr><td></td><td>Debit</td><td>Credit</td></tr><tr><td>Capital</td><td>800</td><td></td></tr><tr><td>Retained earnings</td><td>380</td><td></td></tr><tr><td>Result</td><td>300</td><td></td></tr><tr><td>Translation adjustments</td><td colspan=\"2\">1,480</td></tr></table>",
        "bbox": [
            411,
            407,
            871,
            492
        ],
        "page_idx": 5
    },
    {
        "type": "list",
        "sub_type": "text",
        "list_items": [
            "- Capital must be valuated finally at a historical value of  \\(7200 = 8000\\)  CUR  \\(*\\)  0.9. After column (3) adjustment, its value is  \\(6400 = 7200 + (800)\\) . This explains the debit amount of  \\(800 = 7200 - 6400\\) .",
            "- Historical value of Retained earnings is  \\(3540 = 4000\\ \\mathrm{CUR}^{\\star}0.85 + 200\\ \\mathrm{CUR}^{\\star}0.7\\) . After column (3) adjustment, its value is 3920. This explains the debit amount of  \\(380 = 3920 - 3540\\) .",
            "- Correct value for the Result is  \\(600 = 1000\\mathrm{CUR}^{*}0.6\\)  instead of 900, giving a correction of  \\(300 = 900 - 600\\) ."
        ],
        "bbox": [
            142,
            521,
            867,
            682
        ],
        "page_idx": 5
    },
    {
        "type": "text",
        "text": "DELTA - Column (5)",
        "text_level": 1,
        "bbox": [
            105,
            697,
            329,
            714
        ],
        "page_idx": 5
    },
    {
        "type": "text",
        "text": "The Year 1 provision for 300 CUR must be maintained in the consolidation. The local currency adjustment is",
        "bbox": [
            102,
            730,
            399,
            793
        ],
        "page_idx": 5
    },
    {
        "type": "table",
        "img_path": "images/109ad2d5fd5cb5a4bbaedfc1a5b3b648403a87c3c3bec4b0e9ed423538394a08.jpg",
        "table_caption": [],
        "table_footnote": [],
        "table_body": "<table><tr><td></td><td>Debit</td><td>Credit</td></tr><tr><td>Provisions</td><td>270</td><td></td></tr><tr><td>Reserves</td><td></td><td>210</td></tr><tr><td>Translation adjustments</td><td></td><td>60</td></tr></table>",
        "bbox": [
            411,
            711,
            871,
            780
        ],
        "page_idx": 5
    },
    {
        "type": "text",
        "text": "Provisions Debit 300 and Reserves Credit 300. After translation, Provisions is translated at closing rate of 0.9 and Reserves must be translated at the historical rate (= average rate of Year 1) of 0.7. The difference between the two amounts is booked on the Translation adjustment account.",
        "bbox": [
            102,
            793,
            865,
            859
        ],
        "page_idx": 5
    },
    {
        "type": "header",
        "text": "PART 6 CONSOLIDATION CASE STUDY",
        "bbox": [
            432,
            73,
            850,
            89
        ],
        "page_idx": 5
    },
    {
        "type": "table",
        "img_path": "images/84bfdfd6052a2dbb7d0eea06b45592a27bdbc2477a2a0c7a4addb1369ff05ea5.jpg",
        "table_caption": [],
        "table_footnote": [],
        "table_body": "<table><tr><td>DELTA</td><td>(6)</td><td>(7)</td><td>(8)</td><td>(9)</td><td>(10)</td><td>(11)</td><td>(12)</td><td>(13)</td></tr><tr><td>Goodwill (gross val.)</td><td>0</td><td></td><td></td><td></td><td></td><td></td><td></td><td>0</td></tr><tr><td>Goodwill (deprec.)</td><td>0</td><td></td><td></td><td></td><td></td><td></td><td></td><td>0</td></tr><tr><td>(Lands)</td><td>0</td><td></td><td></td><td></td><td></td><td></td><td></td><td>0</td></tr><tr><td>Tangible assets (acq.val.)</td><td>7,200</td><td></td><td></td><td></td><td></td><td></td><td></td><td>7,200</td></tr><tr><td>Tangible assets (deprec.)</td><td>(4,320)</td><td></td><td></td><td></td><td></td><td></td><td></td><td>(4,320)</td></tr><tr><td>Fin.invest./BETA</td><td>0</td><td></td><td></td><td></td><td></td><td></td><td></td><td>0</td></tr><tr><td>Fin.invest./GAMMA</td><td>0</td><td></td><td></td><td></td><td></td><td></td><td></td><td>0</td></tr><tr><td>Fin.invest./DELTA</td><td>0</td><td></td><td></td><td></td><td></td><td></td><td></td><td>0</td></tr><tr><td>Fin.invest./MU</td><td>0</td><td></td><td></td><td></td><td></td><td></td><td></td><td>0</td></tr><tr><td>Equity value</td><td>0</td><td></td><td></td><td></td><td></td><td></td><td></td><td>0</td></tr><tr><td>Receivables/3rd Patties</td><td>12,600</td><td></td><td></td><td></td><td></td><td></td><td></td><td>12,600</td></tr><tr><td>Receivables/DELTA</td><td>0</td><td></td><td></td><td></td><td></td><td></td><td></td><td>0</td></tr><tr><td>Cash</td><td>4,320</td><td></td><td></td><td></td><td></td><td></td><td></td><td>4,320</td></tr><tr><td>Link account(Intercos)</td><td>0</td><td></td><td></td><td>(1,000)</td><td></td><td></td><td></td><td>(1,000)</td></tr><tr><td>Link account(Fin,Inv.)</td><td>0</td><td></td><td></td><td></td><td></td><td></td><td></td><td>(3,600)</td></tr><tr><td></td><td>19,800</td><td>0</td><td>0</td><td>(1,000)</td><td>0</td><td>0</td><td>(3,600)</td><td>15,200</td></tr><tr><td>Capital</td><td>7,200</td><td></td><td></td><td></td><td>(2,880)</td><td>(4,320)</td><td></td><td>0</td></tr><tr><td>Retained earnings</td><td>3,540</td><td></td><td></td><td></td><td>(1,416)</td><td>(2,124)</td><td></td><td>0</td></tr><tr><td>Reserves</td><td>210</td><td></td><td></td><td></td><td>(84)</td><td>(126)</td><td></td><td>0</td></tr><tr><td>Result</td><td>600</td><td>125</td><td></td><td></td><td>(290)</td><td>(435)</td><td></td><td>0</td></tr><tr><td>Consolidated rel.:erves</td><td>0</td><td></td><td></td><td></td><td></td><td>7,005</td><td>(3,600)</td><td>3,405</td></tr><tr><td>Translation adjustments</td><td>600</td><td></td><td></td><td></td><td>(240)</td><td></td><td></td><td>360</td></tr><tr><td>Minority interests</td><td>0</td><td></td><td></td><td></td><td>4,910</td><td></td><td></td><td>4,910</td></tr><tr><td>Provisions</td><td>1,530</td><td></td><td></td><td></td><td></td><td></td><td></td><td>1,530</td></tr><tr><td>Payables/3rd Parties</td><td>4,995</td><td></td><td></td><td></td><td></td><td></td><td></td><td>4,995</td></tr><tr><td>Payables/ALPHA</td><td>1,125</td><td>(125)</td><td></td><td>(1,000)</td><td></td><td></td><td></td><td>0</td></tr><tr><td></td><td>19,800</td><td>0</td><td>0</td><td>(1,000)</td><td>0</td><td>0</td><td>(3,600)</td><td>15,200</td></tr><tr><td>Turnover/3rd Parties</td><td>24,000</td><td></td><td></td><td></td><td></td><td></td><td></td><td>24,000</td></tr><tr><td>Turnover/DELTA</td><td>0</td><td></td><td></td><td></td><td></td><td></td><td></td><td>0</td></tr><tr><td>Dividends/DELTA</td><td>0</td><td></td><td></td><td></td><td></td><td></td><td></td><td>0</td></tr><tr><td>Exchange gain(unrealized)</td><td>0</td><td>125</td><td></td><td></td><td></td><td></td><td></td><td>125</td></tr><tr><td>Gain on disposals</td><td>0</td><td></td><td></td><td></td><td></td><td></td><td></td><td>0</td></tr><tr><td>Purchases/3rd Parties</td><td>(19,440)</td><td></td><td></td><td></td><td></td><td></td><td></td><td>(19,440)</td></tr><tr><td>Purchases/ALPHA</td><td>(3,120)</td><td></td><td>120</td><td>3,000</td><td></td><td></td><td></td><td>0</td></tr><tr><td>Depreciations</td><td>(480)</td><td></td><td></td><td></td><td></td><td></td><td></td><td>(480)</td></tr><tr><td>Provisions</td><td>(360)</td><td></td><td></td><td></td><td></td><td></td><td></td><td>(360)</td></tr><tr><td>Exchange loss( realized)</td><td>0</td><td></td><td>(120)</td><td></td><td></td><td></td><td></td><td>(120)</td></tr><tr><td>Loss on disposals</td><td>0</td><td></td><td></td><td></td><td></td><td></td><td></td><td>0</td></tr><tr><td>Loss on equity cies</td><td>0</td><td></td><td></td><td></td><td></td><td></td><td></td><td>0</td></tr><tr><td>Link account(Intercos)</td><td>0</td><td></td><td></td><td>(3,000)</td><td></td><td></td><td></td><td>(3,000)</td></tr><tr><td>Result</td><td>600</td><td>125</td><td>0</td><td>0</td><td>0</td><td>0</td><td>0</td><td>725</td></tr><tr><td>Group result</td><td></td><td></td><td></td><td></td><td></td><td></td><td></td><td>435</td></tr><tr><td>Minority result</td><td></td><td></td><td></td><td></td><td></td><td></td><td></td><td>290</td></tr></table>",
        "bbox": [
            118,
            118,
            886,
            670
        ],
        "page_idx": 6
    },
    {
        "type": "header",
        "text": "DIRECT CONSOLIDATION",
        "bbox": [
            120,
            67,
            364,
            81
        ],
        "page_idx": 6
    },
    {
        "type": "page_number",
        "text": "410",
        "bbox": [
            474,
            922,
            518,
            935
        ],
        "page_idx": 6
    },
    {
        "type": "text",
        "text": "DELTA - Column (7)",
        "text_level": 1,
        "bbox": [
            101,
            121,
            326,
            139
        ],
        "page_idx": 7
    },
    {
        "type": "text",
        "text": "The intercompany being identified as 1000 EUR, we adapt the Payables side by considering an exchange gain",
        "bbox": [
            99,
            153,
            394,
            219
        ],
        "page_idx": 7
    },
    {
        "type": "table",
        "img_path": "images/4ac30fc9e25f751effae960e63a838516d523edc9e14680d262e023b61d0a91e.jpg",
        "table_caption": [],
        "table_footnote": [],
        "table_body": "<table><tr><td></td><td>Debit</td><td>Credit</td></tr><tr><td>Payables/ALPHA</td><td>125</td><td></td></tr><tr><td>Exchange gain(unrealized)</td><td></td><td>125</td></tr></table>",
        "bbox": [
            408,
            143,
            875,
            199
        ],
        "page_idx": 7
    },
    {
        "type": "text",
        "text": "DELTA - Column (8)",
        "text_level": 1,
        "bbox": [
            101,
            234,
            326,
            250
        ],
        "page_idx": 7
    },
    {
        "type": "text",
        "text": "We apply the same principle for the intercompany Purchases but this time it is just a reclassification between",
        "bbox": [
            99,
            266,
            396,
            332
        ],
        "page_idx": 7
    },
    {
        "type": "table",
        "img_path": "images/0c3c1915e0adfa1eff3008657e0960a35bc2bd9f6f7d9d87caf517d7bade1563.jpg",
        "table_caption": [],
        "table_footnote": [],
        "table_body": "<table><tr><td></td><td>Debit</td><td>Credit</td></tr><tr><td>Exchange loss(realized)</td><td>120</td><td></td></tr><tr><td>Purchases/ALPHA</td><td></td><td>120</td></tr></table>",
        "bbox": [
            408,
            250,
            868,
            303
        ],
        "page_idx": 7
    },
    {
        "type": "text",
        "text": "DELTA - Column (9)",
        "text_level": 1,
        "bbox": [
            101,
            347,
            326,
            363
        ],
        "page_idx": 7
    },
    {
        "type": "text",
        "text": "We can eliminate both intercompany amounts via a Link account, the first one in the balance sheet and the second one in the P&L.",
        "bbox": [
            101,
            379,
            396,
            458
        ],
        "page_idx": 7
    },
    {
        "type": "table",
        "img_path": "images/792982f39e825ecb8b96ad73a690f09d0f425cca246c4dc740ad75400724fdc1.jpg",
        "table_caption": [],
        "table_footnote": [],
        "table_body": "<table><tr><td></td><td>Debit</td><td>Credit</td></tr><tr><td>Payables/ALPHA</td><td>1,000</td><td></td></tr><tr><td>Link account(Intercos)</td><td></td><td>1,000</td></tr><tr><td>Link account(Intercos)</td><td>3,000</td><td></td></tr><tr><td>Purchases ALPHA</td><td></td><td></td></tr></table>",
        "bbox": [
            413,
            359,
            858,
            444
        ],
        "page_idx": 7
    },
    {
        "type": "text",
        "text": "DELTA - Column (10)",
        "text_level": 1,
        "bbox": [
            103,
            475,
            341,
            492
        ],
        "page_idx": 7
    },
    {
        "type": "text",
        "text": "Elimination of  \\(40\\%\\)  of each equity account and transfer to the Minority interests.",
        "bbox": [
            101,
            508,
            396,
            558
        ],
        "page_idx": 7
    },
    {
        "type": "table",
        "img_path": "images/e864173dfbd1a6a2bb7b31c5307b4089cc73c0d01e583f350949e0e41eec791f.jpg",
        "table_caption": [],
        "table_footnote": [],
        "table_body": "<table><tr><td></td><td>Debit</td><td>Credit</td></tr><tr><td>Capital</td><td>2,880</td><td></td></tr><tr><td>Retained earnings</td><td>1,416</td><td></td></tr><tr><td>Reserves</td><td>84</td><td></td></tr><tr><td>Result</td><td>290</td><td></td></tr><tr><td>Translation adjustments</td><td>240</td><td></td></tr><tr><td>Minority interests</td><td></td><td>4,910</td></tr></table>",
        "bbox": [
            411,
            475,
            858,
            596
        ],
        "page_idx": 7
    },
    {
        "type": "text",
        "text": "DELTA - Column (11)",
        "text_level": 1,
        "bbox": [
            103,
            604,
            343,
            621
        ],
        "page_idx": 7
    },
    {
        "type": "text",
        "text": "Elimination of  \\(60\\%\\)  of each equity account and transfer to the Consolidated reserves account.",
        "bbox": [
            103,
            636,
            398,
            700
        ],
        "page_idx": 7
    },
    {
        "type": "table",
        "img_path": "images/b3038dfdbb126e4dd6da69d41c4d7f2b01069e36d47eadd6e8bad65b72414426.jpg",
        "table_caption": [],
        "table_footnote": [],
        "table_body": "<table><tr><td></td><td>Debit</td><td>Credit</td></tr><tr><td>Capital</td><td>4,320</td><td></td></tr><tr><td>Retained earnings</td><td>2,124</td><td></td></tr><tr><td>Reserves</td><td>126</td><td></td></tr><tr><td>Result</td><td>435</td><td></td></tr><tr><td>Consolidated reserves</td><td></td><td>7,005</td></tr></table>",
        "bbox": [
            411,
            621,
            858,
            725
        ],
        "page_idx": 7
    },
    {
        "type": "text",
        "text": "DELTA - Column (12)",
        "text_level": 1,
        "bbox": [
            103,
            749,
            343,
            766
        ],
        "page_idx": 7
    },
    {
        "type": "text",
        "text": "This amount is the Financial investment value booked in ALPHA accounts on company DELTA.",
        "bbox": [
            103,
            781,
            398,
            846
        ],
        "page_idx": 7
    },
    {
        "type": "table",
        "img_path": "images/4aa03bace5f072ed256497a050c62ead626d8021f888c201b559e0d55cbccaa0.jpg",
        "table_caption": [],
        "table_footnote": [],
        "table_body": "<table><tr><td></td><td>Debit</td><td>Credit</td></tr><tr><td>Consolidated reserves</td><td>3,600</td><td></td></tr><tr><td>Link account(Fin.Inv.)</td><td></td><td>3,600</td></tr></table>",
        "bbox": [
            411,
            769,
            858,
            824
        ],
        "page_idx": 7
    },
    {
        "type": "header",
        "text": "PART 6 CONSOLIDATION CASE STUDY",
        "bbox": [
            430,
            71,
            855,
            89
        ],
        "page_idx": 7
    },
    {
        "type": "table",
        "img_path": "images/485a904d3bc272c75be802b1bfec07cc645d5fa411285d8888741a796140bee8.jpg",
        "table_caption": [],
        "table_footnote": [],
        "table_body": "<table><tr><td>MU</td><td>(1)</td><td>(2)</td><td>(3)</td><td>(4)</td><td>(5)</td><td>(6)</td></tr><tr><td>Goodwill (gross val.)</td><td></td><td></td><td></td><td></td><td></td><td>0</td></tr><tr><td>Goodwill (deprec.)</td><td></td><td></td><td></td><td></td><td></td><td>0</td></tr><tr><td>Lands</td><td></td><td></td><td></td><td></td><td></td><td>0</td></tr><tr><td>Tangible assets (acq.val.)</td><td>6,000</td><td></td><td></td><td></td><td></td><td>6,000</td></tr><tr><td>Tangible assets (deprec.)</td><td>(3,000)</td><td></td><td></td><td></td><td></td><td>(3,000)</td></tr><tr><td>Fin.invest./BETA</td><td></td><td></td><td></td><td></td><td></td><td>0</td></tr><tr><td>Fin.invest./GAMMA</td><td></td><td></td><td></td><td></td><td></td><td>0</td></tr><tr><td>Fin.invest./DELTA</td><td></td><td></td><td></td><td></td><td></td><td>0</td></tr><tr><td>Fin.invest./MU</td><td></td><td></td><td></td><td></td><td></td><td>0</td></tr><tr><td>Equity value</td><td></td><td></td><td></td><td></td><td></td><td>0</td></tr><tr><td>Receivables/3rd Parties</td><td>3,000</td><td></td><td></td><td></td><td></td><td>3,000</td></tr><tr><td>Receivables/DELTA</td><td></td><td></td><td></td><td></td><td></td><td>0</td></tr><tr><td>Cash</td><td>2,000</td><td></td><td></td><td></td><td></td><td>2,000</td></tr><tr><td>Link account(Intercos)</td><td></td><td></td><td></td><td></td><td></td><td>0</td></tr><tr><td>Link account(Fin.Inv.)</td><td></td><td></td><td></td><td></td><td>(3,024)</td><td>(3,024)</td></tr><tr><td></td><td>8,000</td><td>0</td><td>0</td><td>0</td><td>(3,024)</td><td>4,976</td></tr><tr><td colspan=\"7\"></td></tr><tr><td>Capital</td><td>3,000</td><td></td><td>(840)</td><td>(2,160)</td><td></td><td>0</td></tr><tr><td>Retained earnings</td><td>1,000</td><td></td><td>(280)</td><td>(720)</td><td></td><td>0</td></tr><tr><td>Reserves</td><td></td><td>200</td><td>(56)</td><td>(144)</td><td></td><td>0</td></tr><tr><td>Result</td><td>500</td><td>(200)</td><td>(84)</td><td>(216)</td><td></td><td>0</td></tr><tr><td>Consolidated reserves</td><td></td><td></td><td></td><td>3,240</td><td>(3,024)</td><td>216</td></tr><tr><td>Translation adjustments</td><td></td><td></td><td></td><td></td><td></td><td>0</td></tr><tr><td>Minority interests</td><td></td><td></td><td>1,260</td><td></td><td></td><td>1,260</td></tr><tr><td>Provisions</td><td></td><td></td><td></td><td></td><td></td><td>0</td></tr><tr><td>Payables/3rd Parties</td><td>3,500</td><td></td><td></td><td></td><td></td><td>3,500</td></tr><tr><td>Payables/ALPHA</td><td></td><td></td><td></td><td></td><td></td><td>0</td></tr><tr><td></td><td>8,000</td><td>0</td><td>0</td><td>0</td><td>(3,024)</td><td>4,976</td></tr><tr><td colspan=\"7\"></td></tr><tr><td>Turnover/3rd Parties</td><td>10,000</td><td>(6,000)</td><td></td><td></td><td></td><td>4,000</td></tr><tr><td>Turnover/DELTA</td><td></td><td></td><td></td><td></td><td></td><td>0</td></tr><tr><td>Dividends/DELTA</td><td></td><td></td><td></td><td></td><td></td><td>0</td></tr><tr><td>Exchange gain(unrealized)</td><td></td><td></td><td></td><td></td><td></td><td>0</td></tr><tr><td>Gain on disposals</td><td></td><td></td><td></td><td></td><td></td><td>0</td></tr><tr><td>Purchases/3rd Parties</td><td>(8,900)</td><td>5,500</td><td></td><td></td><td></td><td>(3,400)</td></tr><tr><td>Purchases/ALPHA</td><td></td><td></td><td></td><td></td><td></td><td>0</td></tr><tr><td>Depreciations</td><td>(600)</td><td>300</td><td></td><td></td><td></td><td>(300)</td></tr><tr><td>Provisions</td><td></td><td></td><td></td><td></td><td></td><td>0</td></tr><tr><td>Exchange loss( realized)</td><td></td><td></td><td></td><td></td><td></td><td>0</td></tr><tr><td>Loss on disposals</td><td></td><td></td><td></td><td></td><td></td><td>0</td></tr><tr><td>Loss on equity cies</td><td></td><td></td><td></td><td></td><td></td><td>0</td></tr><tr><td>Link account(Intercos)</td><td></td><td></td><td></td><td></td><td></td><td>0</td></tr><tr><td>Result</td><td>500</td><td>(200)</td><td>0</td><td>0</td><td>0</td><td>300</td></tr><tr><td>Group result</td><td></td><td></td><td></td><td></td><td></td><td>216</td></tr><tr><td>Minority result</td><td></td><td></td><td></td><td></td><td></td><td>84</td></tr></table>",
        "bbox": [
            116,
            118,
            849,
            819
        ],
        "page_idx": 8
    },
    {
        "type": "header",
        "text": "DIRECT CONSOLIDATION",
        "bbox": [
            118,
            68,
            370,
            84
        ],
        "page_idx": 8
    },
    {
        "type": "page_number",
        "text": "412",
        "bbox": [
            474,
            923,
            519,
            939
        ],
        "page_idx": 8
    },
    {
        "type": "text",
        "text": "MU - Column (1)",
        "text_level": 1,
        "bbox": [
            98,
            151,
            289,
            167
        ],
        "page_idx": 9
    },
    {
        "type": "text",
        "text": "Statutory accounts of this new company entering the consolidation scope. Notice that these accounts show a profit of 500 for the 12 months of Year 2.",
        "bbox": [
            98,
            185,
            869,
            217
        ],
        "page_idx": 9
    },
    {
        "type": "text",
        "text": "MU - Column (2)",
        "text_level": 1,
        "bbox": [
            98,
            232,
            289,
            250
        ],
        "page_idx": 9
    },
    {
        "type": "text",
        "text": "The company having a profit of 200 at the date of acquisition, it must be reversed to the Reserves and all P&L accounts contributing to this result must",
        "bbox": [
            98,
            265,
            436,
            346
        ],
        "page_idx": 9
    },
    {
        "type": "text",
        "text": "also be eliminated. On the basis of the information given at the beginning of this case study, we have the adjustment, as opposite.",
        "bbox": [
            98,
            346,
            873,
            381
        ],
        "page_idx": 9
    },
    {
        "type": "table",
        "img_path": "images/e0fcc518a828934da56e86d83dfe13b4c7ba580e5ff2cff3db45226bd5b0434b.jpg",
        "table_caption": [],
        "table_footnote": [],
        "table_body": "<table><tr><td></td><td>Debit</td><td>Credit</td></tr><tr><td>Reserves</td><td></td><td>200</td></tr><tr><td>Turnover/3rd Parties</td><td>6,000</td><td></td></tr><tr><td>Purchases/3rd Parties</td><td></td><td>5,500</td></tr><tr><td>Depreciations</td><td></td><td>300</td></tr></table>",
        "bbox": [
            449,
            254,
            869,
            341
        ],
        "page_idx": 9
    },
    {
        "type": "text",
        "text": "MU - Column (3)",
        "text_level": 1,
        "bbox": [
            100,
            394,
            291,
            410
        ],
        "page_idx": 9
    },
    {
        "type": "text",
        "text": "Elimination of  \\(28\\% = 100\\%\\)  -  \\([80\\% * 90\\%]\\)  of each equity account and transfer to the Minority interests.",
        "bbox": [
            100,
            425,
            434,
            491
        ],
        "page_idx": 9
    },
    {
        "type": "table",
        "img_path": "images/1b2c7121703fd2492287168644848c0b33b3be025296c53249ff140cde5e408b.jpg",
        "table_caption": [],
        "table_footnote": [],
        "table_body": "<table><tr><td></td><td>Debit</td><td>Credit</td></tr><tr><td>Capital</td><td>840</td><td></td></tr><tr><td>Retained earnings</td><td>280</td><td></td></tr><tr><td>Reserves</td><td>56</td><td></td></tr><tr><td>Result</td><td>84</td><td></td></tr><tr><td>Minority interests</td><td></td><td>1,260</td></tr></table>",
        "bbox": [
            451,
            397,
            869,
            502
        ],
        "page_idx": 9
    },
    {
        "type": "text",
        "text": "MU - Column (4)",
        "text_level": 1,
        "bbox": [
            102,
            540,
            293,
            556
        ],
        "page_idx": 9
    },
    {
        "type": "text",
        "text": "Elimination of  \\(72\\% = 80\\%\\) \n* 90% of each equity account and\ntransfer to the Consolidated\nreserves account",
        "bbox": [
            102,
            571,
            436,
            637
        ],
        "page_idx": 9
    },
    {
        "type": "table",
        "img_path": "images/a8880872d1f28cab94b7ffb30bed0b3d639507722f7ffcc88d67cd73da11025a.jpg",
        "table_caption": [],
        "table_footnote": [],
        "table_body": "<table><tr><td></td><td>Debit</td><td>Credit</td></tr><tr><td>Capital</td><td>840</td><td></td></tr><tr><td>Retained earnings</td><td>280</td><td></td></tr><tr><td>Reserves</td><td>56</td><td></td></tr><tr><td>Result</td><td>84</td><td></td></tr><tr><td>Minority interests</td><td></td><td>1,260</td></tr></table>",
        "bbox": [
            451,
            541,
            869,
            646
        ],
        "page_idx": 9
    },
    {
        "type": "text",
        "text": "MU - Column (5)",
        "text_level": 1,
        "bbox": [
            104,
            668,
            293,
            684
        ],
        "page_idx": 9
    },
    {
        "type": "text",
        "text": "This amount is the adjusted Financial investment value booked in ALPHA accounts on company MU.",
        "bbox": [
            102,
            702,
            436,
            768
        ],
        "page_idx": 9
    },
    {
        "type": "table",
        "img_path": "images/087e463c068bc71b5e96a61045cfd424074ad00c4b799a7dda1e4830ed0beec9.jpg",
        "table_caption": [],
        "table_footnote": [],
        "table_body": "<table><tr><td></td><td>Debit</td><td>Credit</td></tr><tr><td>Consolidated reserves</td><td>3,024</td><td></td></tr><tr><td>Link account(Fin.Inv.)</td><td></td><td>3,024</td></tr></table>",
        "bbox": [
            453,
            689,
            869,
            742
        ],
        "page_idx": 9
    },
    {
        "type": "header",
        "text": "PART 6 CONSOLIDATION CASE STUDY",
        "bbox": [
            432,
            72,
            854,
            86
        ],
        "page_idx": 9
    }
]