[
    {
        "type": "text",
        "text": "allocated in P accounts. The adjustment of the gain on disposal shows clearly a credit on reserves in P accounts for 170.",
        "bbox": [
            105,
            118,
            875,
            152
        ],
        "page_idx": 0
    },
    {
        "type": "text",
        "text": "P is not paying dividends so no \"P Appropriation\" column in this case study.",
        "bbox": [
            105,
            166,
            841,
            185
        ],
        "page_idx": 0
    },
    {
        "type": "text",
        "text": "Justify the evolution of the minority interests",
        "text_level": 1,
        "bbox": [
            105,
            199,
            605,
            216
        ],
        "page_idx": 0
    },
    {
        "type": "text",
        "text": "The principles are the same for minority interests which appear in the first column for Year 1 and last column for Year 2, both amounts coming again from the consolidated balance sheets.",
        "bbox": [
            105,
            232,
            832,
            279
        ],
        "page_idx": 0
    },
    {
        "type": "text",
        "text": "Year 2 result of 50 is  \\(40\\%\\)  of the statutory result of 150, 60 reduced by the  \\((d^{*})\\)  adjustment above.",
        "bbox": [
            105,
            295,
            843,
            330
        ],
        "page_idx": 0
    },
    {
        "type": "table",
        "img_path": "images/840e0280eacd6c8fd66562965ed4433c0ab933094e492eaf07d777fa7261d607.jpg",
        "table_caption": [],
        "table_footnote": [],
        "table_body": "<table><tr><td></td><td>Year 1\nMinor. Int.</td><td>Year 2\nResult</td><td>Divid. (-)\npaid</td><td>Divid. (+)</td><td>% variation</td><td>Year 2\nMinor, Int.</td></tr><tr><td>Company A</td><td>360</td><td>50</td><td></td><td></td><td>370</td><td>780</td></tr></table>",
        "bbox": [
            108,
            336,
            838,
            389
        ],
        "page_idx": 0
    },
    {
        "type": "text",
        "text": "The amount of 370 is the consequence of what is called in consolidation a 'structure\" problem or a \"discontinuing process\" problem. In fact, until June Year 2,  \\(3^{rd}\\)  Parties have  \\(20\\%\\)  of interests in company A equity and on July  \\(1^{st}\\)  they have suddenly  \\(40\\%\\) . This increase of  \\(20\\%\\)  in the equity at this date is equal to  \\(370 = 20\\%\\) \\(\\star\\) \\([1000 + 600 + 200 + 50]\\)  and it shows that  \\(3^{rd}\\)  Parties have just more interests in A equity.",
        "bbox": [
            105,
            404,
            862,
            503
        ],
        "page_idx": 0
    },
    {
        "type": "text",
        "text": "This column doesn't appear for the group because, of course, it looses these 370 but receives a price for that. We don't manage the same information for the  \\(3^{\\text{rd}}\\)  Parties.",
        "bbox": [
            105,
            516,
            855,
            566
        ],
        "page_idx": 0
    },
    {
        "type": "header",
        "text": "DIRECT CONSOLIDATION",
        "bbox": [
            108,
            65,
            364,
            81
        ],
        "page_idx": 0
    },
    {
        "type": "text",
        "text": "9 THE ELIMINATION PROCESS",
        "text_level": 1,
        "bbox": [
            113,
            121,
            716,
            143
        ],
        "page_idx": 1
    },
    {
        "type": "text",
        "text": "9.1 What has been done until now?",
        "text_level": 2,
        "bbox": [
            111,
            163,
            686,
            185
        ],
        "page_idx": 1
    },
    {
        "type": "text",
        "text": "A spreadsheet view",
        "text_level": 2,
        "bbox": [
            113,
            207,
            329,
            223
        ],
        "page_idx": 1
    },
    {
        "type": "text",
        "text": "To summarize what has been done until now, we can use the following 'spreadsheet\" picture.",
        "bbox": [
            109,
            239,
            873,
            271
        ],
        "page_idx": 1
    },
    {
        "type": "image",
        "img_path": "images/768de0f735aa2a803cee6c66ba5a5a5b2061371892105f4212a336d74c0884b1.jpg",
        "image_caption": [],
        "image_footnote": [],
        "bbox": [
            113,
            290,
            869,
            406
        ],
        "page_idx": 1
    },
    {
        "type": "table",
        "img_path": "images/eb186f7ab54316e2a8bdd07171bbdd020c060fdc8cabd190a741fdc29661ff04.jpg",
        "table_caption": [],
        "table_footnote": [],
        "table_body": "<table><tr><td>Capital</td><td>100</td><td>500</td><td></td><td></td><td></td><td>500</td><td></td><td></td><td></td><td></td></tr><tr><td>Reserves</td><td>80</td><td>400</td><td></td><td></td><td></td><td>400</td><td></td><td></td><td></td><td></td></tr><tr><td>Result</td><td>30</td><td>150</td><td>(30)</td><td></td><td>(5)</td><td>115</td><td></td><td></td><td></td><td></td></tr><tr><td>Translation adj.</td><td></td><td></td><td>30</td><td></td><td></td><td>30</td><td></td><td></td><td></td><td></td></tr><tr><td>Minority Interests</td><td></td><td></td><td></td><td></td><td></td><td>0</td><td></td><td></td><td></td><td></td></tr><tr><td>Other liabilities</td><td>190</td><td>950</td><td></td><td></td><td>(15)</td><td>935</td><td></td><td></td><td></td><td></td></tr><tr><td>Total Liabilities</td><td>400</td><td>2,000</td><td>0</td><td>0</td><td>(20)</td><td>1,980</td><td>0</td><td>0</td><td>0</td><td>0</td></tr></table>",
        "bbox": [
            115,
            423,
            775,
            502
        ],
        "page_idx": 1
    },
    {
        "type": "table",
        "img_path": "images/6dd4da7cc0dc4795c9a96f8949adedfa0722686dfd8cf551efbff7aa5b153507.jpg",
        "table_caption": [],
        "table_footnote": [],
        "table_body": "<table><tr><td>Turnover</td><td>800</td><td>3,200</td><td></td><td></td><td></td><td>3,200</td><td></td><td></td><td></td><td></td></tr><tr><td>other income</td><td>50</td><td>200</td><td></td><td></td><td></td><td>200</td><td></td><td></td><td></td><td></td></tr><tr><td>Cost of sales</td><td>(710)</td><td>(2,840)</td><td></td><td></td><td></td><td>(2,845)</td><td></td><td></td><td></td><td></td></tr><tr><td>Other expense</td><td>(100)</td><td>(400)</td><td></td><td></td><td></td><td>(400)</td><td></td><td></td><td></td><td></td></tr><tr><td>Tax</td><td>(10)</td><td>(40)</td><td></td><td></td><td></td><td>(40)</td><td></td><td></td><td></td><td></td></tr><tr><td>Result</td><td>30</td><td>220</td><td>0</td><td>0</td><td>(5)</td><td>115</td><td>0</td><td>0</td><td>0</td><td>0</td></tr></table>",
        "bbox": [
            115,
            521,
            775,
            589
        ],
        "page_idx": 1
    },
    {
        "type": "text",
        "text": "It represents the figures (balance) of one company belonging to the consolidation scope and it is easy to imagine there are as many spreadsheets like this one as there are companies in the group, including the parent company.",
        "bbox": [
            111,
            605,
            873,
            672
        ],
        "page_idx": 1
    },
    {
        "type": "text",
        "text": "In the first column, we start with the local currency amounts.",
        "bbox": [
            111,
            684,
            705,
            701
        ],
        "page_idx": 1
    },
    {
        "type": "text",
        "text": "Going through the currency conversion step, we translate the balance sheet with a closing rate (5 in our example) and the P&L with an average rate (4 in our example). We know this is not totally correct and we have to adjust the equity accounts to comply with the historical rates. These consolidation adjustments are booked in the columns \"Adjustment 1, 2, ...\".",
        "bbox": [
            109,
            717,
            873,
            799
        ],
        "page_idx": 1
    },
    {
        "type": "text",
        "text": "More generally speaking, all consolidation adjustments as the ones seen previously are booked in these columns.",
        "bbox": [
            109,
            812,
            873,
            847
        ],
        "page_idx": 1
    },
    {
        "type": "header",
        "text": "PART 2 BASICS OF CONSOLIDATION TECHNIQUES",
        "bbox": [
            308,
            73,
            855,
            89
        ],
        "page_idx": 1
    },
    {
        "type": "text",
        "text": "The consolidation currency amounts and all these adjustments are then added horizontally to produce adjusted accounts, into an adjusted balance which is similar to the statutory balance received from each company, but including some additional specific consolidation accounts like goodwill, translation adjustments, ...",
        "bbox": [
            105,
            120,
            869,
            203
        ],
        "page_idx": 2
    },
    {
        "type": "text",
        "text": "What still remains to be done are the eliminations adjustments, considering the consolidation method defined for each company.",
        "bbox": [
            105,
            216,
            869,
            251
        ],
        "page_idx": 2
    },
    {
        "type": "text",
        "text": "However, it is important to notice right now that these eliminations will also appear as adjustments in the \"Elimination 1, 2 ... columns.",
        "bbox": [
            105,
            265,
            869,
            298
        ],
        "page_idx": 2
    },
    {
        "type": "text",
        "text": "Finally, these elimination amounts added to the adjusted amounts give a final column to the right of each spreadsheet, which represents the balance contribution of the company in the consolidated balance.",
        "bbox": [
            105,
            313,
            864,
            361
        ],
        "page_idx": 2
    },
    {
        "type": "text",
        "text": "By adding this last column of each spreadsheet, we get the consolidated balance.",
        "bbox": [
            105,
            377,
            812,
            409
        ],
        "page_idx": 2
    },
    {
        "type": "text",
        "text": "Consolidated reporting can start at this time.",
        "bbox": [
            105,
            424,
            544,
            442
        ],
        "page_idx": 2
    },
    {
        "type": "text",
        "text": "Some methodoloav principles",
        "text_level": 2,
        "bbox": [
            107,
            458,
            432,
            474
        ],
        "page_idx": 2
    },
    {
        "type": "text",
        "text": "By working in this way, we can point out some important principles",
        "bbox": [
            105,
            491,
            759,
            508
        ],
        "page_idx": 2
    },
    {
        "type": "list",
        "sub_type": "text",
        "list_items": [
            "Each consolidation adjustment consists in a journal entry with debits and credits, just like in an accounting system.",
            "- When receiving the local currency balance sheet of a company, via the consolidation reporting, the result coming from the P&L is equal to the result account in the equity. We can see that this principle applies also to each individual consolidation adjustment.",
            "- Some transactions need to book adjustments in two (or more) companies. We have seen such situations when eliminating group profit based on an asset disposal or when eliminating the stocks margins. In such case, each adjustment is fully booked in balance in each company. We don't accept to debit one company and credit another company.",
            "- We also recommend not booking all the adjustments in a kind of \"group\" company because we loose the benefit of getting a contribution. Moreover, most of the time, it could just be wrong because this dummy company would probably be defined with a financial percentage of  \\(100\\%\\)  while the concerned companies would have different percentages."
        ],
        "bbox": [
            145,
            522,
            864,
            857
        ],
        "page_idx": 2
    },
    {
        "type": "header",
        "text": "DIRECT CONSOLIDATION",
        "bbox": [
            109,
            67,
            362,
            81
        ],
        "page_idx": 2
    },
    {
        "type": "text",
        "text": "- When booking consolidation adjustments in a foreign company, it should be done in local currency. Of course, in our spreadsheet approach, this adjustment would finally be in the consolidation currency, but after a correct translation as explained in Chapter 6.",
        "bbox": [
            148,
            118,
            879,
            185
        ],
        "page_idx": 3
    },
    {
        "type": "text",
        "text": "We are now going to explain how to produce the eliminations adjustments and you will see that the process is made in respect of the principles just stated above.",
        "bbox": [
            108,
            199,
            879,
            247
        ],
        "page_idx": 3
    },
    {
        "type": "text",
        "text": "9.2 Global integration companies",
        "text_level": 2,
        "bbox": [
            108,
            282,
            652,
            307
        ],
        "page_idx": 3
    },
    {
        "type": "text",
        "text": "We consider a company A consolidated with the global integration method and a financial percentage of  \\(80\\%\\) .",
        "bbox": [
            108,
            323,
            879,
            358
        ],
        "page_idx": 3
    },
    {
        "type": "table",
        "img_path": "images/66089779d9bffd43a540cca7d0f7432694208de366acd6e77c60c1fdca8f55c8.jpg",
        "table_caption": [],
        "table_footnote": [],
        "table_body": "<table><tr><td colspan=\"6\">A &quot; Global integration - 80%&quot;</td></tr><tr><td rowspan=\"2\">Goodwill</td><td rowspan=\"2\">400</td><td></td><td>Capital</td><td>2,000</td><td>(400)</td></tr><tr><td></td><td>Reserves</td><td>800</td><td>(160)</td></tr><tr><td rowspan=\"2\">Fin. Invest./B</td><td rowspan=\"2\">1,000</td><td>(200)</td><td>Result</td><td>150</td><td>(30)</td></tr><tr><td></td><td>Translation Adjust.</td><td>50</td><td>(10)</td></tr><tr><td rowspan=\"2\">Other assets</td><td rowspan=\"2\">3,600</td><td></td><td>Minority Interests</td><td></td><td>400</td></tr><tr><td></td><td>Other liabilities</td><td>2,000</td><td></td></tr><tr><td>Total</td><td>5,000</td><td>(200)</td><td>Total</td><td>5,000</td><td>(200)</td></tr></table>",
        "bbox": [
            131,
            376,
            872,
            527
        ],
        "page_idx": 3
    },
    {
        "type": "table",
        "img_path": "images/b69eb22220c3c4db666475a3aed850822e2b76977dafae7c1f01e58997a83872.jpg",
        "table_caption": [],
        "table_footnote": [],
        "table_body": "<table><tr><td>Cost of sales</td><td>5,850</td><td></td><td>Sales</td><td>5,000</td><td></td></tr><tr><td>Other expenses</td><td>150</td><td>(30)</td><td>Other income</td><td>1,000</td><td></td></tr><tr><td>Result</td><td></td><td>30</td><td></td><td></td><td></td></tr><tr><td>Minority Result</td><td></td><td></td><td></td><td></td><td></td></tr><tr><td>Total</td><td>6,000</td><td>0</td><td>Total</td><td>6,000</td><td>0</td></tr></table>",
        "bbox": [
            131,
            538,
            872,
            635
        ],
        "page_idx": 3
    },
    {
        "type": "text",
        "text": "The first columns in Assets and Liabilities represent adjusted amounts and we have explained that for such company, Minority Interests were calculated as  \\(20\\%\\)  * Equity accounts less  \\(20\\%\\)  * Financial Investments accounts. This formula is then converted into the elimination adjustment shown in the second columns.",
        "bbox": [
            108,
            651,
            879,
            733
        ],
        "page_idx": 3
    },
    {
        "type": "text",
        "text": "It is indeed a balanced adjustment as announced.",
        "bbox": [
            108,
            748,
            597,
            765
        ],
        "page_idx": 3
    },
    {
        "type": "text",
        "text": "After booking this elimination, it is important to notice that",
        "bbox": [
            108,
            778,
            690,
            796
        ],
        "page_idx": 3
    },
    {
        "type": "list",
        "sub_type": "text",
        "list_items": [
            "- The remaining Equity is  \\(80\\%\\) , corresponding to the Group part",
            "Same for Financial Investments"
        ],
        "bbox": [
            148,
            812,
            796,
            860
        ],
        "page_idx": 3
    },
    {
        "type": "header",
        "text": "PART 2 BASICS OF CONSOLIDATION TECHNIQUES",
        "bbox": [
            305,
            70,
            855,
            87
        ],
        "page_idx": 3
    },
    {
        "type": "text",
        "text": "- All other Assets and Liabilities accounts are just not eliminated because, speaking about a global integration, we have to add them to parent company accounts.",
        "bbox": [
            146,
            118,
            875,
            169
        ],
        "page_idx": 4
    },
    {
        "type": "text",
        "text": "On the P&L side, all accounts are to be kept in the consolidation and we just have to transfer  \\(30 = 20\\%\\)  * 150 from Group Result to the Minority Result.",
        "bbox": [
            105,
            183,
            875,
            216
        ],
        "page_idx": 4
    },
    {
        "type": "text",
        "text": "9.3 Proportional integration companies",
        "text_level": 2,
        "bbox": [
            105,
            250,
            743,
            273
        ],
        "page_idx": 4
    },
    {
        "type": "text",
        "text": "Considering company A consolidated with the proportional integration at  \\(50\\%\\) , only  \\(50\\%\\)  of Assets, Liabilities and P&L accounts remain in the final consolidated balance sheet.",
        "bbox": [
            105,
            294,
            875,
            342
        ],
        "page_idx": 4
    },
    {
        "type": "text",
        "text": "The elimination adjustment hereunder just eliminates  \\(50\\%\\)  of all these accounts. It can be quite a large journal entry depending on the number of accounts booked.",
        "bbox": [
            105,
            358,
            875,
            405
        ],
        "page_idx": 4
    },
    {
        "type": "table",
        "img_path": "images/3c50eff5a0e47c698961cdeb01f83a135206e42a7533c5b2d435fc5c30d32d89.jpg",
        "table_caption": [],
        "table_footnote": [],
        "table_body": "<table><tr><td colspan=\"6\">A - Proportional integration = 50%</td></tr><tr><td rowspan=\"2\">Goodwill</td><td rowspan=\"2\">400</td><td rowspan=\"2\">(200)</td><td>Capital</td><td>2,000</td><td>(1,000)</td></tr><tr><td>Reserves</td><td>800</td><td>(400)</td></tr><tr><td rowspan=\"2\">Fin. Invest./B</td><td rowspan=\"2\">1,000</td><td rowspan=\"2\">(500)</td><td>Result</td><td>150</td><td>(75)</td></tr><tr><td>Translation Adjust.</td><td>50</td><td>(25)</td></tr><tr><td>Other assets</td><td>3,600</td><td>(1,800)</td><td>Minority Interests</td><td>2,000</td><td>(1,000)</td></tr><tr><td>Total</td><td>5,000</td><td>(2,500)</td><td>Other liabilities</td><td>5,000</td><td>(2,500)</td></tr><tr><td colspan=\"6\"></td></tr><tr><td>Cost of sales</td><td>5,850</td><td>(2,925)</td><td>Sales</td><td>5,000</td><td>(2,500)</td></tr><tr><td>Other expenses</td><td>150</td><td>(75)</td><td>Other income</td><td>1,000</td><td>(500)</td></tr><tr><td>Result</td><td></td><td></td><td></td><td></td><td></td></tr><tr><td>Minority Result</td><td></td><td></td><td></td><td></td><td></td></tr><tr><td>Total</td><td>6,000</td><td>(3,000)</td><td>Total</td><td>6,000</td><td>(3,000)</td></tr></table>",
        "bbox": [
            129,
            418,
            841,
            651
        ],
        "page_idx": 4
    },
    {
        "type": "text",
        "text": "Of course, for such consolidation method, there are no minority interests in the balance sheet and no minority result in the P&L.",
        "bbox": [
            105,
            667,
            875,
            699
        ],
        "page_idx": 4
    },
    {
        "type": "text",
        "text": "Again, we see that  \\(50\\%\\)  of the equity still remains because it belongs to the group.",
        "bbox": [
            105,
            714,
            875,
            749
        ],
        "page_idx": 4
    },
    {
        "type": "text",
        "text": "9.4 Equity method companies",
        "text_level": 2,
        "bbox": [
            105,
            783,
            593,
            806
        ],
        "page_idx": 4
    },
    {
        "type": "text",
        "text": "We now consider company A consolidated by the equity method with a financial percentage of  \\(30\\%\\) . Following this method, all Assets, Liabilities and",
        "bbox": [
            105,
            825,
            875,
            860
        ],
        "page_idx": 4
    },
    {
        "type": "header",
        "text": "DIRECT CONSOLIDATION",
        "bbox": [
            110,
            65,
            366,
            81
        ],
        "page_idx": 4
    },
    {
        "type": "text",
        "text": "P&L accounts are not added to parent company accounts, except Equity which is kept at  \\(30\\%\\)  and possibly financial investments.",
        "bbox": [
            105,
            118,
            875,
            153
        ],
        "page_idx": 5
    },
    {
        "type": "table",
        "img_path": "images/b8d0527ae84d5fca1976f53a392abe5542c8b28c1bbfe0b7e8583fc63f4360d1.jpg",
        "table_caption": [],
        "table_footnote": [],
        "table_body": "<table><tr><td colspan=\"6\">A - Equity method - 30%</td></tr><tr><td rowspan=\"2\">Goodwill</td><td rowspan=\"2\">400</td><td rowspan=\"2\">(400)</td><td>Capital</td><td>2,000</td><td>(1,400)</td></tr><tr><td>Reserves</td><td>800</td><td>(560)</td></tr><tr><td rowspan=\"2\">Fin. Invest./B</td><td rowspan=\"2\">1,000</td><td rowspan=\"2\">(700)</td><td>Result</td><td>150</td><td>(105)</td></tr><tr><td>Translation Adjust.</td><td>50</td><td>(35)</td></tr><tr><td>Equity Value</td><td></td><td>600</td><td>Minority Interests</td><td></td><td></td></tr><tr><td>Other assets</td><td>3,600</td><td>(3,600)</td><td>Other liabilities</td><td>2,000</td><td>(2,000)</td></tr><tr><td>Total</td><td>5,000</td><td>(4,100)</td><td>Total</td><td>5,000</td><td>(4,100)</td></tr></table>",
        "bbox": [
            127,
            175,
            845,
            312
        ],
        "page_idx": 5
    },
    {
        "type": "table",
        "img_path": "images/0698df7b41365e35f99ef8402d0484e86e793da04ff9a4bcf1a2a5913ca2e378.jpg",
        "table_caption": [],
        "table_footnote": [],
        "table_body": "<table><tr><td>Cost of sales</td><td>5,850</td><td>(5,850)</td><td>Sales</td><td>5,000</td><td>(5,000)</td></tr><tr><td>Other expenses</td><td>150</td><td>(105)</td><td>Other income</td><td>1,000</td><td>(1,000)</td></tr><tr><td>Result</td><td></td><td></td><td>Profit/Equity Cies</td><td></td><td>45</td></tr><tr><td>Minority Result</td><td></td><td></td><td></td><td></td><td></td></tr><tr><td>Total</td><td>6,000</td><td>(5,955)</td><td>Total</td><td>6,000</td><td>(5,955)</td></tr></table>",
        "bbox": [
            129,
            335,
            845,
            422
        ],
        "page_idx": 5
    },
    {
        "type": "text",
        "text": "The balance sheet elimination is again a long journal entry because all assets and liabilities accounts are eliminated. Nevertheless, we keep  \\(30\\%\\)  of the Equity and  \\(30\\%\\)  of the Financial Investments which belong to the Group. Of course, this unbalances the journal entry and everything is going back to normal when booking the Equity Value for 600.",
        "bbox": [
            105,
            451,
            877,
            536
        ],
        "page_idx": 5
    },
    {
        "type": "text",
        "text": "The approach is similar for the P&L where we eliminate also all income and expense accounts except  \\(30\\%\\)  of the revenue we keep for the Group. To balance that journal entry, we book the specific account \"Profit/Equity Cies\"",
        "bbox": [
            105,
            548,
            877,
            599
        ],
        "page_idx": 5
    },
    {
        "type": "text",
        "text": "9.5 Elimination of intercompany positions",
        "text_level": 2,
        "bbox": [
            108,
            631,
            783,
            655
        ],
        "page_idx": 5
    },
    {
        "type": "text",
        "text": "The elimination of intercompany amounts will necessarily impact one account of a company with a corresponding account in another company named the partner.",
        "bbox": [
            105,
            674,
            877,
            724
        ],
        "page_idx": 5
    },
    {
        "type": "text",
        "text": "We are going to consider two different situations, either intercompany amounts have to be eliminated between integral consolidation companies or elimination is done between an integral company and a proportional company.",
        "bbox": [
            105,
            739,
            877,
            790
        ],
        "page_idx": 5
    },
    {
        "type": "header",
        "text": "PART 2 BASICS OF CONSOLIDATION TECHNIQUES",
        "bbox": [
            302,
            70,
            853,
            87
        ],
        "page_idx": 5
    },
    {
        "type": "text",
        "text": "Elimination of intercompany amounts between intercal companies",
        "text_level": 3,
        "bbox": [
            110,
            120,
            832,
            137
        ],
        "page_idx": 6
    },
    {
        "type": "text",
        "text": "In our example, we consider three companies A, B and C, supposing all intercompanies are correctly matched. If not, some consolidation adjustments will have been previously booked to correct these differences.",
        "bbox": [
            108,
            152,
            877,
            202
        ],
        "page_idx": 6
    },
    {
        "type": "table",
        "img_path": "images/c43a266468952bb0b162af2452d05f4d076ac372dcba6e792f4186182058fd68.jpg",
        "table_caption": [],
        "table_footnote": [],
        "table_body": "<table><tr><td colspan=\"6\">A = Global integration</td></tr><tr><td>Receivables/B Link account</td><td>100</td><td>(100)100(80)</td><td>Payables/C</td><td>80</td><td>(80)</td></tr></table>",
        "bbox": [
            169,
            222,
            805,
            307
        ],
        "page_idx": 6
    },
    {
        "type": "table",
        "img_path": "images/e6bbbf2e85ea4caffd8cc38c0cae3c802af9988be9aa622740ca6207f067297c.jpg",
        "table_caption": [],
        "table_footnote": [],
        "table_body": "<table><tr><td colspan=\"6\">B = Global integration</td></tr><tr><td>Receivables/C Link account</td><td>200</td><td>(200) 200 (100)</td><td>Payables/A</td><td>100</td><td>(100)</td></tr></table>",
        "bbox": [
            169,
            329,
            805,
            412
        ],
        "page_idx": 6
    },
    {
        "type": "table",
        "img_path": "images/5b014fdfa4e951d27a1f37ca742a87be62d91e8a0eeb3438ec41a007d4a269dd.jpg",
        "table_caption": [],
        "table_footnote": [],
        "table_body": "<table><tr><td colspan=\"6\">C = Global integration</td></tr><tr><td>Receivables/A Link account</td><td>80</td><td>(800) 80 (200)</td><td>Payables/B</td><td>200</td><td>(200)</td></tr></table>",
        "bbox": [
            169,
            434,
            805,
            517
        ],
        "page_idx": 6
    },
    {
        "type": "text",
        "text": "For each company, we eliminate each intercompany amount on receivables and payables and book the counterpart on a \"Link account\". This Link account enables a balanced journal entry for each company.",
        "bbox": [
            108,
            536,
            875,
            587
        ],
        "page_idx": 6
    },
    {
        "type": "text",
        "text": "Of course, the intercompany amounts being reconciled, the Link account is set to zero at consolidation level after these eliminations.",
        "bbox": [
            108,
            602,
            872,
            633
        ],
        "page_idx": 6
    },
    {
        "type": "text",
        "text": "It is easy to see that all these accounts will not impact the final consolidated balance sheet.",
        "bbox": [
            108,
            633,
            872,
            665
        ],
        "page_idx": 6
    },
    {
        "type": "text",
        "text": "Elimination of intercompany amounts in the P&L is done in the same way by also using another 'Link account\".",
        "bbox": [
            108,
            665,
            872,
            697
        ],
        "page_idx": 6
    },
    {
        "type": "text",
        "text": "If there is a threshold accepted by the Auditors under which reconciliation is not done, these Link accounts will not be zero at the end of the consolidation process. If the remaining differences look material, it is the consolidator responsibility to investigate the origin of the problem, otherwise we recommend to reclassify the differences on appropriate accounts. For audit purpose, it is better to have all Link accounts set finally to zero.",
        "bbox": [
            108,
            714,
            875,
            810
        ],
        "page_idx": 6
    },
    {
        "type": "header",
        "text": "DIRECT CONSOLIDATION",
        "bbox": [
            112,
            65,
            364,
            80
        ],
        "page_idx": 6
    },
    {
        "type": "text",
        "text": "Elimination of intercompany amounts between an intercal company and a proportional company",
        "text_level": 3,
        "bbox": [
            108,
            120,
            879,
            156
        ],
        "page_idx": 7
    },
    {
        "type": "text",
        "text": "We now consider company A consolidated by integration method and company B with the proportional method. Initially, intercompany reconciliation is made, no matter the consolidation method (global or proportional, equity not needed).",
        "bbox": [
            108,
            168,
            879,
            234
        ],
        "page_idx": 7
    },
    {
        "type": "text",
        "text": "On the following example, we can see that in first column, company A has receivables with company B for 100 and company B has payables with company A for 100. So they agree.",
        "bbox": [
            108,
            248,
            877,
            298
        ],
        "page_idx": 7
    },
    {
        "type": "table",
        "img_path": "images/b5e5ffd36f4334b129da4b1b1d805207b6199242d80ccfa2c4790339f3e46900.jpg",
        "table_caption": [],
        "table_footnote": [],
        "table_body": "<table><tr><td></td><td></td><td>A</td><td>- Global</td><td>integration</td><td></td><td></td><td></td></tr><tr><td>Receivables/B Receivables/-Link account</td><td>100</td><td>(100)5050</td><td></td><td></td><td></td><td></td><td></td></tr></table>",
        "bbox": [
            131,
            317,
            849,
            408
        ],
        "page_idx": 7
    },
    {
        "type": "table",
        "img_path": "images/6e15a678d6c5096ba12e7506b91055531a43df061f062be89222bf297c82d896.jpg",
        "table_caption": [],
        "table_footnote": [],
        "table_body": "<table><tr><td></td><td colspan=\"3\">B - Proportional</td><td>Integration-</td><td>50%</td><td></td><td></td></tr><tr><td></td><td></td><td>(1)</td><td>(2)</td><td></td><td></td><td>(1)</td><td>(2)</td></tr><tr><td>Link account</td><td></td><td></td><td>(50)</td><td>Payables/A</td><td>100</td><td>(50)</td><td>(50)</td></tr></table>",
        "bbox": [
            131,
            421,
            849,
            513
        ],
        "page_idx": 7
    },
    {
        "type": "text",
        "text": "Company B being consolidated with the proportional method, one of the preceding process has already eliminated  \\(50\\%\\)  of each amount of the balance sheet, included the intercompany amounts. That elimination is represented in column (1).",
        "bbox": [
            108,
            530,
            879,
            595
        ],
        "page_idx": 7
    },
    {
        "type": "text",
        "text": "This means intercompany amounts between both companies are no longer reconciled.",
        "bbox": [
            108,
            610,
            875,
            641
        ],
        "page_idx": 7
    },
    {
        "type": "text",
        "text": "The elimination will then consider that the receivables of 100 in company A accounts consist in two amounts: one intercompany amount of 50 with company B and an amount of 50 with the other partner of company B, who is considered as a  \\(3^{\\text{rd}}\\)  Party.",
        "bbox": [
            108,
            642,
            875,
            705
        ],
        "page_idx": 7
    },
    {
        "type": "text",
        "text": "The elimination adjustment in company A consists in eliminating the 100 receivables declared as intercompany and in transferring 50 to receivables with  \\(3^{\\text{rd}}\\)  Parties (Receivables/-) and 50 to the Link account.",
        "bbox": [
            108,
            721,
            875,
            771
        ],
        "page_idx": 7
    },
    {
        "type": "text",
        "text": "At the end of the consolidation process, the consolidated accounts will show remaining receivables of 50, but the Link account will be set to zero.",
        "bbox": [
            108,
            787,
            875,
            819
        ],
        "page_idx": 7
    },
    {
        "type": "text",
        "text": "The process of elimination is exactly the same for the P&L, with another Link account.",
        "bbox": [
            108,
            834,
            875,
            868
        ],
        "page_idx": 7
    },
    {
        "type": "header",
        "text": "PART 2 BASICS OF CONSOLIDATION TECHNIQUES",
        "bbox": [
            305,
            71,
            855,
            87
        ],
        "page_idx": 7
    },
    {
        "type": "text",
        "text": "9.6 Elimination of financial investments and equity of each company",
        "text_level": 2,
        "bbox": [
            109,
            121,
            816,
            169
        ],
        "page_idx": 8
    },
    {
        "type": "text",
        "text": "While consolidating a group, whatever the consolidation method is, we calculate the consolidated reserves of a company as the indirect financial percentage in the equity less the indirect percentage in the value of the financial investment of each shareholder.",
        "bbox": [
            109,
            188,
            871,
            254
        ],
        "page_idx": 8
    },
    {
        "type": "text",
        "text": "We are now going to explain how to book the consolidated reserves and eliminate equity and financial investments in one set of elimination adjustments.",
        "bbox": [
            109,
            269,
            871,
            317
        ],
        "page_idx": 8
    },
    {
        "type": "text",
        "text": "Let's do it on the basis of the following example.",
        "bbox": [
            109,
            333,
            580,
            351
        ],
        "page_idx": 8
    },
    {
        "type": "text",
        "text": "We will focus on company A that is owned by parent company P at  \\(80\\%\\)  and by company B at  \\(20\\%\\) , this company being owned by P at  \\(60\\%\\) . The indirect financial percentage in company A is  \\(92\\% = 80\\% + 60\\% * 20\\%\\) .",
        "bbox": [
            109,
            364,
            556,
            446
        ],
        "page_idx": 8
    },
    {
        "type": "image",
        "img_path": "images/0f18b2f36cde4b9cfaeb4c5cd4bc4a99a8aeaa0bd0c9e115f5576acd2621bf39.jpg",
        "image_caption": [],
        "image_footnote": [],
        "bbox": [
            567,
            374,
            871,
            481
        ],
        "page_idx": 8
    },
    {
        "type": "text",
        "text": "In the following accounts we limit our view to those necessary to calculate the consolidated reserves of company A which is",
        "bbox": [
            109,
            493,
            860,
            528
        ],
        "page_idx": 8
    },
    {
        "type": "equation",
        "text": "\n\\[\n1352 = 92\\% * [2000 + 1000 + 100] - 1200 - 60\\% * 500\n\\]\n",
        "text_format": "latex",
        "bbox": [
            208,
            541,
            774,
            559
        ],
        "page_idx": 8
    },
    {
        "type": "table",
        "img_path": "images/20494d35f564a63c75acfa6c0aeb764c3c7ffad254a8d6789ab9b5af2ba01d27.jpg",
        "table_caption": [],
        "table_footnote": [],
        "table_body": "<table><tr><td colspan=\"6\">P,</td></tr><tr><td></td><td></td><td>(3)</td><td></td><td></td><td></td></tr><tr><td>Fin. Invest./A</td><td>1,200</td><td>(1,200)</td><td>Capital</td><td>...</td><td></td></tr><tr><td>Fin. Invest./B</td><td>...</td><td></td><td></td><td></td><td></td></tr><tr><td>Link Account</td><td></td><td>1,200</td><td></td><td></td><td></td></tr></table>",
        "bbox": [
            187,
            579,
            831,
            696
        ],
        "page_idx": 8
    },
    {
        "type": "header",
        "text": "DIRECT CONSOLIDATION",
        "bbox": [
            111,
            67,
            364,
            81
        ],
        "page_idx": 8
    },
    {
        "type": "table",
        "img_path": "images/448f863e804341cf0172db80dcad9c155bb192e9fcec9319b3962be5f216d783.jpg",
        "table_caption": [],
        "table_footnote": [],
        "table_body": "<table><tr><td colspan=\"7\">B * Global integration - 60%</td></tr><tr><td></td><td></td><td>(5)</td><td>(6)</td><td></td><td></td><td></td></tr><tr><td rowspan=\"2\">Fin. Invest./A Link Account</td><td>500</td><td>(200)</td><td>(300)</td><td>Capital</td><td>...</td><td></td></tr><tr><td></td><td></td><td>300</td><td></td><td></td><td></td></tr></table>",
        "bbox": [
            188,
            118,
            838,
            218
        ],
        "page_idx": 9
    },
    {
        "type": "table",
        "img_path": "images/afe2afc784e80b435bfa1f9448bf61f1d32274218cf19847291e06546bf44ffe.jpg",
        "table_caption": [],
        "table_footnote": [],
        "table_body": "<table><tr><td></td><td></td><td colspan=\"3\">A&quot; Global Integration - 92%</td><td></td><td></td><td></td><td></td></tr><tr><td></td><td></td><td>(4)</td><td>(7)</td><td></td><td>(1)</td><td>(2)</td><td>(4)</td><td>(7)</td></tr><tr><td rowspan=\"4\">Other assets</td><td rowspan=\"6\">...</td><td rowspan=\"6\">(1,200)</td><td rowspan=\"6\">(300)</td><td>Capital</td><td>2,000</td><td>(160)</td><td>(1,840)</td><td></td></tr><tr><td>Reserves</td><td>1,000</td><td>(80)</td><td>(920)</td><td></td></tr><tr><td>Result</td><td>100</td><td>(16)</td><td>(92)</td><td></td></tr><tr><td>Translation Adjust.</td><td>200</td><td></td><td></td><td></td></tr><tr><td rowspan=\"2\">Link Account</td><td>Conso. Reserves</td><td></td><td>2,852</td><td>(1,200)</td><td>(300)</td></tr><tr><td>Minority Interests</td><td></td><td></td><td></td><td></td></tr></table>",
        "bbox": [
            110,
            238,
            864,
            323
        ],
        "page_idx": 9
    },
    {
        "type": "text",
        "text": "Let's now analyze all the elimination adjustments.",
        "bbox": [
            108,
            338,
            593,
            354
        ],
        "page_idx": 9
    },
    {
        "type": "text",
        "text": "Column (1) is the impact of the reclassification on minority interests for  \\(8\\%\\)  of company A equity, consequence for the first step of elimination related to global integration",
        "bbox": [
            108,
            370,
            877,
            418
        ],
        "page_idx": 9
    },
    {
        "type": "text",
        "text": "Column (2) eliminates the group part in A equity (92%) and reclassifies the total amount on consolidated reserves. This corresponds to the first term of our previous calculation.",
        "bbox": [
            108,
            434,
            877,
            481
        ],
        "page_idx": 9
    },
    {
        "type": "text",
        "text": "Column (3) in P accounts eliminates the Financial Investment on A for 1200 and transfers the amount on a link account also in P. This elimination journal entry is in balance in P (methodology!).",
        "bbox": [
            108,
            497,
            877,
            547
        ],
        "page_idx": 9
    },
    {
        "type": "text",
        "text": "Column (4) will be probably considered as an 'artificial\" journal entry. In fact, the amount having been booked on the link account in P for 1200 is now booked for (1200) on the same link account, but in A. The counterpart of this booking is the consolidated reserves and the consolidated link account is set to zero. In the meantime, if we look at the consolidated reserves in A we have now brought the second term of our calculation.",
        "bbox": [
            108,
            562,
            875,
            658
        ],
        "page_idx": 9
    },
    {
        "type": "text",
        "text": "Column (5) is the consequence of applying the integration method to company B (first step) for which there is  \\(40\\%\\)  of minority interests to reclassify for an amount of 200",
        "bbox": [
            108,
            674,
            877,
            723
        ],
        "page_idx": 9
    },
    {
        "type": "text",
        "text": "Column (6) The remaining amount of 300, which corresponds to the Group amount, is then eliminated in the same way we did in P accounts",
        "bbox": [
            108,
            739,
            877,
            771
        ],
        "page_idx": 9
    },
    {
        "type": "text",
        "text": "Column (7) We now book the opposite amount (300) on the link account in A with the consolidated reserves as counterpart. This gives us the last term of our calculation.",
        "bbox": [
            108,
            787,
            877,
            836
        ],
        "page_idx": 9
    },
    {
        "type": "text",
        "text": "Finally, through all these elimination adjustments, financial investments are eliminated in shareholders' accounts and equity is eliminated in company",
        "bbox": [
            108,
            850,
            875,
            884
        ],
        "page_idx": 9
    },
    {
        "type": "header",
        "text": "PART 2 BASICS OF CONSOLIDATION TECHNIQUES",
        "bbox": [
            305,
            71,
            858,
            89
        ],
        "page_idx": 9
    }
]