[
    [
        {
            "type": "header",
            "bbox": [
                0.113,
                0.068,
                0.365,
                0.082
            ],
            "angle": 0,
            "content": "DIRECT CONSOLIDATION"
        },
        {
            "type": "text",
            "bbox": [
                0.114,
                0.121,
                0.875,
                0.17
            ],
            "angle": 0,
            "content": "accounts. However, there are still two accounts dealing with equity in company accounts: Minority Interests and the Group part in the translation adjustments."
        },
        {
            "type": "text",
            "bbox": [
                0.114,
                0.186,
                0.875,
                0.249
            ],
            "angle": 0,
            "content": "This process has to be applied to each company, except the parent company. It clearly shows that the final consolidated accounts remain only with the parent company Equity (Capital, ...) and all financial investments are eliminated in the Assets."
        }
    ],
    [
        {
            "type": "title",
            "bbox": [
                0.15,
                0.268,
                0.36,
                0.302
            ],
            "angle": 0,
            "content": "BART 3"
        },
        {
            "type": "title",
            "bbox": [
                0.272,
                0.31,
                0.717,
                0.345
            ],
            "angle": 0,
            "content": "EVOLUTION OF"
        },
        {
            "type": "title",
            "bbox": [
                0.272,
                0.354,
                0.739,
                0.389
            ],
            "angle": 0,
            "content": "CONSOLIDATED"
        },
        {
            "type": "title",
            "bbox": [
                0.272,
                0.397,
                0.593,
                0.432
            ],
            "angle": 0,
            "content": "ACCOUNTS"
        },
        {
            "type": "image",
            "bbox": [
                0.129,
                0.522,
                0.856,
                0.751
            ],
            "angle": 0,
            "content": null
        },
        {
            "type": "page_number",
            "bbox": [
                0.476,
                0.923,
                0.522,
                0.939
            ],
            "angle": 0,
            "content": "155"
        }
    ],
    [
        {
            "type": "header",
            "bbox": [
                0.111,
                0.067,
                0.367,
                0.082
            ],
            "angle": 0,
            "content": "DIRECT CONSOLIDATION"
        },
        {
            "type": "title",
            "bbox": [
                0.112,
                0.14,
                0.711,
                0.187
            ],
            "angle": 0,
            "content": "1 EVOLUTION OF ASSETS AND LIABILITIES ACCOUNTS"
        },
        {
            "type": "text",
            "bbox": [
                0.108,
                0.21,
                0.872,
                0.245
            ],
            "angle": 0,
            "content": "Justifying the evolution of consolidated financial statements between two periods can sometimes turn to a challenge."
        },
        {
            "type": "text",
            "bbox": [
                0.108,
                0.259,
                0.872,
                0.293
            ],
            "angle": 0,
            "content": "In a classical accounting system, a period is closed and all balance sheet accounts are carried forward to the next period as opening amounts."
        },
        {
            "type": "text",
            "bbox": [
                0.108,
                0.307,
                0.796,
                0.324
            ],
            "angle": 0,
            "content": "In a consolidation process, this is not so easy for the following reasons"
        },
        {
            "type": "text",
            "bbox": [
                0.155,
                0.339,
                0.868,
                0.369
            ],
            "angle": 0,
            "content": "- Accounts received from a company for the last period are not always the final ones"
        },
        {
            "type": "text",
            "bbox": [
                0.155,
                0.387,
                0.868,
                0.418
            ],
            "angle": 0,
            "content": "- Currency rates used in consolidation are changing between two periods"
        },
        {
            "type": "text",
            "bbox": [
                0.155,
                0.435,
                0.864,
                0.466
            ],
            "angle": 0,
            "content": "- Some financial percentages may also change between two periods, implying at least some difficulties at the Equity level"
        },
        {
            "type": "text",
            "bbox": [
                0.155,
                0.484,
                0.864,
                0.515
            ],
            "angle": 0,
            "content": "- If the change in percentage becomes material for a certain company, its consolidation method may also change"
        },
        {
            "type": "text",
            "bbox": [
                0.155,
                0.532,
                0.867,
                0.579
            ],
            "angle": 0,
            "content": "- Historical adjustments booked in former consolidations still remain active in current consolidation. Not carrying forward one of these adjustments in current consolidation may give some trouble..."
        },
        {
            "type": "list",
            "bbox": [
                0.155,
                0.339,
                0.868,
                0.579
            ],
            "angle": 0,
            "content": null
        },
        {
            "type": "text",
            "bbox": [
                0.108,
                0.596,
                0.872,
                0.661
            ],
            "angle": 0,
            "content": "All these situations are at the origin of what is called a discontinuing problem in consolidation. We have to deal with it while the evolution of consolidated figures represents the most important part of the consolidated disclosures to provide."
        },
        {
            "type": "title",
            "bbox": [
                0.11,
                0.695,
                0.767,
                0.716
            ],
            "angle": 0,
            "content": "1.1 Flows on each balance sheet account"
        },
        {
            "type": "text",
            "bbox": [
                0.108,
                0.737,
                0.871,
                0.787
            ],
            "angle": 0,
            "content": "One important set of information asked to each company of the consolidation scope is an explanation on how each individual assets and liabilities account is changing between two consolidation periods."
        },
        {
            "type": "text",
            "bbox": [
                0.108,
                0.801,
                0.872,
                0.868
            ],
            "angle": 0,
            "content": "Of course, the reasons of these changes will depend on the account. Evolution of tangible assets (acquisition value) will be explained by acquisitions, disposals, ... when evolution of tangible assets (depreciations) will be explained by depreciation of the period, depreciation on disposals,"
        }
    ],
    [
        {
            "type": "header",
            "bbox": [
                0.36,
                0.07,
                0.867,
                0.086
            ],
            "angle": 0,
            "content": "PART 3 EVOLUTION OF CONSOLIDATED ACCOUNTS"
        },
        {
            "type": "text",
            "bbox": [
                0.11,
                0.119,
                0.875,
                0.152
            ],
            "angle": 0,
            "content": "cancellations, ... Evolution of the capital account may be described with increase by cash, increase by non cash, ..."
        },
        {
            "type": "text",
            "bbox": [
                0.11,
                0.152,
                0.868,
                0.201
            ],
            "angle": 0,
            "content": "For current assets and liabilities, we can limit the request to a net variation which, most of the time, is sufficient for the disclosures. It is indeed generally not significant to ask for increase and decrease of Payables."
        },
        {
            "type": "text",
            "bbox": [
                0.11,
                0.216,
                0.872,
                0.265
            ],
            "angle": 0,
            "content": "These reasons of changes are booked on what is called 'flows\" in consolidation. They must be seen as an independent dimension with regard to the chart of accounts."
        },
        {
            "type": "text",
            "bbox": [
                0.11,
                0.281,
                0.822,
                0.315
            ],
            "angle": 0,
            "content": "Hereunder is a more complete example of flows generally asked to each company for an account that could be tangible assets (acquisition value)."
        },
        {
            "type": "table",
            "bbox": [
                0.266,
                0.329,
                0.726,
                0.535
            ],
            "angle": 0,
            "content": "<table><tr><td>Opening value</td><td>2,000</td></tr><tr><td>Acquisitions</td><td>…</td></tr><tr><td>Disposals</td><td>…</td></tr><tr><td>Transfer between accounts</td><td>…</td></tr><tr><td>Difference on opening</td><td>…</td></tr><tr><td>Translation adjustments</td><td>…</td></tr><tr><td>Entry in consolidation scope</td><td>…</td></tr><tr><td>Merge between companies</td><td>…</td></tr><tr><td>Changes in consolidation method</td><td>…</td></tr><tr><td>…</td><td>…</td></tr><tr><td>Closing value</td><td>2,500</td></tr></table>"
        },
        {
            "type": "text",
            "bbox": [
                0.112,
                0.553,
                0.876,
                0.587
            ],
            "angle": 0,
            "content": "Amounts of 2000 and 2500 are supposed to come from the balance sheet and are in local currency."
        },
        {
            "type": "text",
            "bbox": [
                0.15,
                0.601,
                0.875,
                0.633
            ],
            "angle": 0,
            "content": "- \"Transfer between accounts\" flow supposes that the opposite amount is found on another account."
        },
        {
            "type": "text",
            "bbox": [
                0.15,
                0.65,
                0.875,
                0.715
            ],
            "angle": 0,
            "content": "- \"Difference on opening\" flow is booked when the closing amount imported in previous consolidation was not the final one. This amount cannot be aggregated with \"Acquisitions\" or \"Disposals\" flows. From an economical point of view, it wouldn't be correct."
        },
        {
            "type": "text",
            "bbox": [
                0.15,
                0.73,
                0.874,
                0.763
            ],
            "angle": 0,
            "content": "- \"Translation adjustments\" flow is booked for foreign companies as explained in Part 2, Chapter 6 Section 4."
        },
        {
            "type": "text",
            "bbox": [
                0.15,
                0.778,
                0.875,
                0.858
            ],
            "angle": 0,
            "content": "- \"Entry in the consolidation scope\" flow is booked when a company is consolidated for the first time. Again, it wouldn't give a correct economical picture to aggregate such amount with the \"Acquisitions\" flow. What has been purchased are shares of that company, not individual assets and liabilities."
        },
        {
            "type": "list",
            "bbox": [
                0.15,
                0.601,
                0.875,
                0.858
            ],
            "angle": 0,
            "content": null
        }
    ],
    [
        {
            "type": "header",
            "bbox": [
                0.111,
                0.065,
                0.367,
                0.082
            ],
            "angle": 0,
            "content": "DIRECT CONSOLIDATION"
        },
        {
            "type": "text",
            "bbox": [
                0.147,
                0.12,
                0.875,
                0.169
            ],
            "angle": 0,
            "content": "- \"Merge between companies\" flow is used when two companies belonging to the consolidation scope are merging. This flow can be seen as a transfer flow between these two companies."
        },
        {
            "type": "text",
            "bbox": [
                0.147,
                0.183,
                0.876,
                0.217
            ],
            "angle": 0,
            "content": "- \"Changes in consolidation method\" will be booked when consolidation method is different from one period to another"
        },
        {
            "type": "list",
            "bbox": [
                0.147,
                0.12,
                0.876,
                0.217
            ],
            "angle": 0,
            "content": null
        },
        {
            "type": "title",
            "bbox": [
                0.111,
                0.251,
                0.697,
                0.274
            ],
            "angle": 0,
            "content": "1.2 Flows and consolidation process"
        },
        {
            "type": "text",
            "bbox": [
                0.108,
                0.293,
                0.876,
                0.326
            ],
            "angle": 0,
            "content": "Flows are submitted to the consolidation process in a similar way as are the balance accounts."
        },
        {
            "type": "title",
            "bbox": [
                0.109,
                0.342,
                0.231,
                0.356
            ],
            "angle": 0,
            "content": "That means"
        },
        {
            "type": "text",
            "bbox": [
                0.147,
                0.373,
                0.816,
                0.406
            ],
            "angle": 0,
            "content": "- Flows in local currency are translated into consolidation currency, most generally at average rate of the period"
        },
        {
            "type": "text",
            "bbox": [
                0.147,
                0.421,
                0.868,
                0.453
            ],
            "angle": 0,
            "content": "- Some flows will be intercompany because explaining intercompany accounts evolution"
        },
        {
            "type": "text",
            "bbox": [
                0.147,
                0.469,
                0.699,
                0.486
            ],
            "angle": 0,
            "content": "- Flows may be adjusted by consolidation adjustments"
        },
        {
            "type": "text",
            "bbox": [
                0.147,
                0.501,
                0.869,
                0.533
            ],
            "angle": 0,
            "content": "- Flows will then be processed during the eliminations in a similar way as accounts are."
        },
        {
            "type": "list",
            "bbox": [
                0.147,
                0.373,
                0.869,
                0.533
            ],
            "angle": 0,
            "content": null
        },
        {
            "type": "text",
            "bbox": [
                0.108,
                0.55,
                0.408,
                0.567
            ],
            "angle": 0,
            "content": "Let's consider a few examples."
        },
        {
            "type": "table_caption",
            "bbox": [
                0.109,
                0.582,
                0.557,
                0.599
            ],
            "angle": 0,
            "content": "Example 1 : Elimination process on flows"
        },
        {
            "type": "table",
            "bbox": [
                0.111,
                0.619,
                0.875,
                0.751
            ],
            "angle": 0,
            "content": "<table><tr><td colspan=\"2\"></td><td colspan=\"3\">Eliminations if</td></tr><tr><td>Tangible assets (Acq.Val.)</td><td>Statutory</td><td>Global 80%</td><td>Proportional 50%</td><td>Equity 30%</td></tr><tr><td>Year 1</td><td>1,000</td><td></td><td>(500)</td><td>(1,000)</td></tr><tr><td>Acquisitions</td><td>300</td><td></td><td>(150)</td><td>(300)</td></tr><tr><td>Disposals</td><td>(100)</td><td></td><td>50</td><td>100</td></tr><tr><td>Transfer</td><td>200</td><td></td><td>(100)</td><td>(200)</td></tr><tr><td>Year 2</td><td>1,400</td><td></td><td>(700)</td><td>(1,400)</td></tr></table>"
        },
        {
            "type": "text",
            "bbox": [
                0.107,
                0.782,
                0.871,
                0.814
            ],
            "angle": 0,
            "content": "This example shows the elimination process on flows depending on the consolidation method."
        },
        {
            "type": "text",
            "bbox": [
                0.107,
                0.83,
                0.871,
                0.862
            ],
            "angle": 0,
            "content": "For the global integration, we know that we keep \\(100\\%\\) of all balance sheet accounts and we do so for the flows."
        }
    ],
    [
        {
            "type": "header",
            "bbox": [
                0.361,
                0.073,
                0.867,
                0.088
            ],
            "angle": 0,
            "content": "PART 3 EVOLUTION OF CONSOLIDATED ACCOUNTS"
        },
        {
            "type": "text",
            "bbox": [
                0.112,
                0.12,
                0.876,
                0.153
            ],
            "angle": 0,
            "content": "For a proportional integration \\((50\\%)\\), we eliminate \\(50\\%\\) of each flow as we do for the closing amounts."
        },
        {
            "type": "text",
            "bbox": [
                0.112,
                0.168,
                0.876,
                0.202
            ],
            "angle": 0,
            "content": "For an equity method company, we eliminate \\(100\\%\\) of the flow amounts as we do for the closing amounts."
        },
        {
            "type": "text",
            "bbox": [
                0.112,
                0.217,
                0.876,
                0.25
            ],
            "angle": 0,
            "content": "This example finally shows that the elimination process acting on closing flows is the same as the one acting on closing amounts."
        },
        {
            "type": "table_caption",
            "bbox": [
                0.112,
                0.265,
                0.876,
                0.299
            ],
            "angle": 0,
            "content": "Example 2: Elimination process on flows when consolidation method is changing"
        },
        {
            "type": "table",
            "bbox": [
                0.151,
                0.318,
                0.825,
                0.451
            ],
            "angle": 0,
            "content": "<table><tr><td>Tangible assets (Acq.Val.)</td><td>Statutory</td><td>Eliminations</td><td>Consolidated</td></tr><tr><td>Year 1,(Equity method 30%)</td><td>1,000</td><td>(1,000)</td><td>0</td></tr><tr><td>Acquisitions</td><td>300</td><td></td><td>300</td></tr><tr><td>Disposals</td><td>(100)</td><td></td><td>(100)</td></tr><tr><td>Transfers</td><td>200</td><td></td><td>200</td></tr><tr><td>Changes in conso. method</td><td></td><td>1,000</td><td>1,000</td></tr><tr><td>Year 2 (Global 80%)</td><td>1,400</td><td>0</td><td>1,400</td></tr></table>"
        },
        {
            "type": "text",
            "bbox": [
                0.112,
                0.465,
                0.876,
                0.514
            ],
            "angle": 0,
            "content": "In this example, the company is consolidated with the equity method in Year 1 and with the global integration method in Year 2, which is the consequence of shares acquisition giving the control on that company."
        },
        {
            "type": "text",
            "bbox": [
                0.112,
                0.529,
                0.877,
                0.676
            ],
            "angle": 0,
            "content": "We first suppose the acquisition happened on the \\(1^{\\text{st}}\\) of January, Year 2 which means that the whole activity of the 12 months of Year 2 must be consolidated with the global integration method. Of course, the opening amount, consolidated at end of Year 1, was eliminated by the equity method. This situation implies that the only way to justify an evolution from 0 to 1400 is to book a flow called 'Changes in conso. method\" with an amount corresponding to the opening. Booking these 1000 on Acquisition flow would again not be economically correct. The group has acquired shares giving the control on that company, but it didn't' acquire these 1000 tangible assets."
        },
        {
            "type": "text",
            "bbox": [
                0.112,
                0.689,
                0.877,
                0.804
            ],
            "angle": 0,
            "content": "If the transaction would have been closed let say on the \\(1^{\\text{st}}\\) of May Year 2, theoretically, we would have to consolidate these flows with the equity method for the first four months preceding the closing and with the global integration method for the remaining eight months of the year. Such approach requires the knowledge of each flow split in two parts, before closing and after closing of the transaction. This could represent a real difficulty for a company not prepared to such specific reporting."
        }
    ],
    [
        {
            "type": "header",
            "bbox": [
                0.111,
                0.065,
                0.367,
                0.082
            ],
            "angle": 0,
            "content": "DIRECT CONSOLIDATION"
        },
        {
            "type": "title",
            "bbox": [
                0.111,
                0.121,
                0.703,
                0.145
            ],
            "angle": 0,
            "content": "1.3 Flows on intercompany accounts"
        },
        {
            "type": "text",
            "bbox": [
                0.108,
                0.164,
                0.875,
                0.228
            ],
            "angle": 0,
            "content": "When reporting the figures for consolidation, each company usually provides the first flows on each balance sheet accounts and if that account is defined as intercompany, it should also provide a more detailed information on flows attached to each intercompany amounts."
        },
        {
            "type": "text",
            "bbox": [
                0.109,
                0.229,
                0.545,
                0.246
            ],
            "angle": 0,
            "content": "Let's put this through the following example."
        },
        {
            "type": "table",
            "bbox": [
                0.225,
                0.262,
                0.778,
                0.348
            ],
            "angle": 0,
            "content": "<table><tr><td rowspan=\"2\"></td><td>Company A</td><td>Receivables</td><td></td></tr><tr><td>Year 1</td><td>Net variation</td><td>Year 2</td></tr><tr><td>Balance</td><td>1,000</td><td>400</td><td>1,400</td></tr><tr><td>Company B</td><td>200</td><td>100</td><td>300</td></tr><tr><td>3rd Parties</td><td>800</td><td>300</td><td>1,100</td></tr></table>"
        },
        {
            "type": "text",
            "bbox": [
                0.108,
                0.372,
                0.876,
                0.421
            ],
            "angle": 0,
            "content": "Here is the situation of the Receivables for company A showing first the balance evolution for 400 and then an intercompany position with company B for a variation of 100. The net variation of 300 concerns \\(3^{\\text{rd}}\\) Parties."
        },
        {
            "type": "table",
            "bbox": [
                0.224,
                0.447,
                0.776,
                0.535
            ],
            "angle": 0,
            "content": "<table><tr><td rowspan=\"2\"></td><td>Company B</td><td>Payables</td><td></td></tr><tr><td>Year 1</td><td>Net variation</td><td>Year 2</td></tr><tr><td>Balance</td><td>1,300</td><td>(500)</td><td>800</td></tr><tr><td>Company A</td><td>200</td><td>100</td><td>300</td></tr><tr><td>3rd Parties</td><td>1,100</td><td>(600)</td><td>500</td></tr></table>"
        },
        {
            "type": "text",
            "bbox": [
                0.108,
                0.55,
                0.873,
                0.613
            ],
            "angle": 0,
            "content": "Company B shows its Payables account with the same presentation and, moreover, we can observe that both companies are correctly reconciled on intercompany level not only on opening and closing amounts but also on the net variation flow of 100."
        },
        {
            "type": "text",
            "bbox": [
                0.108,
                0.629,
                0.873,
                0.662
            ],
            "angle": 0,
            "content": "Everything is perfect and both consolidations of closing amounts and of flows can go on without any problem."
        },
        {
            "type": "text",
            "bbox": [
                0.107,
                0.677,
                0.873,
                0.711
            ],
            "angle": 0,
            "content": "The situation can become more difficult to manage if we suppose company B presents its figures in a certain local currency (CUR) as hereunder"
        },
        {
            "type": "table",
            "bbox": [
                0.224,
                0.725,
                0.758,
                0.81
            ],
            "angle": 0,
            "content": "<table><tr><td rowspan=\"2\"></td><td>Company B</td><td>Payables</td><td>(in CUR)</td></tr><tr><td>Year 1</td><td>Net variation</td><td>Year 2</td></tr><tr><td>Balance</td><td>260</td><td>(110)</td><td>150</td></tr><tr><td>Company A</td><td>40</td><td>10</td><td>50</td></tr><tr><td>3rd Parties</td><td>220</td><td>(120)</td><td>100</td></tr></table>"
        }
    ],
    [
        {
            "type": "header",
            "bbox": [
                0.36,
                0.071,
                0.868,
                0.086
            ],
            "angle": 0,
            "content": "PART 3 EVOLUTION OF CONSOLIDATED ACCOUNTS"
        },
        {
            "type": "text",
            "bbox": [
                0.11,
                0.12,
                0.88,
                0.169
            ],
            "angle": 0,
            "content": "These figures are first translated into the consolidation currency on the basis of 5 for closing rate Year 1, 6 for closing rate Year 2 and 7 for average rate Year 2 giving the following figures in EUR."
        },
        {
            "type": "table",
            "bbox": [
                0.169,
                0.184,
                0.847,
                0.269
            ],
            "angle": 0,
            "content": "<table><tr><td rowspan=\"2\"></td><td>Company B</td><td>Payables</td><td>(in EUR)</td><td></td></tr><tr><td>Year 1</td><td>Net variation</td><td>Trans. adj.</td><td>Year 2</td></tr><tr><td>Balance</td><td>1,300</td><td>(770)</td><td>370</td><td>900</td></tr><tr><td>Company A</td><td>200</td><td>70</td><td>30</td><td>300</td></tr><tr><td>3rd Parties</td><td>1,100</td><td>(840)</td><td>340</td><td>600</td></tr></table>"
        },
        {
            "type": "text",
            "bbox": [
                0.11,
                0.28,
                0.88,
                0.346
            ],
            "angle": 0,
            "content": "We notice now that if intercompany opening and closing amounts between company A and company B are still reconciled (200 and 300), the intercompany flow corresponding to the net variation is 100 on Receivables side and 70 on Payables side."
        },
        {
            "type": "text",
            "bbox": [
                0.11,
                0.361,
                0.879,
                0.394
            ],
            "angle": 0,
            "content": "This has to be considered as an intercompany difference on flows with some consequence on some consolidated disclosures."
        },
        {
            "type": "text",
            "bbox": [
                0.11,
                0.409,
                0.879,
                0.506
            ],
            "angle": 0,
            "content": "The most important one impacted by this difference is the cash flow statement that will be studied later on in this Part 3. But, in the meantime, let's just consider that these intercompany flows of 100 and 70 will have to be eliminated, leaving a difference of 30. Speaking about a cash flow statement, the amounts of 100 and 70 are considered as cash amounts but not 30 which is non cash."
        },
        {
            "type": "text",
            "bbox": [
                0.11,
                0.522,
                0.876,
                0.556
            ],
            "angle": 0,
            "content": "In order to avoid this kind of problem, it is necessary to book the following consolidation adjustment"
        },
        {
            "type": "table",
            "bbox": [
                0.229,
                0.564,
                0.773,
                0.616
            ],
            "angle": 0,
            "content": "<table><tr><td>Company B</td><td>(in EUR)</td><td>Debit</td><td>Credit</td></tr><tr><td>Payables/A</td><td>Translation adjustment</td><td>30</td><td></td></tr><tr><td>Payables/A</td><td>Net variation</td><td></td><td>30</td></tr></table>"
        },
        {
            "type": "text",
            "bbox": [
                0.11,
                0.634,
                0.879,
                0.668
            ],
            "angle": 0,
            "content": "reclassifying 30 between \"Translation adjustment\" flow and \"Net variation\" flow, leaving unchanged the closing amount of 100 which is correct."
        },
        {
            "type": "text",
            "bbox": [
                0.11,
                0.682,
                0.879,
                0.748
            ],
            "angle": 0,
            "content": "Are you ready to book this kind of adjustment considering the number of differences that may occur in a group? While purchasing a consolidation software, the possibility to benefit from an automatic process would certainly be an advantage."
        },
        {
            "type": "title",
            "bbox": [
                0.113,
                0.781,
                0.819,
                0.827
            ],
            "angle": 0,
            "content": "1.4 Flows related to asset disposal between companies"
        },
        {
            "type": "text",
            "bbox": [
                0.11,
                0.847,
                0.879,
                0.881
            ],
            "angle": 0,
            "content": "Another situation requires a particular attention which is explained by the following example. Let's consider company A selling a tangible asset (land) to"
        }
    ],
    [
        {
            "type": "header",
            "bbox": [
                0.112,
                0.065,
                0.364,
                0.08
            ],
            "angle": 0,
            "content": "DIRECT CONSOLIDATION"
        },
        {
            "type": "text",
            "bbox": [
                0.112,
                0.119,
                0.873,
                0.168
            ],
            "angle": 0,
            "content": "company B. This transaction is supposed to be done without any group profit, both companies are consolidated by the global integration method and have their accounts in consolidation currency."
        },
        {
            "type": "text",
            "bbox": [
                0.112,
                0.183,
                0.873,
                0.216
            ],
            "angle": 0,
            "content": "Here is what we find in the bundle of each company and this looks \"locally\" correct."
        },
        {
            "type": "table",
            "bbox": [
                0.169,
                0.232,
                0.797,
                0.284
            ],
            "angle": 0,
            "content": "<table><tr><td></td><td>Year 1</td><td>Acquisitions</td><td>Disposals</td><td>Year 2</td></tr><tr><td>Company A</td><td>1,000</td><td>0</td><td>(1,000)</td><td>0</td></tr><tr><td>Company B</td><td>0</td><td>1,000</td><td>0</td><td>1,000</td></tr></table>"
        },
        {
            "type": "text",
            "bbox": [
                0.112,
                0.295,
                0.856,
                0.312
            ],
            "angle": 0,
            "content": "Once these figures are consolidated, their contribution gives this information."
        },
        {
            "type": "table",
            "bbox": [
                0.169,
                0.33,
                0.797,
                0.368
            ],
            "angle": 0,
            "content": "<table><tr><td></td><td>Year 1</td><td>Acquisitions</td><td>Disposals</td><td>Year 2</td></tr><tr><td>Consolidated</td><td>1,000</td><td>1,000</td><td>(1,000)</td><td>1,000</td></tr></table>"
        },
        {
            "type": "text",
            "bbox": [
                0.112,
                0.375,
                0.873,
                0.44
            ],
            "angle": 0,
            "content": "showing a group having concluded two transactions with the outside world: one acquisition for 1000 and one disposal for 1000. That's totally wrong. The group did only an internal transaction that cannot be seen in the consolidated disclosures."
        },
        {
            "type": "text",
            "bbox": [
                0.112,
                0.455,
                0.261,
                0.471
            ],
            "angle": 0,
            "content": "So what to do?"
        },
        {
            "type": "text",
            "bbox": [
                0.112,
                0.487,
                0.873,
                0.537
            ],
            "angle": 0,
            "content": "We recommend defining two 'Acquisitions\" flows, one for transactions with \\(3^{\\text{rd}}\\) Parties and one for transactions with other group companies and the same for the \"Disposals\" flow."
        },
        {
            "type": "text",
            "bbox": [
                0.112,
                0.551,
                0.873,
                0.585
            ],
            "angle": 0,
            "content": "These group transaction flows can then just be ignored in the consolidated disclosures but, of course, the amounts must be checked as equal."
        },
        {
            "type": "text",
            "bbox": [
                0.112,
                0.6,
                0.873,
                0.65
            ],
            "angle": 0,
            "content": "Let's now consider a similar situation with company B figures in a local currency (CUR). Both companies produce a bundle with the recommended group flows."
        },
        {
            "type": "table",
            "bbox": [
                0.112,
                0.671,
                0.875,
                0.745
            ],
            "angle": 0,
            "content": "<table><tr><td></td><td>Year 1</td><td>Group\nacquisitions</td><td>Group\ndisposals</td><td>Translation\na.</td><td>Year 2</td></tr><tr><td>Company A</td><td>1,000</td><td>0</td><td>(1,000)</td><td></td><td>0</td></tr><tr><td>Company B (CUR)</td><td>0</td><td>210</td><td></td><td></td><td>210</td></tr><tr><td>Company B</td><td>0</td><td>1,260</td><td></td><td>(10)</td><td>1,050</td></tr></table>"
        },
        {
            "type": "text",
            "bbox": [
                0.112,
                0.761,
                0.873,
                0.794
            ],
            "angle": 0,
            "content": "At acquisition time, the land is booked in company B accounts for an amount of 210 CUR, the local accountant using a day rate of 4.762."
        },
        {
            "type": "text",
            "bbox": [
                0.112,
                0.808,
                0.873,
                0.874
            ],
            "angle": 0,
            "content": "A problem arises at the end of Year 2 because closing rate and average rate used for consolidation are 5 and 6 respectively. The last line of this report is showing company B information after currency translation with a Translation adjustment flow of 10."
        }
    ],
    [
        {
            "type": "header",
            "bbox": [
                0.359,
                0.072,
                0.866,
                0.088
            ],
            "angle": 0,
            "content": "PART 3 EVOLUTION OF CONSOLIDATED ACCOUNTS"
        },
        {
            "type": "text",
            "bbox": [
                0.108,
                0.12,
                0.878,
                0.171
            ],
            "angle": 0,
            "content": "If we just ignore this group transaction, we get a net value of \\( 260 = 1260 + (1000) \\) that will be booked on an acquisition flow. This information has no economical background."
        },
        {
            "type": "text",
            "bbox": [
                0.108,
                0.186,
                0.878,
                0.235
            ],
            "angle": 0,
            "content": "Again, we should reclassify 260 from the \"Group acquisitions\" flow to the \"Translation adjustments\" flow, in the same way we did in the previous example."
        },
        {
            "type": "title",
            "bbox": [
                0.11,
                0.269,
                0.825,
                0.291
            ],
            "angle": 0,
            "content": "2 EVOLUTION OF EQUITY ACCOUNTS"
        },
        {
            "type": "title",
            "bbox": [
                0.11,
                0.31,
                0.611,
                0.334
            ],
            "angle": 0,
            "content": "2.1 Content of equity accounts"
        },
        {
            "type": "text",
            "bbox": [
                0.108,
                0.354,
                0.878,
                0.403
            ],
            "angle": 0,
            "content": "Before analyzing the consolidated equity evolution, it can be worth seeing which items are usually found in the consolidated equity. Here is a list of these items"
        },
        {
            "type": "text",
            "bbox": [
                0.147,
                0.419,
                0.258,
                0.433
            ],
            "angle": 0,
            "content": "Capital"
        },
        {
            "type": "text",
            "bbox": [
                0.148,
                0.435,
                0.342,
                0.45
            ],
            "angle": 0,
            "content": "Share premium"
        },
        {
            "type": "text",
            "bbox": [
                0.148,
                0.452,
                0.395,
                0.466
            ],
            "angle": 0,
            "content": "- Revaluation reserves"
        },
        {
            "type": "text",
            "bbox": [
                0.148,
                0.468,
                0.281,
                0.482
            ],
            "angle": 0,
            "content": "- Reserves"
        },
        {
            "type": "text",
            "bbox": [
                0.148,
                0.484,
                0.427,
                0.499
            ],
            "angle": 0,
            "content": "Translation adjustments"
        },
        {
            "type": "text",
            "bbox": [
                0.148,
                0.5,
                0.262,
                0.514
            ],
            "angle": 0,
            "content": "Badwill"
        },
        {
            "type": "text",
            "bbox": [
                0.148,
                0.516,
                0.256,
                0.53
            ],
            "angle": 0,
            "content": "Grants"
        },
        {
            "type": "text",
            "bbox": [
                0.148,
                0.532,
                0.36,
                0.547
            ],
            "angle": 0,
            "content": "Minority interests"
        },
        {
            "type": "list",
            "bbox": [
                0.147,
                0.419,
                0.427,
                0.547
            ],
            "angle": 0,
            "content": null
        },
        {
            "type": "text",
            "bbox": [
                0.108,
                0.563,
                0.872,
                0.596
            ],
            "angle": 0,
            "content": "although it strongly depends on the accounting rules, IFRS or Local Gaap, applied."
        },
        {
            "type": "text",
            "bbox": [
                0.108,
                0.611,
                0.878,
                0.644
            ],
            "angle": 0,
            "content": "For each of these items, we are now going to explain with more details their content and the way they are processed in the consolidation."
        },
        {
            "type": "title",
            "bbox": [
                0.11,
                0.659,
                0.192,
                0.677
            ],
            "angle": 0,
            "content": "Capital"
        },
        {
            "type": "text",
            "bbox": [
                0.108,
                0.692,
                0.876,
                0.74
            ],
            "angle": 0,
            "content": "For a \"normal\" group with a unique parent company, the capital item shows only the parent company capital. As already explained, capital amounts from all other companies are just eliminated against the consolidated reserves."
        },
        {
            "type": "text",
            "bbox": [
                0.108,
                0.756,
                0.876,
                0.806
            ],
            "angle": 0,
            "content": "This means that the evolution of this account, after consolidation, reflects only the changes at parent company level, mainly increase or reimbursement of capital and, possibly, transfer from Reserves to Capital."
        },
        {
            "type": "text",
            "bbox": [
                0.108,
                0.82,
                0.873,
                0.869
            ],
            "angle": 0,
            "content": "For a group structured as a consortium, with two or more parent companies, the capital amount is the addition of the capital of each company in the consortium."
        }
    ]
]