[
    [
        {
            "type": "header",
            "bbox": [
                0.121,
                0.069,
                0.375,
                0.086
            ],
            "angle": 0,
            "content": "DIRECT CONSOLIDATION"
        },
        {
            "type": "text",
            "bbox": [
                0.12,
                0.124,
                0.757,
                0.141
            ],
            "angle": 0,
            "content": "The consolidation software family, based on a statutory approach"
        },
        {
            "type": "text",
            "bbox": [
                0.119,
                0.155,
                0.883,
                0.205
            ],
            "angle": 0,
            "content": "Professional software belonging to this family offer a large set of imbedded consolidation functions which, most of the time, rely on an international customer base experience."
        },
        {
            "type": "text",
            "bbox": [
                0.119,
                0.219,
                0.885,
                0.254
            ],
            "angle": 0,
            "content": "If such software also includes efficient reporting facilities, then our opinion is that this software family brings the most accurate and efficient solution."
        },
        {
            "type": "title",
            "bbox": [
                0.108,
                0.286,
                0.836,
                0.331
            ],
            "angle": 0,
            "content": "1.9 Consequences of a first consolidation for subsidiaries"
        },
        {
            "type": "text",
            "bbox": [
                0.12,
                0.351,
                0.884,
                0.385
            ],
            "angle": 0,
            "content": "With respect to the group companies, the consolidation department plays a triple role of information, planning and training."
        },
        {
            "type": "text",
            "bbox": [
                0.12,
                0.399,
                0.884,
                0.45
            ],
            "angle": 0,
            "content": "The companies themselves will have to adapt their accounting system in order to comply with the parent company requirements in the shortest time with a minimum of efforts and a maximum of quality."
        },
        {
            "type": "title",
            "bbox": [
                0.121,
                0.464,
                0.377,
                0.481
            ],
            "angle": 0,
            "content": "The role of information"
        },
        {
            "type": "text",
            "bbox": [
                0.12,
                0.496,
                0.884,
                0.545
            ],
            "angle": 0,
            "content": "When a group decides to produce a first consolidation, all companies concerned should be personally informed as soon as possible in order to enable them to organize in the most efficient way."
        },
        {
            "type": "text",
            "bbox": [
                0.12,
                0.56,
                0.884,
                0.626
            ],
            "angle": 0,
            "content": "If the first consolidated figures are to be produced at the end of Year 1, the information should be sent to companies before the end of Year 0 so as to give them the possibility to take into account all requirements in the Year 1 accounting."
        },
        {
            "type": "text",
            "bbox": [
                0.12,
                0.64,
                0.884,
                0.706
            ],
            "angle": 0,
            "content": "Moreover, we feel important to explain to all companies the reason to consolidate. Becoming a public company, producing consolidated figures for banks in order to finance important investments are reasons that any subsidiary can understand."
        },
        {
            "type": "text",
            "bbox": [
                0.12,
                0.72,
                0.884,
                0.788
            ],
            "angle": 0,
            "content": "It is also a good opportunity to explain to companies that some of these reasons are also to finance ... some of them. When a subsidiary needs additional financing, belonging to a group can really help. It becomes normal that the group is also asking something in return: a consolidated reporting."
        },
        {
            "type": "text",
            "bbox": [
                0.12,
                0.8,
                0.884,
                0.834
            ],
            "angle": 0,
            "content": "From a more technical point of view, we recommend to communicate to each company the following information:"
        },
        {
            "type": "text",
            "bbox": [
                0.16,
                0.847,
                0.883,
                0.883
            ],
            "angle": 0,
            "content": "- Name and additional information of all members of the consolidation department"
        }
    ],
    [
        {
            "type": "header",
            "bbox": [
                0.096,
                0.073,
                0.848,
                0.091
            ],
            "angle": 0,
            "content": "PART 5 ORGANIZATION OF A CONSOLIDATION AND FAST CLOSE"
        },
        {
            "type": "text",
            "bbox": [
                0.177,
                0.137,
                0.87,
                0.171
            ],
            "angle": 0,
            "content": "Name and additional information of correspondents in each group company"
        },
        {
            "type": "text",
            "bbox": [
                0.177,
                0.186,
                0.87,
                0.251
            ],
            "angle": 0,
            "content": "The list of all companies belonging to the consolidation scope, with the consolidation method. Theoretically, it makes no sense to mention intercompany amounts with equity method companies, except if the consolidation department asks for it."
        },
        {
            "type": "text",
            "bbox": [
                0.14,
                0.267,
                0.862,
                0.3
            ],
            "angle": 0,
            "content": "- In the future, all changes in the consolidation scope (acquisitions, disposals, merges, ...) will be communicated to all companies."
        },
        {
            "type": "text",
            "bbox": [
                0.14,
                0.315,
                0.868,
                0.428
            ],
            "angle": 0,
            "content": "- When organizing a first consolidation, the group should analyze each individual company situation to make sure it will be able to produce the required reporting within the required delays. Keep in mind that some small companies, sometimes located quite far away from the parent company, have just no internal accounting office. This matter is maybe outsourced to a fiduciary with which there is no agreement to fill in a consolidation bundle."
        },
        {
            "type": "text",
            "bbox": [
                0.14,
                0.444,
                0.868,
                0.475
            ],
            "angle": 0,
            "content": "- Is the local accounting system able to answer to group requirements within the delays and with reasonable costs?"
        },
        {
            "type": "text",
            "bbox": [
                0.14,
                0.492,
                0.868,
                0.54
            ],
            "angle": 0,
            "content": "- Local Auditors will also be informed of the group decision to consolidate because there will be some additional services not included in the current agreement."
        },
        {
            "type": "list",
            "bbox": [
                0.14,
                0.267,
                0.868,
                0.54
            ],
            "angle": 0,
            "content": null
        },
        {
            "type": "text",
            "bbox": [
                0.102,
                0.556,
                0.87,
                0.589
            ],
            "angle": 0,
            "content": "Behind all this information, one final objective of the consolidation team is to develop a \"group spirit\"."
        },
        {
            "type": "title",
            "bbox": [
                0.103,
                0.604,
                0.327,
                0.621
            ],
            "angle": 0,
            "content": "The role of planning"
        },
        {
            "type": "text",
            "bbox": [
                0.102,
                0.636,
                0.87,
                0.684
            ],
            "angle": 0,
            "content": "The planning should be sent to each company within an appropriate delay in order to be sure they can identify all risks of not being able to comply with these requirements."
        },
        {
            "type": "text",
            "bbox": [
                0.102,
                0.7,
                0.868,
                0.734
            ],
            "angle": 0,
            "content": "The most important information is the date (and time) to communicate a final consolidation bundle to the parent company."
        },
        {
            "type": "text",
            "bbox": [
                0.101,
                0.748,
                0.87,
                0.861
            ],
            "angle": 0,
            "content": "It must be clearly explained to each entity that it becomes normal that the figures included in the bundle are not the final local accounting ones. For instance, if figures are required for consolidation as at January 31 but the company locally closes its accounts with an Annual General Meeting in April, all entries after January 31 will be booked at consolidation level in the next consolidation, probably June 30. This situation can be felt as a severe cultural shock."
        }
    ],
    [
        {
            "type": "header",
            "bbox": [
                0.121,
                0.07,
                0.375,
                0.085
            ],
            "angle": 0,
            "content": "DIRECT CONSOLIDATION"
        },
        {
            "type": "title",
            "bbox": [
                0.12,
                0.124,
                0.334,
                0.141
            ],
            "angle": 0,
            "content": "The role of training"
        },
        {
            "type": "text",
            "bbox": [
                0.119,
                0.156,
                0.883,
                0.205
            ],
            "angle": 0,
            "content": "Even if a consolidation bundle relies on an accounting logic, we think necessary to explain its structure and content to group companies before using it for the first time."
        },
        {
            "type": "text",
            "bbox": [
                0.119,
                0.22,
                0.882,
                0.285
            ],
            "angle": 0,
            "content": "To do so we would recommend a training session with all company correspondents. One excellent approach consists in explaining first the content of the consolidation bundle and in proposing afterwards a bundle already filled-in with errors to be corrected."
        },
        {
            "type": "text",
            "bbox": [
                0.119,
                0.3,
                0.882,
                0.334
            ],
            "angle": 0,
            "content": "Such a training should be extended to some other following topics we can suggest:"
        },
        {
            "type": "text",
            "bbox": [
                0.159,
                0.348,
                0.616,
                0.365
            ],
            "angle": 0,
            "content": "Why has the group decided to consolidate?"
        },
        {
            "type": "text",
            "bbox": [
                0.159,
                0.38,
                0.88,
                0.444
            ],
            "angle": 0,
            "content": "- What are the basic principles of a consolidation process? Most of the correspondents probably don't know how it works and behind the explanations they will understand why all the requested information is needed."
        },
        {
            "type": "text",
            "bbox": [
                0.159,
                0.46,
                0.88,
                0.492
            ],
            "angle": 0,
            "content": "- Explanation about the most specific evaluation rules, including an example."
        },
        {
            "type": "text",
            "bbox": [
                0.159,
                0.508,
                0.655,
                0.525
            ],
            "angle": 0,
            "content": "- Presentation of the next consolidation planning."
        },
        {
            "type": "list",
            "bbox": [
                0.159,
                0.348,
                0.88,
                0.525
            ],
            "angle": 0,
            "content": null
        },
        {
            "type": "text",
            "bbox": [
                0.119,
                0.54,
                0.882,
                0.589
            ],
            "angle": 0,
            "content": "As a conclusion for each attendee, they will be convinced their local accounting system will need some updates and improvements in order to improve the consolidation reporting."
        },
        {
            "type": "text",
            "bbox": [
                0.12,
                0.604,
                0.455,
                0.62
            ],
            "angle": 0,
            "content": "Here are some of the main issues:"
        },
        {
            "type": "text",
            "bbox": [
                0.159,
                0.636,
                0.88,
                0.669
            ],
            "angle": 0,
            "content": "- Addition in the local chart of accounts of some specific accounts needed for consolidation reporting, as"
        },
        {
            "type": "text",
            "bbox": [
                0.234,
                0.684,
                0.584,
                0.7
            ],
            "angle": 0,
            "content": "Details on financial investments"
        },
        {
            "type": "text",
            "bbox": [
                0.234,
                0.716,
                0.88,
                0.747
            ],
            "angle": 0,
            "content": "○ Specific accounts for intercompanies through the whole balance sheet"
        },
        {
            "type": "text",
            "bbox": [
                0.234,
                0.763,
                0.744,
                0.78
            ],
            "angle": 0,
            "content": "Dividends received from consolidated companies"
        },
        {
            "type": "text",
            "bbox": [
                0.234,
                0.795,
                0.88,
                0.827
            ],
            "angle": 0,
            "content": "Specific gain/loss on disposals when group transactions are concerned"
        },
        {
            "type": "text",
            "bbox": [
                0.234,
                0.844,
                0.845,
                0.86
            ],
            "angle": 0,
            "content": "\\(\\circ\\) Distinction between cash and non cash for all P&L accounts"
        },
        {
            "type": "list",
            "bbox": [
                0.234,
                0.684,
                0.88,
                0.86
            ],
            "angle": 0,
            "content": null
        }
    ],
    [
        {
            "type": "title",
            "bbox": [
                0.098,
                0.073,
                0.848,
                0.091
            ],
            "angle": 0,
            "content": "PART 5 ORGANIZATION OF A CONSOLIDATION AND FAST CLOSE"
        },
        {
            "type": "text",
            "bbox": [
                0.141,
                0.123,
                0.862,
                0.185
            ],
            "angle": 0,
            "content": "- Considering that a consolidation bundle asks for explanations between opening and closing amounts for all balance sheet accounts, it will imply some adaptations in the way accounts are being booked in order to facilitate the collection of the necessary information (flows)."
        },
        {
            "type": "text",
            "bbox": [
                0.142,
                0.203,
                0.864,
                0.248
            ],
            "angle": 0,
            "content": "- Development of mapping tables between local balances and the consolidation bundle if an automatic function to import local accounts is available."
        },
        {
            "type": "text",
            "bbox": [
                0.103,
                0.267,
                0.868,
                0.349
            ],
            "angle": 0,
            "content": "Obviously, the first consolidation will ask some investments for each group company. Moreover, it should be announced that a consolidation reporting is in a constant evolution process for internal and external reasons. This will have some consequence at group company level. Allow enough time to each company for reacting in a professional and efficient way."
        },
        {
            "type": "title",
            "bbox": [
                0.225,
                0.382,
                0.741,
                0.406
            ],
            "angle": 0,
            "content": "THE CONSOLIDATION BUNDLE"
        },
        {
            "type": "text",
            "bbox": [
                0.104,
                0.426,
                0.866,
                0.46
            ],
            "angle": 0,
            "content": "We have already said that the consolidation bundle is a vehicle of information between each group company and the consolidating parent company."
        },
        {
            "type": "text",
            "bbox": [
                0.104,
                0.474,
                0.868,
                0.524
            ],
            "angle": 0,
            "content": "Thanks to its unique structure, the same for each company, this vehicle brings homogenous information, complete and validated in line with the group requirements."
        },
        {
            "type": "text",
            "bbox": [
                0.104,
                0.539,
                0.868,
                0.572
            ],
            "angle": 0,
            "content": "We propose to explain with some details the way a consolidation bundle should be developed by covering"
        },
        {
            "type": "text",
            "bbox": [
                0.143,
                0.587,
                0.687,
                0.601
            ],
            "angle": 0,
            "content": "Basic principles of a structured consolidation bundle"
        },
        {
            "type": "text",
            "bbox": [
                0.143,
                0.618,
                0.744,
                0.632
            ],
            "angle": 0,
            "content": "Description of the main sets of information to be reported"
        },
        {
            "type": "text",
            "bbox": [
                0.144,
                0.651,
                0.678,
                0.664
            ],
            "angle": 0,
            "content": "List of the main validation rules on this information"
        },
        {
            "type": "list",
            "bbox": [
                0.143,
                0.587,
                0.744,
                0.664
            ],
            "angle": 0,
            "content": null
        },
        {
            "type": "title",
            "bbox": [
                0.106,
                0.702,
                0.649,
                0.725
            ],
            "angle": 0,
            "content": "2.1 Basic principles and structure"
        },
        {
            "type": "text",
            "bbox": [
                0.104,
                0.745,
                0.868,
                0.793
            ],
            "angle": 0,
            "content": "Whatever the technical background may be, we mean spreadsheet, web or other specific software development, a professional consolidation bundle should meet the following criteria."
        },
        {
            "type": "title",
            "bbox": [
                0.105,
                0.809,
                0.542,
                0.826
            ],
            "angle": 0,
            "content": "Accountina approach and tree structure"
        },
        {
            "type": "text",
            "bbox": [
                0.104,
                0.841,
                0.868,
                0.873
            ],
            "angle": 0,
            "content": "A consolidation bundle should be developed on the basis of a standard group chart of accounts, considered as the skeleton of the structure. All"
        }
    ],
    [
        {
            "type": "header",
            "bbox": [
                0.12,
                0.069,
                0.375,
                0.086
            ],
            "angle": 0,
            "content": "DIRECT CONSOLIDATION"
        },
        {
            "type": "text",
            "bbox": [
                0.12,
                0.123,
                0.883,
                0.19
            ],
            "angle": 0,
            "content": "complementary reports of information are then linked in some way to that chart of accounts on a tree structure. By tree structure, we mean that one amount of one report may need additional information that will be asked in another report linked to the previous one."
        },
        {
            "type": "text",
            "bbox": [
                0.12,
                0.204,
                0.885,
                0.27
            ],
            "angle": 0,
            "content": "The accounting approach applies also to a consolidation bundle allowing to adjust some local amounts. Keeping in mind that most group correspondents have an accounting background, these adjustments should be written as debits and credits instead of signed amounts in a single column."
        },
        {
            "type": "title",
            "bbox": [
                0.12,
                0.284,
                0.624,
                0.302
            ],
            "angle": 0,
            "content": "Amounts in cents instead of rounded amounts"
        },
        {
            "type": "text",
            "bbox": [
                0.12,
                0.315,
                0.883,
                0.38
            ],
            "angle": 0,
            "content": "We are completely aware of the fact that cents make no sense when considering consolidated amounts. In most countries, and certainly for large groups, consolidated amounts are produced in thousands of currency units and even in millions."
        },
        {
            "type": "text",
            "bbox": [
                0.12,
                0.395,
                0.883,
                0.43
            ],
            "angle": 0,
            "content": "However, our position is to ask all information in cents because local accounting amounts are booked in cents."
        },
        {
            "type": "text",
            "bbox": [
                0.12,
                0.443,
                0.883,
                0.573
            ],
            "angle": 0,
            "content": "Asking local figures in units of currency (or in thousands) implies rounded calculations that will lead to unbalanced balance sheet and, most of the time, unbalanced justifications on flows between opening and closing. We are aware of the fact that working with cents or not is really not a strategic issue speaking about figures. That's not the problem. The real trouble we have with this option is the time lost by company correspondents to produce a consolidation bundle with no errors, considering that an unjustified difference of 1 cent is a mistake."
        },
        {
            "type": "text",
            "bbox": [
                0.12,
                0.588,
                0.883,
                0.655
            ],
            "angle": 0,
            "content": "And for the reader who would need more arguments to be convinced, we mention the automatic import of figures from an accounting system that generally provides a simple mapping account by account, without rounding the amounts."
        },
        {
            "type": "title",
            "bbox": [
                0.12,
                0.668,
                0.408,
                0.687
            ],
            "angle": 0,
            "content": "Amounts in local currency"
        },
        {
            "type": "text",
            "bbox": [
                0.12,
                0.7,
                0.883,
                0.766
            ],
            "angle": 0,
            "content": "The currency translation, as processed during a consolidation, is based in particular on the knowledge of closing rates, average rates and historical rates. The technique behind is generally not mastered by local correspondents."
        },
        {
            "type": "text",
            "bbox": [
                0.12,
                0.78,
                0.882,
                0.847
            ],
            "angle": 0,
            "content": "It is the reason why we recommend asking for local currency figures. Moreover it enables a much easier communication between the consolidation team and the local correspondent. Local Auditors are also in a more comfortable position to approve the consolidation bundle."
        }
    ],
    [
        {
            "type": "title",
            "bbox": [
                0.1,
                0.074,
                0.848,
                0.091
            ],
            "angle": 0,
            "content": "PART 5 ORGANIZATION OF A CONSOLIDATION AND FAST CLOSE"
        },
        {
            "type": "text",
            "bbox": [
                0.104,
                0.122,
                0.871,
                0.17
            ],
            "angle": 0,
            "content": "This option will avoid loss of time and mistakes that will appear year after year from foreign companies while this translation process is fully automatic in professional consolidation software"
        },
        {
            "type": "title",
            "bbox": [
                0.105,
                0.187,
                0.438,
                0.205
            ],
            "angle": 0,
            "content": "Consolidation evaluation rules"
        },
        {
            "type": "text",
            "bbox": [
                0.104,
                0.219,
                0.869,
                0.252
            ],
            "angle": 0,
            "content": "A company produces its local accounts on the basis of local evaluation rules which generally do not comply with group evaluation rules."
        },
        {
            "type": "text",
            "bbox": [
                0.104,
                0.268,
                0.871,
                0.332
            ],
            "angle": 0,
            "content": "In order to keep a clear situation clear, we recommend building a consolidation bundle in which local figures are first keyed in and where separately, additional adjustments are booked in order to adapt the accounts to the group evaluation rules."
        },
        {
            "type": "text",
            "bbox": [
                0.105,
                0.348,
                0.611,
                0.364
            ],
            "angle": 0,
            "content": "We then get a \"three columns\" presentation, that is"
        },
        {
            "type": "text",
            "bbox": [
                0.143,
                0.38,
                0.441,
                0.394
            ],
            "angle": 0,
            "content": "- Column 1: Local amounts"
        },
        {
            "type": "text",
            "bbox": [
                0.143,
                0.396,
                0.521,
                0.412
            ],
            "angle": 0,
            "content": "- Column 2: Impact of adjustments"
        },
        {
            "type": "text",
            "bbox": [
                0.142,
                0.412,
                0.782,
                0.429
            ],
            "angle": 0,
            "content": "- Column 3 : Adjusted amounts equal to Column 1 + Column 2"
        },
        {
            "type": "list",
            "bbox": [
                0.142,
                0.38,
                0.782,
                0.429
            ],
            "angle": 0,
            "content": null
        },
        {
            "type": "text",
            "bbox": [
                0.104,
                0.443,
                0.869,
                0.476
            ],
            "angle": 0,
            "content": "This presentation offers all audit trails views by explaining how we evolve from statutory accounts to adjusted accounts."
        },
        {
            "type": "title",
            "bbox": [
                0.105,
                0.491,
                0.445,
                0.509
            ],
            "angle": 0,
            "content": "Consolidation bundle Ianauaae"
        },
        {
            "type": "text",
            "bbox": [
                0.104,
                0.524,
                0.869,
                0.557
            ],
            "angle": 0,
            "content": "As already discussed, we highly recommend using a unique language with all group companies."
        },
        {
            "type": "text",
            "bbox": [
                0.104,
                0.572,
                0.869,
                0.62
            ],
            "angle": 0,
            "content": "The reasons therefore have also been developed above and we can summarize them by the following advice: don't transform the consolidation office into a translator office."
        },
        {
            "type": "title",
            "bbox": [
                0.105,
                0.636,
                0.452,
                0.653
            ],
            "angle": 0,
            "content": "Consolidation bundle validation"
        },
        {
            "type": "text",
            "bbox": [
                0.104,
                0.668,
                0.869,
                0.702
            ],
            "angle": 0,
            "content": "The more severe are the validation rules, the highest quality consolidation you get."
        },
        {
            "type": "text",
            "bbox": [
                0.104,
                0.715,
                0.869,
                0.765
            ],
            "angle": 0,
            "content": "A consolidation bundle should include a maximum of validation rules in such a way that the combination of accounts and flows can produce automatically a statutory cash flow statement without any additional human intervention."
        },
        {
            "type": "text",
            "bbox": [
                0.104,
                0.78,
                0.869,
                0.813
            ],
            "angle": 0,
            "content": "From this point of view, the cash flow statement is considered as a high level guarantee on quality of the bundle content."
        },
        {
            "type": "text",
            "bbox": [
                0.104,
                0.829,
                0.869,
                0.862
            ],
            "angle": 0,
            "content": "Our experience over so many years has shown that a large number of validation rules are appreciated twice"
        }
    ],
    [
        {
            "type": "header",
            "bbox": [
                0.119,
                0.07,
                0.371,
                0.085
            ],
            "angle": 0,
            "content": "DIRECT CONSOLIDATION"
        },
        {
            "type": "text",
            "bbox": [
                0.155,
                0.123,
                0.792,
                0.139
            ],
            "angle": 0,
            "content": "Once by the consolidation team thanks to the quality received"
        },
        {
            "type": "text",
            "bbox": [
                0.155,
                0.155,
                0.875,
                0.205
            ],
            "angle": 0,
            "content": "- Secondly by the company who reaches a \"zero fault\" bundle and has the satisfaction of having achieved a task correctly done that will not generate further questions on the next days."
        },
        {
            "type": "list",
            "bbox": [
                0.155,
                0.123,
                0.875,
                0.205
            ],
            "angle": 0,
            "content": null
        },
        {
            "type": "text",
            "bbox": [
                0.119,
                0.22,
                0.875,
                0.268
            ],
            "angle": 0,
            "content": "One final recommendation is to develop a non blocking bundle meaning that when some errors, even severe errors, cannot be corrected locally by the correspondent the bundle can still be sent to the parent company for help."
        },
        {
            "type": "title",
            "bbox": [
                0.119,
                0.284,
                0.551,
                0.3
            ],
            "angle": 0,
            "content": "A spreadsheet bundle or a web bundle?"
        },
        {
            "type": "text",
            "bbox": [
                0.119,
                0.316,
                0.875,
                0.364
            ],
            "angle": 0,
            "content": "Thanks to the internet technologies, a web bundle is progressively replacing spreadsheet bundles despite the fact that both solutions are relatively equivalent."
        },
        {
            "type": "text",
            "bbox": [
                0.119,
                0.38,
                0.875,
                0.412
            ],
            "angle": 0,
            "content": "It must also be pointed out that using spreadsheet bundles generally requires more manual preparations that giving a web access to each subsidiary."
        },
        {
            "type": "text",
            "bbox": [
                0.119,
                0.428,
                0.875,
                0.476
            ],
            "angle": 0,
            "content": "When using a spreadsheet bundle, it is easy for Auditors to receive a copy for approval. The same advantage should be maintained when using a web bundle by giving them a \"read only\" access."
        },
        {
            "type": "title",
            "bbox": [
                0.121,
                0.511,
                0.321,
                0.531
            ],
            "angle": 0,
            "content": "2.2 Content"
        },
        {
            "type": "text",
            "bbox": [
                0.119,
                0.553,
                0.875,
                0.585
            ],
            "angle": 0,
            "content": "A consolidation bundle generally presents a tree structure consisting in about five different levels and a set of validation rules."
        },
        {
            "type": "title",
            "bbox": [
                0.119,
                0.602,
                0.2,
                0.618
            ],
            "angle": 0,
            "content": "Level 1"
        },
        {
            "type": "text",
            "bbox": [
                0.119,
                0.633,
                0.555,
                0.649
            ],
            "angle": 0,
            "content": "This level concerns some general information"
        },
        {
            "type": "text",
            "bbox": [
                0.155,
                0.665,
                0.509,
                0.68
            ],
            "angle": 0,
            "content": "The current consolidation period"
        },
        {
            "type": "text",
            "bbox": [
                0.155,
                0.682,
                0.529,
                0.696
            ],
            "angle": 0,
            "content": "The reference consolidation period"
        },
        {
            "type": "list",
            "bbox": [
                0.155,
                0.665,
                0.529,
                0.696
            ],
            "angle": 0,
            "content": null
        },
        {
            "type": "text",
            "bbox": [
                0.194,
                0.697,
                0.609,
                0.712
            ],
            "angle": 0,
            "content": "Company name and additional coordinates"
        },
        {
            "type": "text",
            "bbox": [
                0.155,
                0.714,
                0.378,
                0.728
            ],
            "angle": 0,
            "content": "Company currency"
        },
        {
            "type": "text",
            "bbox": [
                0.155,
                0.73,
                0.658,
                0.744
            ],
            "angle": 0,
            "content": "- Correspondent name and additional coordinates"
        },
        {
            "type": "text",
            "bbox": [
                0.155,
                0.746,
                0.475,
                0.76
            ],
            "angle": 0,
            "content": "Optionally, the CFO approval"
        },
        {
            "type": "text",
            "bbox": [
                0.155,
                0.762,
                0.514,
                0.776
            ],
            "angle": 0,
            "content": "Optionally, the Auditors approval"
        },
        {
            "type": "list",
            "bbox": [
                0.155,
                0.714,
                0.658,
                0.776
            ],
            "angle": 0,
            "content": null
        },
        {
            "type": "title",
            "bbox": [
                0.119,
                0.793,
                0.2,
                0.809
            ],
            "angle": 0,
            "content": "Level 2"
        },
        {
            "type": "text",
            "bbox": [
                0.119,
                0.825,
                0.875,
                0.857
            ],
            "angle": 0,
            "content": "This level usually contains balance sheet, P&L closing amounts of the reference period (read only) and the current year amounts."
        }
    ],
    [
        {
            "type": "title",
            "bbox": [
                0.096,
                0.072,
                0.848,
                0.089
            ],
            "angle": 0,
            "content": "PART 5 ORGANIZATION OF A CONSOLIDATION AND FAST CLOSE"
        },
        {
            "type": "text",
            "bbox": [
                0.097,
                0.123,
                0.868,
                0.154
            ],
            "angle": 0,
            "content": "It is important not to forget contingencies accounts with the same presentation."
        },
        {
            "type": "text",
            "bbox": [
                0.097,
                0.17,
                0.868,
                0.219
            ],
            "angle": 0,
            "content": "If the option consists in asking separate local accounts and adjustments to comply with group evaluation rules, it is recommended to use debit/credit adjustments. For such presentation, the adjusted amounts are consolidated."
        },
        {
            "type": "title",
            "bbox": [
                0.099,
                0.234,
                0.182,
                0.251
            ],
            "angle": 0,
            "content": "Level 3"
        },
        {
            "type": "text",
            "bbox": [
                0.097,
                0.267,
                0.868,
                0.299
            ],
            "angle": 0,
            "content": "This level is dedicated to information related to partners, mainly financial investments and intercompany amounts."
        },
        {
            "type": "text",
            "bbox": [
                0.097,
                0.315,
                0.868,
                0.348
            ],
            "angle": 0,
            "content": "For each of these accounts, a net amount in the balance sheet is split with the contribution corresponding to each partner."
        },
        {
            "type": "text",
            "bbox": [
                0.097,
                0.363,
                0.868,
                0.428
            ],
            "angle": 0,
            "content": "We recommend that such balance sheet accounts present two components: one with a total for all corresponding subsidiaries and another one for \\(3^{\\text{rd}}\\) Parties. At the end of the consolidation process, an easy validation can be done because the group component should be set to zero."
        },
        {
            "type": "title",
            "bbox": [
                0.099,
                0.444,
                0.185,
                0.46
            ],
            "angle": 0,
            "content": "Level 4"
        },
        {
            "type": "text",
            "bbox": [
                0.099,
                0.475,
                0.812,
                0.491
            ],
            "angle": 0,
            "content": "This level asks the evolution of balance sheet amounts by mean of flows."
        },
        {
            "type": "text",
            "bbox": [
                0.099,
                0.508,
                0.395,
                0.525
            ],
            "angle": 0,
            "content": "Two remarks about this point."
        },
        {
            "type": "text",
            "bbox": [
                0.097,
                0.54,
                0.868,
                0.588
            ],
            "angle": 0,
            "content": "Generally, only non current assets and liabilities are explained with detailed flows as acquisitions, disposals, depreciations, ... while current assets and liabilities need only a net variation flow to explain the evolution."
        },
        {
            "type": "text",
            "bbox": [
                0.097,
                0.604,
                0.868,
                0.669
            ],
            "angle": 0,
            "content": "It wouldn't be correct not to mention some special situations of transfer of amounts, entry in the consolidation scope, merge, exit from the consolidation scope for which some specific flows must be used on each and every account, non current and current."
        },
        {
            "type": "text",
            "bbox": [
                0.099,
                0.685,
                0.868,
                0.733
            ],
            "angle": 0,
            "content": "A special care will be brought to accounts defined in level 3, with partners, because flows will first be mentioned on the net account (Group + \\(3^{rd}\\) Parties) and then on each partner."
        },
        {
            "type": "title",
            "bbox": [
                0.099,
                0.749,
                0.185,
                0.765
            ],
            "angle": 0,
            "content": "Level 5"
        },
        {
            "type": "text",
            "bbox": [
                0.099,
                0.781,
                0.868,
                0.813
            ],
            "angle": 0,
            "content": "In most of the usual bundles proposed today, this level contains some specific reports bringing additional and useful information to the consolidation team."
        },
        {
            "type": "text",
            "bbox": [
                0.099,
                0.83,
                0.478,
                0.846
            ],
            "angle": 0,
            "content": "Here are the most important requests."
        }
    ],
    [
        {
            "type": "header",
            "bbox": [
                0.121,
                0.07,
                0.373,
                0.086
            ],
            "angle": 0,
            "content": "DIRECT CONSOLIDATION"
        },
        {
            "type": "title",
            "bbox": [
                0.12,
                0.125,
                0.245,
                0.141
            ],
            "angle": 0,
            "content": "Memo sheet"
        },
        {
            "type": "text",
            "bbox": [
                0.119,
                0.156,
                0.882,
                0.205
            ],
            "angle": 0,
            "content": "Sometimes forgotten but so useful is just a white sheet in which the correspondent will mention free (but probably very important) information, which cannot be coded in the bundle cells."
        },
        {
            "type": "title",
            "bbox": [
                0.12,
                0.22,
                0.308,
                0.236
            ],
            "angle": 0,
            "content": "Dividends received"
        },
        {
            "type": "text",
            "bbox": [
                0.158,
                0.253,
                0.49,
                0.268
            ],
            "angle": 0,
            "content": "Company paying the dividend"
        },
        {
            "type": "text",
            "bbox": [
                0.158,
                0.268,
                0.602,
                0.284
            ],
            "angle": 0,
            "content": "Number of shares giving right to dividend"
        },
        {
            "type": "text",
            "bbox": [
                0.158,
                0.285,
                0.672,
                0.3
            ],
            "angle": 0,
            "content": "Unitary gross dividend and net dividend received"
        },
        {
            "type": "list",
            "bbox": [
                0.158,
                0.253,
                0.672,
                0.3
            ],
            "angle": 0,
            "content": null
        },
        {
            "type": "title",
            "bbox": [
                0.12,
                0.317,
                0.361,
                0.333
            ],
            "angle": 0,
            "content": "Group disposal of assets"
        },
        {
            "type": "text",
            "bbox": [
                0.158,
                0.348,
                0.673,
                0.364
            ],
            "angle": 0,
            "content": "- Identification of the company acquiring the asset"
        },
        {
            "type": "text",
            "bbox": [
                0.159,
                0.365,
                0.367,
                0.38
            ],
            "angle": 0,
            "content": "Asset description"
        },
        {
            "type": "text",
            "bbox": [
                0.158,
                0.381,
                0.781,
                0.396
            ],
            "angle": 0,
            "content": "- Account on which is booked the gross value and the amount"
        },
        {
            "type": "text",
            "bbox": [
                0.158,
                0.397,
                0.813,
                0.412
            ],
            "angle": 0,
            "content": "- Account on which are booked the depreciations and the amount"
        },
        {
            "type": "text",
            "bbox": [
                0.159,
                0.413,
                0.408,
                0.428
            ],
            "angle": 0,
            "content": "- Depreciation duration"
        },
        {
            "type": "text",
            "bbox": [
                0.159,
                0.429,
                0.32,
                0.445
            ],
            "angle": 0,
            "content": "- Selling price"
        },
        {
            "type": "text",
            "bbox": [
                0.159,
                0.446,
                0.405,
                0.46
            ],
            "angle": 0,
            "content": "- Gain/loss on disposal"
        },
        {
            "type": "text",
            "bbox": [
                0.159,
                0.461,
                0.561,
                0.477
            ],
            "angle": 0,
            "content": "- Account on which gain/loss is booked"
        },
        {
            "type": "list",
            "bbox": [
                0.158,
                0.348,
                0.813,
                0.477
            ],
            "angle": 0,
            "content": null
        },
        {
            "type": "title",
            "bbox": [
                0.12,
                0.494,
                0.385,
                0.51
            ],
            "angle": 0,
            "content": "Group acquisition of assets"
        },
        {
            "type": "text",
            "bbox": [
                0.158,
                0.525,
                0.646,
                0.556
            ],
            "angle": 0,
            "content": "- Identification of the company selling the asset Asset description"
        },
        {
            "type": "text",
            "bbox": [
                0.158,
                0.557,
                0.781,
                0.572
            ],
            "angle": 0,
            "content": "- Account on which is booked the gross value and the amount"
        },
        {
            "type": "text",
            "bbox": [
                0.158,
                0.573,
                0.813,
                0.588
            ],
            "angle": 0,
            "content": "- Account on which are booked the depreciations and the amount"
        },
        {
            "type": "text",
            "bbox": [
                0.159,
                0.589,
                0.408,
                0.605
            ],
            "angle": 0,
            "content": "- Depreciation duration"
        },
        {
            "type": "text",
            "bbox": [
                0.159,
                0.606,
                0.358,
                0.621
            ],
            "angle": 0,
            "content": "Acquisition price"
        },
        {
            "type": "list",
            "bbox": [
                0.158,
                0.525,
                0.813,
                0.621
            ],
            "angle": 0,
            "content": null
        },
        {
            "type": "title",
            "bbox": [
                0.121,
                0.638,
                0.453,
                0.653
            ],
            "angle": 0,
            "content": "Detailed explanations on accounts"
        },
        {
            "type": "text",
            "bbox": [
                0.119,
                0.669,
                0.882,
                0.716
            ],
            "angle": 0,
            "content": "The consolidation office may ask for some written description about the content of some accounts. Amongst the most 'popular' accounts, we will mention"
        },
        {
            "type": "text",
            "bbox": [
                0.16,
                0.733,
                0.3,
                0.748
            ],
            "angle": 0,
            "content": "Provisions"
        },
        {
            "type": "text",
            "bbox": [
                0.16,
                0.749,
                0.485,
                0.765
            ],
            "angle": 0,
            "content": "Deferred charges and income"
        },
        {
            "type": "text",
            "bbox": [
                0.16,
                0.766,
                0.51,
                0.782
            ],
            "angle": 0,
            "content": "Exceptional income and charges"
        },
        {
            "type": "list",
            "bbox": [
                0.16,
                0.733,
                0.51,
                0.782
            ],
            "angle": 0,
            "content": null
        },
        {
            "type": "title",
            "bbox": [
                0.121,
                0.797,
                0.29,
                0.813
            ],
            "angle": 0,
            "content": "Staff information"
        },
        {
            "type": "text",
            "bbox": [
                0.12,
                0.829,
                0.882,
                0.862
            ],
            "angle": 0,
            "content": "Depending on the notes to the accounts, we find generally the following requests as a minimum"
        }
    ],
    [
        {
            "type": "title",
            "bbox": [
                0.1,
                0.074,
                0.848,
                0.091
            ],
            "angle": 0,
            "content": "PART 5 ORGANIZATION OF A CONSOLIDATION AND FAST CLOSE"
        },
        {
            "type": "text",
            "bbox": [
                0.14,
                0.123,
                0.273,
                0.136
            ],
            "angle": 0,
            "content": "- Directors"
        },
        {
            "type": "text",
            "bbox": [
                0.141,
                0.139,
                0.455,
                0.154
            ],
            "angle": 0,
            "content": "Employees (or white collars)"
        },
        {
            "type": "text",
            "bbox": [
                0.141,
                0.156,
                0.421,
                0.171
            ],
            "angle": 0,
            "content": "Workers (or blue collars)"
        },
        {
            "type": "text",
            "bbox": [
                0.142,
                0.171,
                0.251,
                0.186
            ],
            "angle": 0,
            "content": "- Others"
        },
        {
            "type": "list",
            "bbox": [
                0.14,
                0.123,
                0.455,
                0.186
            ],
            "angle": 0,
            "content": null
        },
        {
            "type": "text",
            "bbox": [
                0.101,
                0.203,
                0.869,
                0.251
            ],
            "angle": 0,
            "content": "That information may be given as an average number for the consolidation period and will be consolidated with the usual rules of elimination just as amounts."
        },
        {
            "type": "title",
            "bbox": [
                0.103,
                0.268,
                0.315,
                0.284
            ],
            "angle": 0,
            "content": "Turnover information"
        },
        {
            "type": "text",
            "bbox": [
                0.102,
                0.3,
                0.868,
                0.349
            ],
            "angle": 0,
            "content": "A turnover split by countries, by activity, by products is generally requested in most countries. This information can be difficult to collect as it relies sometimes on the use of analytical dimensions."
        },
        {
            "type": "text",
            "bbox": [
                0.102,
                0.364,
                0.868,
                0.428
            ],
            "angle": 0,
            "content": "The classical situation is a split of the turnover by countries of export. For instance, a company based in UK making a turnover of 100 but exporting its products in the US for 60 and in France for 30 will have to mention a turnover of 10 in UK and not 100."
        },
        {
            "type": "text",
            "bbox": [
                0.103,
                0.444,
                0.566,
                0.46
            ],
            "angle": 0,
            "content": "Information about non consolidated companies"
        },
        {
            "type": "text",
            "bbox": [
                0.102,
                0.476,
                0.867,
                0.509
            ],
            "angle": 0,
            "content": "Non consolidated companies owned directly and indirectly by the parent company must be listed with some information as"
        },
        {
            "type": "text",
            "bbox": [
                0.142,
                0.524,
                0.273,
                0.538
            ],
            "angle": 0,
            "content": "Turnover"
        },
        {
            "type": "text",
            "bbox": [
                0.142,
                0.541,
                0.246,
                0.556
            ],
            "angle": 0,
            "content": "Equity"
        },
        {
            "type": "text",
            "bbox": [
                0.142,
                0.557,
                0.247,
                0.571
            ],
            "angle": 0,
            "content": "Result"
        },
        {
            "type": "list",
            "bbox": [
                0.142,
                0.524,
                0.273,
                0.571
            ],
            "angle": 0,
            "content": null
        },
        {
            "type": "title",
            "bbox": [
                0.104,
                0.589,
                0.361,
                0.605
            ],
            "angle": 0,
            "content": "Miscellaneous information"
        },
        {
            "type": "text",
            "bbox": [
                0.103,
                0.62,
                0.868,
                0.654
            ],
            "angle": 0,
            "content": "This information depends on the evaluation rules, on the specific group willing to make public such information but also to comply with local regulations."
        },
        {
            "type": "text",
            "bbox": [
                0.103,
                0.669,
                0.329,
                0.684
            ],
            "angle": 0,
            "content": "In most cases, we find"
        },
        {
            "type": "text",
            "bbox": [
                0.142,
                0.701,
                0.438,
                0.716
            ],
            "angle": 0,
            "content": "Amounts paid to Directors"
        },
        {
            "type": "text",
            "bbox": [
                0.142,
                0.718,
                0.43,
                0.732
            ],
            "angle": 0,
            "content": "Amounts paid to Auditors"
        },
        {
            "type": "text",
            "bbox": [
                0.142,
                0.734,
                0.329,
                0.748
            ],
            "angle": 0,
            "content": "Pensions plans"
        },
        {
            "type": "text",
            "bbox": [
                0.142,
                0.75,
                0.34,
                0.764
            ],
            "angle": 0,
            "content": "- Important loans"
        },
        {
            "type": "list",
            "bbox": [
                0.142,
                0.701,
                0.438,
                0.764
            ],
            "angle": 0,
            "content": null
        },
        {
            "type": "text",
            "bbox": [
                0.102,
                0.781,
                0.868,
                0.847
            ],
            "angle": 0,
            "content": "A consolidation bundle is more and more playing a key role in the consolidation process. It is easy to understand that all that information described above is highly linked together and validation rules offer the guarantee to receive an accurate and reliable input."
        }
    ]
]