[
    {
        "type": "text",
        "text": "3 QUIZZ 3 (+++)",
        "text_level": 1,
        "bbox": [
            114,
            122,
            500,
            147
        ],
        "page_idx": 0
    },
    {
        "type": "text",
        "text": "Question3.01",
        "text_level": 2,
        "bbox": [
            419,
            169,
            572,
            184
        ],
        "page_idx": 0
    },
    {
        "type": "text",
        "text": "In this group, the percentages represent both financial and voting rights.",
        "bbox": [
            112,
            202,
            824,
            219
        ],
        "page_idx": 0
    },
    {
        "type": "image",
        "img_path": "images/7ad437b5b23617a153573b727594d70af53518fd6b454a7e171569b81ae1560e.jpg",
        "image_caption": [],
        "image_footnote": [],
        "bbox": [
            230,
            235,
            783,
            434
        ],
        "page_idx": 0
    },
    {
        "type": "text",
        "text": "Company A has signed a shareholders agreement with the owner of the  \\(40\\%\\)  shares in C, giving to him the control on that company.",
        "bbox": [
            112,
            459,
            877,
            494
        ],
        "page_idx": 0
    },
    {
        "type": "text",
        "text": "With which indirect financial percentage and indirect control percentage will company E be consolidated?",
        "bbox": [
            112,
            506,
            879,
            541
        ],
        "page_idx": 0
    },
    {
        "type": "table",
        "img_path": "images/3d7cfb31372034f92d7af88a0b9fe4d6b8993f2d66a25d540dc7e4c70a546965.jpg",
        "table_caption": [],
        "table_footnote": [],
        "table_body": "<table><tr><td>a</td><td></td><td>44.8%</td><td>70%</td></tr><tr><td>b</td><td></td><td>28%</td><td>70%</td></tr><tr><td>c</td><td></td><td>44.8%</td><td>20%</td></tr><tr><td>d</td><td></td><td>28%</td><td>20%</td></tr></table>",
        "bbox": [
            116,
            559,
            430,
            626
        ],
        "page_idx": 0
    },
    {
        "type": "text",
        "text": "Question 3.02",
        "text_level": 2,
        "bbox": [
            417,
            655,
            572,
            670
        ],
        "page_idx": 0
    },
    {
        "type": "text",
        "text": "Parent company P decides to sell its  \\(80\\%\\)  participation owned in company A.",
        "bbox": [
            114,
            689,
            855,
            705
        ],
        "page_idx": 0
    },
    {
        "type": "text",
        "text": "The book value in P statutory accounts of these shares is 3000 and, in consolidation, there is still a goodwill whose net value is 300.",
        "bbox": [
            112,
            721,
            875,
            754
        ],
        "page_idx": 0
    },
    {
        "type": "text",
        "text": "The last year total equity of company A was 4000. However, the transaction occurs in July this year when the profit of A is 400.",
        "bbox": [
            112,
            768,
            877,
            802
        ],
        "page_idx": 0
    },
    {
        "type": "table",
        "img_path": "images/bb22b87fe9688b61aeac2349f70596e2318f674286ee1aeee9f108350f75c017.jpg",
        "table_caption": [],
        "table_footnote": [],
        "table_body": "<table><tr><td>a</td><td></td><td>3,200</td></tr><tr><td>b</td><td></td><td>3,700</td></tr><tr><td>c</td><td></td><td>3,720</td></tr><tr><td>d</td><td></td><td>4,020</td></tr></table>",
        "bbox": [
            116,
            819,
            309,
            885
        ],
        "page_idx": 0
    },
    {
        "type": "text",
        "text": "At which price should these shares be sold to show a gain of 200 in the consolidated accounts?",
        "bbox": [
            324,
            833,
            879,
            866
        ],
        "page_idx": 0
    },
    {
        "type": "header",
        "text": "DIRECT CONSOLIDATION",
        "bbox": [
            116,
            67,
            366,
            81
        ],
        "page_idx": 0
    },
    {
        "type": "page_number",
        "text": "464",
        "bbox": [
            472,
            923,
            516,
            937
        ],
        "page_idx": 0
    },
    {
        "type": "text",
        "text": "Question 3.03",
        "text_level": 2,
        "bbox": [
            408,
            122,
            565,
            136
        ],
        "page_idx": 1
    },
    {
        "type": "text",
        "text": "This group consolidates two companies A and B with the equity method.",
        "bbox": [
            98,
            156,
            811,
            175
        ],
        "page_idx": 1
    },
    {
        "type": "text",
        "text": "We give you also a simplified balance sheet for each company and we will suppose they have been founded by the group a few years ago.",
        "bbox": [
            98,
            189,
            875,
            223
        ],
        "page_idx": 1
    },
    {
        "type": "text",
        "text": "There is so no goodwill or badwill to calculate.",
        "bbox": [
            98,
            237,
            554,
            254
        ],
        "page_idx": 1
    },
    {
        "type": "table",
        "img_path": "images/d9647348a94482c57d85c836ade221d645e111a47330857aa388593e1de19ae5.jpg",
        "table_caption": [],
        "table_footnote": [],
        "table_body": "<table><tr><td colspan=\"4\">P</td></tr><tr><td rowspan=\"3\">Fin. Inv./A</td><td rowspan=\"3\">1,500</td><td>Capital</td><td>5,000</td></tr><tr><td>Reserves</td><td>3,000</td></tr><tr><td>Result</td><td>500</td></tr><tr><td>Other assets</td><td>11,500</td><td>Other liabilities</td><td>4,500</td></tr></table>",
        "bbox": [
            100,
            266,
            599,
            354
        ],
        "page_idx": 1
    },
    {
        "type": "table",
        "img_path": "images/628f0939b68d0a2d6d48dd21ef46c9d4fc587f3ae018fc0726c4479987adebc5.jpg",
        "table_caption": [],
        "table_footnote": [],
        "table_body": "<table><tr><td colspan=\"4\">A</td></tr><tr><td rowspan=\"3\">Fin. Inv./B</td><td rowspan=\"3\">500</td><td>Capital</td><td>3,000</td></tr><tr><td>Reserves</td><td>1,000</td></tr><tr><td>Result</td><td>400</td></tr><tr><td>Other assets</td><td>7,500</td><td>Other liabilities</td><td>3,600</td></tr></table>",
        "bbox": [
            100,
            366,
            599,
            453
        ],
        "page_idx": 1
    },
    {
        "type": "table",
        "img_path": "images/c662acd5b61725468d83be377d6bb9f6fc4809f275b123901a85b635b175003c.jpg",
        "table_caption": [],
        "table_footnote": [],
        "table_body": "<table><tr><td colspan=\"3\">B</td></tr><tr><td></td><td>Capital</td><td>1,000</td></tr><tr><td></td><td>Reserves</td><td></td></tr><tr><td></td><td>Result</td><td>200</td></tr><tr><td>Other assets</td><td>5,000</td><td>3,000</td></tr></table>",
        "bbox": [
            100,
            460,
            599,
            544
        ],
        "page_idx": 1
    },
    {
        "type": "image",
        "img_path": "images/82a7a6f8c6f5ab01b014b78adb5feedef7b2acbe13b9d21bb24619b992740152.jpg",
        "image_caption": [],
        "image_footnote": [],
        "bbox": [
            738,
            263,
            835,
            434
        ],
        "page_idx": 1
    },
    {
        "type": "text",
        "text": "What is the value of the \"Financial investments at equity value\" account in the consolidated balance sheet?",
        "bbox": [
            100,
            575,
            877,
            609
        ],
        "page_idx": 1
    },
    {
        "type": "table",
        "img_path": "images/9b1bb30f158ab10ab8595d51c76f676f3fb2bedabc0fa59757a4bbca60383580.jpg",
        "table_caption": [],
        "table_footnote": [],
        "table_body": "<table><tr><td>a</td><td></td><td>2,000</td></tr><tr><td>b</td><td></td><td>1,616</td></tr><tr><td>c</td><td></td><td>2,560</td></tr><tr><td>d</td><td></td><td>1,800</td></tr></table>",
        "bbox": [
            104,
            622,
            321,
            690
        ],
        "page_idx": 1
    },
    {
        "type": "header",
        "text": "PART 7 CONSOLIDATION QUIZZ",
        "bbox": [
            501,
            72,
            860,
            88
        ],
        "page_idx": 1
    },
    {
        "type": "text",
        "text": "Question 3.04",
        "text_level": 2,
        "bbox": [
            419,
            124,
            578,
            140
        ],
        "page_idx": 2
    },
    {
        "type": "text",
        "text": "This group is restructuring in the following way",
        "bbox": [
            114,
            159,
            576,
            177
        ],
        "page_idx": 2
    },
    {
        "type": "list",
        "sub_type": "text",
        "list_items": [
            "All transactions occur on January  \\(1^{st}\\) , Year 2",
            "- A sells to P its  \\(60\\%\\)  shares in B",
            "P sells to B its  \\(80\\%\\)  shares in A",
            "These disposals of shares are done at the book value, generating no gain or loss."
        ],
        "bbox": [
            152,
            206,
            656,
            338
        ],
        "page_idx": 2
    },
    {
        "type": "image",
        "img_path": "images/67420f3555ef17b2ceb2c66cf54414b5ba06f31ec3cd6536513f4536bafdb615.jpg",
        "image_caption": [
            "Year 1 Year 2"
        ],
        "image_footnote": [],
        "bbox": [
            667,
            202,
            879,
            372
        ],
        "page_idx": 2
    },
    {
        "type": "text",
        "text": "Here below we give some balance sheet accounts as at December 31, Year 1 and January  \\(1^{st}\\) , Year 2 just after the group transactions.",
        "bbox": [
            114,
            382,
            881,
            417
        ],
        "page_idx": 2
    },
    {
        "type": "image",
        "img_path": "images/2279204e46151044674e89f16bb61c943142334c34f67eaf2549bd06f17837f8.jpg",
        "image_caption": [
            "Year 1 Year 2"
        ],
        "image_footnote": [],
        "bbox": [
            116,
            467,
            906,
            601
        ],
        "page_idx": 2
    },
    {
        "type": "text",
        "text": "What is the impact of these transactions on the consolidated reserves of A and B between the situation \"before\" and the situation \"after\".",
        "bbox": [
            114,
            631,
            881,
            665
        ],
        "page_idx": 2
    },
    {
        "type": "text",
        "text": "This impact will be given as the variation amount of consolidated reserves as \"Year 2 - Year 1\".",
        "bbox": [
            114,
            680,
            881,
            712
        ],
        "page_idx": 2
    },
    {
        "type": "table",
        "img_path": "images/91eb6ca0dd0567f8c7dfa16f8627d7970c01f2d686cdb17273e16acee154e750.jpg",
        "table_caption": [],
        "table_footnote": [],
        "table_body": "<table><tr><td>a</td><td></td><td>120</td></tr><tr><td>b</td><td></td><td>(120)</td></tr><tr><td>c</td><td></td><td>0</td></tr><tr><td>d</td><td></td><td>(440)</td></tr></table>",
        "bbox": [
            116,
            727,
            330,
            794
        ],
        "page_idx": 2
    },
    {
        "type": "header",
        "text": "DIRECT CONSOLIDATION",
        "bbox": [
            116,
            68,
            372,
            83
        ],
        "page_idx": 2
    },
    {
        "type": "page_number",
        "text": "466",
        "bbox": [
            474,
            923,
            521,
            939
        ],
        "page_idx": 2
    },
    {
        "type": "text",
        "text": "Question 3.05",
        "text_level": 2,
        "bbox": [
            408,
            124,
            565,
            139
        ],
        "page_idx": 3
    },
    {
        "type": "text",
        "text": "During Year 1, a company A was consolidated with the equity method.",
        "bbox": [
            103,
            158,
            790,
            175
        ],
        "page_idx": 3
    },
    {
        "type": "text",
        "text": "On January  \\(1^{st}\\) , Year 2, the group acquires  \\(40\\%\\)  additional shares of A for a price of 500. In consolidation, this transaction gives a goodwill of 100.",
        "bbox": [
            101,
            190,
            875,
            222
        ],
        "page_idx": 3
    },
    {
        "type": "text",
        "text": "Since this date, company A is consolidated with the global integration method.",
        "bbox": [
            101,
            237,
            872,
            269
        ],
        "page_idx": 3
    },
    {
        "type": "text",
        "text": "Which of the four following proposals is the correct one?",
        "bbox": [
            105,
            285,
            726,
            304
        ],
        "page_idx": 3
    },
    {
        "type": "table",
        "img_path": "images/bd861de252b9ce99b25b7edd71796d1666394414b1d8a7c7c95da0c158ea23b0.jpg",
        "table_caption": [],
        "table_footnote": [],
        "table_body": "<table><tr><td>a</td><td></td><td>All assets and liabilities of Year 1 closing amounts will appear in the cash flow statement because of the change in the consolidation method</td></tr><tr><td>b</td><td></td><td>A goodwill of (100) appears in the consolidated cash flow statement</td></tr><tr><td>c</td><td></td><td>An investment of (400) appears in the consolidated cash flow statement</td></tr><tr><td>d</td><td></td><td>An investment of (500) appears in the consolidated cash flow statement</td></tr></table>",
        "bbox": [
            105,
            316,
            877,
            412
        ],
        "page_idx": 3
    },
    {
        "type": "text",
        "text": "Question 3.06",
        "text_level": 2,
        "bbox": [
            411,
            445,
            565,
            461
        ],
        "page_idx": 3
    },
    {
        "type": "text",
        "text": "Company A is consolidated with the proportional method at  \\(50\\%\\) .",
        "bbox": [
            103,
            480,
            739,
            498
        ],
        "page_idx": 3
    },
    {
        "type": "text",
        "text": "The book value of the financial investment in the parent company P is 1800.",
        "bbox": [
            103,
            511,
            847,
            530
        ],
        "page_idx": 3
    },
    {
        "type": "text",
        "text": "P decides to deconsolidate A on the basis of the following statutory equity of A",
        "bbox": [
            103,
            543,
            872,
            561
        ],
        "page_idx": 3
    },
    {
        "type": "table",
        "img_path": "images/67aae3186fe77760f86b0a49151c8ded5a56a556add16f00e5baad3ebdcdef99.jpg",
        "table_caption": [],
        "table_footnote": [],
        "table_body": "<table><tr><td>Capital</td><td>2,000</td></tr><tr><td>Reserves</td><td>1,000</td></tr><tr><td>Result</td><td>(300)</td></tr><tr><td></td><td>2,700</td></tr></table>",
        "bbox": [
            105,
            574,
            338,
            642
        ],
        "page_idx": 3
    },
    {
        "type": "text",
        "text": "and wants to show now the 1800 book value as a financial investment in a not consolidated company.",
        "bbox": [
            103,
            658,
            875,
            690
        ],
        "page_idx": 3
    },
    {
        "type": "text",
        "text": "What will be the impact of this transaction on the consolidated result?",
        "bbox": [
            105,
            706,
            875,
            724
        ],
        "page_idx": 3
    },
    {
        "type": "table",
        "img_path": "images/197a6e79d64b9c7552ed242c14822ab21c5c730737267816badd36873fbbd557.jpg",
        "table_caption": [],
        "table_footnote": [],
        "table_body": "<table><tr><td>a</td><td></td><td>Debit 450</td></tr><tr><td>b</td><td></td><td>Credit 450</td></tr><tr><td>c</td><td></td><td>Debit 1350</td></tr><tr><td>d</td><td></td><td>Credit 1350</td></tr></table>",
        "bbox": [
            108,
            736,
            347,
            804
        ],
        "page_idx": 3
    },
    {
        "type": "header",
        "text": "PART 7 CONSOLIDATION QUIZZ",
        "bbox": [
            502,
            73,
            855,
            89
        ],
        "page_idx": 3
    },
    {
        "type": "text",
        "text": "Question 3.07",
        "text_level": 2,
        "bbox": [
            421,
            123,
            578,
            136
        ],
        "page_idx": 4
    },
    {
        "type": "text",
        "text": "In this group, company A is consolidated with the global integration method and company B with the equity method.",
        "bbox": [
            109,
            156,
            659,
            206
        ],
        "page_idx": 4
    },
    {
        "type": "text",
        "text": "We also give a simplified balance sheet for each of these three companies.",
        "bbox": [
            109,
            253,
            659,
            288
        ],
        "page_idx": 4
    },
    {
        "type": "image",
        "img_path": "images/bf916218f6b0d6454be10798843d876b3b83ee38b1f0faf0f2c7b107756c13f8.jpg",
        "image_caption": [],
        "image_footnote": [],
        "bbox": [
            672,
            157,
            890,
            301
        ],
        "page_idx": 4
    },
    {
        "type": "table",
        "img_path": "images/7d8ebf322768150953c5e8701f85032c5f456a228caff4b34f7185caea39e767.jpg",
        "table_caption": [],
        "table_footnote": [],
        "table_body": "<table><tr><td colspan=\"2\"></td><td colspan=\"2\">P</td></tr><tr><td>Fin. Inv./A</td><td>1,800</td><td>Capital</td><td>5,000</td></tr><tr><td>Fin. Inv./B</td><td>800</td><td>Reserves</td><td>3,000</td></tr><tr><td></td><td></td><td>Result</td><td>1,000</td></tr><tr><td>Other assets</td><td>11,400</td><td>Other liabilities</td><td>5,000</td></tr></table>",
        "bbox": [
            113,
            301,
            608,
            385
        ],
        "page_idx": 4
    },
    {
        "type": "table",
        "img_path": "images/d39f258440ffdd9b5e7f200d2362f65d617ed7c1fba9c31d04ad10c52df1770d.jpg",
        "table_caption": [],
        "table_footnote": [],
        "table_body": "<table><tr><td colspan=\"4\">A</td></tr><tr><td></td><td></td><td>Capital</td><td>3,000</td></tr><tr><td></td><td></td><td>Reserves</td><td>2,000</td></tr><tr><td></td><td></td><td>Result</td><td>500</td></tr><tr><td>Other assets</td><td>10,000</td><td>Other liabilities</td><td>4,500</td></tr></table>",
        "bbox": [
            113,
            406,
            605,
            490
        ],
        "page_idx": 4
    },
    {
        "type": "table",
        "img_path": "images/267931130e7078295feaf159a15e16cb43e856164c9b56b65c4a8851de68242a.jpg",
        "table_caption": [],
        "table_footnote": [],
        "table_body": "<table><tr><td colspan=\"4\">B</td></tr><tr><td rowspan=\"3\">Fin. Inv./A</td><td rowspan=\"3\">600</td><td>Capital</td><td>2,000</td></tr><tr><td>Reserves</td><td>1,000</td></tr><tr><td>Result</td><td>200</td></tr><tr><td>Other assets</td><td>6,400</td><td>Other liabilities</td><td>3,800</td></tr></table>",
        "bbox": [
            113,
            512,
            605,
            594
        ],
        "page_idx": 4
    },
    {
        "type": "text",
        "text": "Among the four following proposals, which one is showing correct amounts for \"Financial investments at equity value\" and for \"Minority interests\"?",
        "bbox": [
            109,
            624,
            884,
            674
        ],
        "page_idx": 4
    },
    {
        "type": "table",
        "img_path": "images/8aab774db10a7865db025988d3042822269892fd1311603d3a0a8fb819d2a267.jpg",
        "table_caption": [],
        "table_footnote": [],
        "table_body": "<table><tr><td colspan=\"2\"></td><td>Fin.inv. at equity value</td><td>Minority interests</td></tr><tr><td>a</td><td></td><td>640</td><td>1,980</td></tr><tr><td>b</td><td></td><td>640</td><td>2,200</td></tr><tr><td>c</td><td></td><td>520</td><td>1,980</td></tr><tr><td>d</td><td></td><td>520</td><td>2,200</td></tr></table>",
        "bbox": [
            111,
            687,
            635,
            782
        ],
        "page_idx": 4
    },
    {
        "type": "header",
        "text": "DIRECT CONSOLIDATION",
        "bbox": [
            113,
            64,
            370,
            81
        ],
        "page_idx": 4
    },
    {
        "type": "text",
        "text": "Question 3.08",
        "text_level": 2,
        "bbox": [
            409,
            125,
            565,
            138
        ],
        "page_idx": 5
    },
    {
        "type": "text",
        "text": "Parent company P owns a subgroup of two companies A and B.",
        "bbox": [
            105,
            157,
            717,
            173
        ],
        "page_idx": 5
    },
    {
        "type": "text",
        "text": "P decides to sell this subgroup in one single transaction to  \\(3^{rd}\\)  Parties.",
        "bbox": [
            103,
            204,
            761,
            239
        ],
        "page_idx": 5
    },
    {
        "type": "text",
        "text": "This transaction will be evaluated on the basis of the following simplified balance sheet accounts. They include goodwill adjustments indicated in bold characters.",
        "bbox": [
            105,
            254,
            761,
            304
        ],
        "page_idx": 5
    },
    {
        "type": "text",
        "text": "Company B balance sheet has been already translated into consolidation currency, showing translation adjustments of (400).",
        "bbox": [
            105,
            318,
            761,
            353
        ],
        "page_idx": 5
    },
    {
        "type": "image",
        "img_path": "images/e4912cdddb2d686d8735f118e0a4d879a5d5d2d491e8b3ab1183c4b08474562b.jpg",
        "image_caption": [],
        "image_footnote": [],
        "bbox": [
            774,
            157,
            869,
            339
        ],
        "page_idx": 5
    },
    {
        "type": "table",
        "img_path": "images/748b07d8cff0af3cc662a6db556e906f6b57dc990fa47c01053b283a87f63d9d.jpg",
        "table_caption": [],
        "table_footnote": [],
        "table_body": "<table><tr><td colspan=\"4\">P</td></tr><tr><td>Goodwill/A</td><td>500</td><td>Capital</td><td>5,000</td></tr><tr><td>Fin. Inv./A</td><td>3,000</td><td>Reserves</td><td>3,000</td></tr><tr><td></td><td>(500)</td><td>Result</td><td>1,000</td></tr><tr><td>Other assets</td><td>12,000</td><td>Other liabilities</td><td>6,000</td></tr></table>",
        "bbox": [
            107,
            369,
            599,
            470
        ],
        "page_idx": 5
    },
    {
        "type": "table",
        "img_path": "images/7e9fca6e1089d6fc36f2a4d5ae2afb74ae1450327c04971eea57f8c55389fa42.jpg",
        "table_caption": [],
        "table_footnote": [],
        "table_body": "<table><tr><td colspan=\"4\">A</td></tr><tr><td>Goodwill/B</td><td>100</td><td>Capital</td><td>3,000</td></tr><tr><td>Fin. Inv./B</td><td>1,500</td><td>Reserves</td><td>2,000</td></tr><tr><td></td><td>(100)</td><td>Result</td><td>1,000</td></tr><tr><td>Other assets</td><td>9,500</td><td>Other liabilities</td><td>5,000</td></tr></table>",
        "bbox": [
            107,
            488,
            599,
            589
        ],
        "page_idx": 5
    },
    {
        "type": "table",
        "img_path": "images/0353e82c902e5acafc64ad164e2254a9f458fa3aa670a3578189cbcfc9668c5d.jpg",
        "table_caption": [],
        "table_footnote": [],
        "table_body": "<table><tr><td colspan=\"4\">B</td></tr><tr><td></td><td></td><td>Capital</td><td>2,000</td></tr><tr><td></td><td></td><td>Reserves</td><td>500</td></tr><tr><td></td><td></td><td>Result</td><td>100</td></tr><tr><td></td><td></td><td>Trans. Adj.</td><td>(400)</td></tr><tr><td>Other assets</td><td>6,000</td><td>Other liabilities</td><td>3,800</td></tr></table>",
        "bbox": [
            109,
            608,
            599,
            726
        ],
        "page_idx": 5
    },
    {
        "type": "text",
        "text": "At which price this subgroup should be sold in order to show a net gain of 300 in the consolidated P&L?",
        "bbox": [
            105,
            752,
            873,
            786
        ],
        "page_idx": 5
    },
    {
        "type": "table",
        "img_path": "images/fa1f3da27764ce6492e75f8ce37e9cb08c5d5f6c7c621509658fd73a0d928ff3.jpg",
        "table_caption": [],
        "table_footnote": [],
        "table_body": "<table><tr><td>a</td><td></td><td>4,592</td></tr><tr><td>b</td><td></td><td>4,652</td></tr><tr><td>c</td><td></td><td>4,485</td></tr><tr><td>d</td><td></td><td>4,424</td></tr></table>",
        "bbox": [
            109,
            798,
            322,
            865
        ],
        "page_idx": 5
    },
    {
        "type": "header",
        "text": "PART 7 CONSOLIDATION QUIZZ",
        "bbox": [
            502,
            74,
            856,
            92
        ],
        "page_idx": 5
    },
    {
        "type": "text",
        "text": "Question 3.09",
        "text_level": 2,
        "bbox": [
            417,
            125,
            573,
            140
        ],
        "page_idx": 6
    },
    {
        "type": "text",
        "text": "Company A has been consolidated by the global integration method at  \\(80\\%\\)  until end of Year 1.",
        "bbox": [
            113,
            159,
            875,
            191
        ],
        "page_idx": 6
    },
    {
        "type": "text",
        "text": "Beginning Year 2, the group sells  \\(20\\%\\)  of shares of that company",
        "bbox": [
            113,
            207,
            748,
            224
        ],
        "page_idx": 6
    },
    {
        "type": "text",
        "text": "Here is the evolution of the consolidated reserves report, partially completed.",
        "bbox": [
            113,
            238,
            860,
            256
        ],
        "page_idx": 6
    },
    {
        "type": "table",
        "img_path": "images/4ca42a870ad6fb3b78c31068010f9bc8928ac92726dbcef5c481bcff40d2ef39.jpg",
        "table_caption": [],
        "table_footnote": [],
        "table_body": "<table><tr><td></td><td>Reserves Year 1</td><td>Result Year 2</td><td>Dividends paid</td><td>Dividends received</td><td>Transfers of reserves</td><td>Appropriation</td><td>Reserves Year 2</td></tr><tr><td>…</td><td></td><td></td><td></td><td></td><td></td><td></td><td></td></tr><tr><td>A</td><td>200</td><td>40</td><td>(20)</td><td></td><td>?</td><td></td><td></td></tr><tr><td>…</td><td></td><td></td><td></td><td></td><td></td><td></td><td></td></tr></table>",
        "bbox": [
            116,
            278,
            879,
            364
        ],
        "page_idx": 6
    },
    {
        "type": "text",
        "text": "What would be the amount to write in the \"Transfers of reserves\" column at the place of the \"?\" to take this transaction into account?",
        "bbox": [
            113,
            396,
            877,
            430
        ],
        "page_idx": 6
    },
    {
        "type": "table",
        "img_path": "images/77f6177d71ecdd85b798fb41239d9f15e7ece818ad0462421a7c93637ff95f4f.jpg",
        "table_caption": [],
        "table_footnote": [],
        "table_body": "<table><tr><td>a</td><td></td><td>(45)</td></tr><tr><td>b</td><td></td><td>(60)</td></tr><tr><td>c</td><td></td><td>(40)</td></tr><tr><td>d</td><td></td><td>0</td></tr></table>",
        "bbox": [
            116,
            443,
            314,
            510
        ],
        "page_idx": 6
    },
    {
        "type": "header",
        "text": "DIRECT CONSOLIDATION",
        "bbox": [
            116,
            68,
            367,
            84
        ],
        "page_idx": 6
    },
    {
        "type": "text",
        "text": "Question 3.10",
        "text_level": 2,
        "bbox": [
            408,
            124,
            567,
            140
        ],
        "page_idx": 7
    },
    {
        "type": "text",
        "text": "Parent company P owns  \\(40\\%\\)  of shares of company A.",
        "bbox": [
            101,
            158,
            631,
            175
        ],
        "page_idx": 7
    },
    {
        "type": "text",
        "text": "Here are the simplified statutory balance sheets of these two companies at the end of Year 1.",
        "bbox": [
            99,
            190,
            870,
            222
        ],
        "page_idx": 7
    },
    {
        "type": "image",
        "img_path": "images/35c7f7434bf7877f4f959084f8cec2dc2d18d4c73dfc0fd3a312b404c6381200.jpg",
        "image_caption": [],
        "image_footnote": [],
        "bbox": [
            256,
            237,
            699,
            354
        ],
        "page_idx": 7
    },
    {
        "type": "text",
        "text": "At which price (paid in cash) should company  \\(P\\) acquire  \\(30 \\%\\) of additional shares in company A in order to obtain the ration \"Debts / Consolidated equity\"equals to 2, just after the transaction?",
        "bbox": [
            101,
            382,
            875,
            432
        ],
        "page_idx": 7
    },
    {
        "type": "text",
        "text": "Notice the following points",
        "bbox": [
            103,
            447,
            366,
            464
        ],
        "page_idx": 7
    },
    {
        "type": "list",
        "sub_type": "text",
        "list_items": [
            "- Consolidated equity includes Minority interests",
            "- There is no existing goodwill attached to the first  \\(40\\%\\)  of shares",
            "- When considering the above ratio, Bankers are always reducing the equity by consolidation goodwills."
        ],
        "bbox": [
            139,
            479,
            870,
            577
        ],
        "page_idx": 7
    },
    {
        "type": "table",
        "img_path": "images/bd3dc19599d56e90d035971a48ca9896873f29dc3a8dc3239df6046897d1c7ef.jpg",
        "table_caption": [],
        "table_footnote": [],
        "table_body": "<table><tr><td>a</td><td></td><td>That transaction is not possible</td></tr><tr><td>b</td><td></td><td>1,400</td></tr><tr><td>c</td><td></td><td>2,000</td></tr><tr><td>d</td><td></td><td>750</td></tr></table>",
        "bbox": [
            105,
            589,
            536,
            658
        ],
        "page_idx": 7
    },
    {
        "type": "header",
        "text": "PART 7 CONSOLIDATION QUIZZ",
        "bbox": [
            502,
            71,
            855,
            89
        ],
        "page_idx": 7
    },
    {
        "type": "text",
        "text": "4 CORRECT ANSWERS: SUMMARY",
        "text_level": 1,
        "bbox": [
            114,
            123,
            771,
            146
        ],
        "page_idx": 8
    },
    {
        "type": "table",
        "img_path": "images/8605bf6a45e62f6c849b275a62287cdae7b89ba14747178c19146c590710d1c2.jpg",
        "table_caption": [],
        "table_footnote": [],
        "table_body": "<table><tr><td colspan=\"2\">QUIZZ 1 (+)</td></tr><tr><td>1.01</td><td>c</td></tr><tr><td>1.02</td><td>b</td></tr><tr><td>1.03</td><td>b</td></tr><tr><td>1.04</td><td>c</td></tr><tr><td>1.05</td><td>a</td></tr><tr><td>1.06</td><td>d</td></tr><tr><td>1.07</td><td>b</td></tr><tr><td>1.08</td><td>c</td></tr><tr><td>1.09</td><td>b</td></tr><tr><td>1.10</td><td>c</td></tr></table>",
        "bbox": [
            114,
            181,
            324,
            451
        ],
        "page_idx": 8
    },
    {
        "type": "table",
        "img_path": "images/e6b2aad8fd0ba7aa54163262c36a6de94a7e9dcad0d7e018982c8323b48d55bb.jpg",
        "table_caption": [],
        "table_footnote": [],
        "table_body": "<table><tr><td colspan=\"2\">QUIZZ 2 (++ )</td></tr><tr><td>2.01</td><td>d</td></tr><tr><td>2.02</td><td>c</td></tr><tr><td>2.03</td><td>a</td></tr><tr><td>2.04</td><td>a</td></tr><tr><td>2.05</td><td>b</td></tr><tr><td>2.06</td><td>d</td></tr><tr><td>2.07</td><td>c</td></tr><tr><td>2.08</td><td>d</td></tr><tr><td>2.09</td><td>b</td></tr><tr><td>2.10</td><td>d</td></tr></table>",
        "bbox": [
            383,
            181,
            591,
            451
        ],
        "page_idx": 8
    },
    {
        "type": "table",
        "img_path": "images/4b66bc6b3d9679ecf9e6858c82937468c76887450d721bdde95a7379aae39eb2.jpg",
        "table_caption": [],
        "table_footnote": [],
        "table_body": "<table><tr><td colspan=\"2\">QUIZZ 3 (+++)</td></tr><tr><td>3.01</td><td>c</td></tr><tr><td>3.02</td><td>d</td></tr><tr><td>3.03</td><td>d</td></tr><tr><td>3.04</td><td>a</td></tr><tr><td>3.05</td><td>d</td></tr><tr><td>3.06</td><td>b</td></tr><tr><td>3.07</td><td>c</td></tr><tr><td>3.08</td><td>b</td></tr><tr><td>3.09</td><td>a</td></tr><tr><td>3.10</td><td>c</td></tr></table>",
        "bbox": [
            652,
            181,
            858,
            451
        ],
        "page_idx": 8
    },
    {
        "type": "header",
        "text": "DIRECT CONSOLIDATION",
        "bbox": [
            116,
            68,
            366,
            83
        ],
        "page_idx": 8
    },
    {
        "type": "page_number",
        "text": "472",
        "bbox": [
            476,
            923,
            519,
            939
        ],
        "page_idx": 8
    },
    {
        "type": "text",
        "text": "5 CORRECT ANSWERS: QUIZZ 1",
        "text_level": 1,
        "bbox": [
            105,
            122,
            726,
            144
        ],
        "page_idx": 9
    },
    {
        "type": "text",
        "text": "Answer 1.01",
        "text_level": 2,
        "bbox": [
            417,
            168,
            557,
            184
        ],
        "page_idx": 9
    },
    {
        "type": "text",
        "text": "Number of voting rights owned is  \\(1800 = 800^{*}1 + 200^{*}0 + 500^{*}2.\\)",
        "bbox": [
            101,
            200,
            805,
            219
        ],
        "page_idx": 9
    },
    {
        "type": "text",
        "text": "Number of voting rights issued is  \\(3000 = 1000 * 1 + 1000 * 0 + 1000 * 2\\) .",
        "bbox": [
            101,
            219,
            838,
            235
        ],
        "page_idx": 9
    },
    {
        "type": "text",
        "text": "The control percentage is  \\(60\\% = 1800 / 3000\\)  with a global integration method.",
        "bbox": [
            101,
            235,
            870,
            267
        ],
        "page_idx": 9
    },
    {
        "type": "text",
        "text": "Answer 1.02",
        "text_level": 2,
        "bbox": [
            417,
            301,
            559,
            317
        ],
        "page_idx": 9
    },
    {
        "type": "text",
        "text": "The indirect financial percentage is  \\(21.6\\% = 60\\% * 60\\% * 60\\%\\)  and parent company P is controlling indirectly company C at  \\(60\\%\\) , giving the global integration method.",
        "bbox": [
            101,
            333,
            875,
            385
        ],
        "page_idx": 9
    },
    {
        "type": "text",
        "text": "Answer 1.03",
        "text_level": 2,
        "bbox": [
            419,
            418,
            557,
            434
        ],
        "page_idx": 9
    },
    {
        "type": "table",
        "img_path": "images/c8157c4c83f1258e0fb51a941846882bb71d911b6b6d1784d67064e56dbd844a.jpg",
        "table_caption": [],
        "table_footnote": [],
        "table_body": "<table><tr><td></td><td>In CUR</td><td>At closing rate</td><td>Historical rate</td><td>Average rate</td><td>Adjustment</td></tr><tr><td>Capital</td><td>1000</td><td>1500</td><td>1300</td><td></td><td>(200) Debitt</td></tr><tr><td>Retained earnings</td><td>600</td><td>900</td><td>840</td><td></td><td>(60) Debitt</td></tr><tr><td>Profit</td><td>100</td><td>150</td><td></td><td>160</td><td>10 Credit</td></tr><tr><td>Translation adjustments</td><td></td><td></td><td></td><td></td><td>250 Credit</td></tr></table>",
        "bbox": [
            105,
            462,
            889,
            534
        ],
        "page_idx": 9
    },
    {
        "type": "text",
        "text": "Answer 1.04",
        "text_level": 2,
        "bbox": [
            419,
            566,
            557,
            582
        ],
        "page_idx": 9
    },
    {
        "type": "table",
        "img_path": "images/7ddf48f2ee3dbfa2d924c0972352d73e57871ff4892edd6d8631e893ad0aa2b5.jpg",
        "table_caption": [],
        "table_footnote": [],
        "table_body": "<table><tr><td>Opening value</td><td>100</td><td>0.5</td><td>50</td></tr><tr><td>Acquisitions</td><td>30</td><td>0.6</td><td>18</td></tr><tr><td>Disposals</td><td>(10)</td><td>0.6</td><td>(6)</td></tr><tr><td>Translation adjustments</td><td></td><td></td><td>22</td></tr><tr><td>Closing value</td><td>120</td><td>0.7</td><td>84</td></tr></table>",
        "bbox": [
            105,
            607,
            639,
            695
        ],
        "page_idx": 9
    },
    {
        "type": "text",
        "text": "Answer 1.05",
        "text_level": 2,
        "bbox": [
            419,
            730,
            557,
            746
        ],
        "page_idx": 9
    },
    {
        "type": "table",
        "img_path": "images/24b99d062a24180f630fc340ccc6af0a848430fc80fc993af7d82e9ef40821a9.jpg",
        "table_caption": [],
        "table_footnote": [],
        "table_body": "<table><tr><td>Company</td><td>Consolidation method</td><td>Financial %</td><td>Closing value</td><td>Consolidated value</td></tr><tr><td>P</td><td>Parent company</td><td></td><td>2,000</td><td>2,000</td></tr><tr><td>A</td><td>Global integration</td><td>80%</td><td>1,000</td><td>1,000</td></tr><tr><td>B</td><td>Proportional integration</td><td>50%</td><td>600</td><td>300</td></tr><tr><td>C</td><td>Equity method</td><td>30%</td><td>800</td><td>0</td></tr><tr><td colspan=\"4\"></td><td>3,300</td></tr></table>",
        "bbox": [
            105,
            765,
            855,
            859
        ],
        "page_idx": 9
    },
    {
        "type": "header",
        "text": "PART 7 CONSOLIDATION QUIZZ",
        "bbox": [
            502,
            74,
            855,
            90
        ],
        "page_idx": 9
    },
    {
        "type": "page_number",
        "text": "473",
        "bbox": [
            463,
            920,
            510,
            935
        ],
        "page_idx": 9
    }
]