[
    [
        {
            "type": "header",
            "bbox": [
                0.117,
                0.068,
                0.368,
                0.083
            ],
            "angle": 0,
            "content": "DIRECT CONSOLIDATION"
        },
        {
            "type": "title",
            "bbox": [
                0.116,
                0.124,
                0.5,
                0.149
            ],
            "angle": 0,
            "content": "3 QUIZZ 3 (+++)"
        },
        {
            "type": "title",
            "bbox": [
                0.421,
                0.17,
                0.574,
                0.185
            ],
            "angle": 0,
            "content": "Question3.01"
        },
        {
            "type": "text",
            "bbox": [
                0.114,
                0.203,
                0.825,
                0.221
            ],
            "angle": 0,
            "content": "In this group, the percentages represent both financial and voting rights."
        },
        {
            "type": "image",
            "bbox": [
                0.231,
                0.237,
                0.786,
                0.436
            ],
            "angle": 0,
            "content": null
        },
        {
            "type": "text",
            "bbox": [
                0.114,
                0.461,
                0.879,
                0.495
            ],
            "angle": 0,
            "content": "Company A has signed a shareholders agreement with the owner of the \\(40\\%\\) shares in C, giving to him the control on that company."
        },
        {
            "type": "text",
            "bbox": [
                0.114,
                0.508,
                0.881,
                0.543
            ],
            "angle": 0,
            "content": "With which indirect financial percentage and indirect control percentage will company E be consolidated?"
        },
        {
            "type": "table",
            "bbox": [
                0.118,
                0.56,
                0.432,
                0.628
            ],
            "angle": 0,
            "content": "<table><tr><td>a</td><td></td><td>44.8%</td><td>70%</td></tr><tr><td>b</td><td></td><td>28%</td><td>70%</td></tr><tr><td>c</td><td></td><td>44.8%</td><td>20%</td></tr><tr><td>d</td><td></td><td>28%</td><td>20%</td></tr></table>"
        },
        {
            "type": "title",
            "bbox": [
                0.418,
                0.656,
                0.573,
                0.671
            ],
            "angle": 0,
            "content": "Question 3.02"
        },
        {
            "type": "text",
            "bbox": [
                0.115,
                0.69,
                0.856,
                0.707
            ],
            "angle": 0,
            "content": "Parent company P decides to sell its \\(80\\%\\) participation owned in company A."
        },
        {
            "type": "text",
            "bbox": [
                0.114,
                0.722,
                0.877,
                0.755
            ],
            "angle": 0,
            "content": "The book value in P statutory accounts of these shares is 3000 and, in consolidation, there is still a goodwill whose net value is 300."
        },
        {
            "type": "text",
            "bbox": [
                0.114,
                0.77,
                0.879,
                0.803
            ],
            "angle": 0,
            "content": "The last year total equity of company A was 4000. However, the transaction occurs in July this year when the profit of A is 400."
        },
        {
            "type": "table",
            "bbox": [
                0.118,
                0.82,
                0.311,
                0.887
            ],
            "angle": 0,
            "content": "<table><tr><td>a</td><td></td><td>3,200</td></tr><tr><td>b</td><td></td><td>3,700</td></tr><tr><td>c</td><td></td><td>3,720</td></tr><tr><td>d</td><td></td><td>4,020</td></tr></table>"
        },
        {
            "type": "text",
            "bbox": [
                0.325,
                0.834,
                0.88,
                0.868
            ],
            "angle": 0,
            "content": "At which price should these shares be sold to show a gain of 200 in the consolidated accounts?"
        },
        {
            "type": "page_number",
            "bbox": [
                0.474,
                0.924,
                0.519,
                0.938
            ],
            "angle": 0,
            "content": "464"
        }
    ],
    [
        {
            "type": "header",
            "bbox": [
                0.502,
                0.073,
                0.861,
                0.089
            ],
            "angle": 0,
            "content": "PART 7 CONSOLIDATION QUIZZ"
        },
        {
            "type": "title",
            "bbox": [
                0.409,
                0.123,
                0.566,
                0.138
            ],
            "angle": 0,
            "content": "Question 3.03"
        },
        {
            "type": "text",
            "bbox": [
                0.1,
                0.157,
                0.812,
                0.176
            ],
            "angle": 0,
            "content": "This group consolidates two companies A and B with the equity method."
        },
        {
            "type": "text",
            "bbox": [
                0.099,
                0.19,
                0.876,
                0.224
            ],
            "angle": 0,
            "content": "We give you also a simplified balance sheet for each company and we will suppose they have been founded by the group a few years ago."
        },
        {
            "type": "text",
            "bbox": [
                0.1,
                0.238,
                0.555,
                0.256
            ],
            "angle": 0,
            "content": "There is so no goodwill or badwill to calculate."
        },
        {
            "type": "table",
            "bbox": [
                0.102,
                0.267,
                0.601,
                0.356
            ],
            "angle": 0,
            "content": "<table><tr><td colspan=\"4\">P</td></tr><tr><td rowspan=\"3\">Fin. Inv./A</td><td rowspan=\"3\">1,500</td><td>Capital</td><td>5,000</td></tr><tr><td>Reserves</td><td>3,000</td></tr><tr><td>Result</td><td>500</td></tr><tr><td>Other assets</td><td>11,500</td><td>Other liabilities</td><td>4,500</td></tr></table>"
        },
        {
            "type": "table",
            "bbox": [
                0.102,
                0.368,
                0.601,
                0.454
            ],
            "angle": 0,
            "content": "<table><tr><td colspan=\"4\">A</td></tr><tr><td rowspan=\"3\">Fin. Inv./B</td><td rowspan=\"3\">500</td><td>Capital</td><td>3,000</td></tr><tr><td>Reserves</td><td>1,000</td></tr><tr><td>Result</td><td>400</td></tr><tr><td>Other assets</td><td>7,500</td><td>Other liabilities</td><td>3,600</td></tr></table>"
        },
        {
            "type": "table",
            "bbox": [
                0.102,
                0.462,
                0.601,
                0.546
            ],
            "angle": 0,
            "content": "<table><tr><td colspan=\"3\">B</td></tr><tr><td></td><td>Capital</td><td>1,000</td></tr><tr><td></td><td>Reserves</td><td></td></tr><tr><td></td><td>Result</td><td>200</td></tr><tr><td>Other assets</td><td>5,000</td><td>3,000</td></tr></table>"
        },
        {
            "type": "image",
            "bbox": [
                0.739,
                0.264,
                0.837,
                0.435
            ],
            "angle": 0,
            "content": null
        },
        {
            "type": "text",
            "bbox": [
                0.102,
                0.577,
                0.88,
                0.611
            ],
            "angle": 0,
            "content": "What is the value of the \"Financial investments at equity value\" account in the consolidated balance sheet?"
        },
        {
            "type": "table",
            "bbox": [
                0.105,
                0.624,
                0.322,
                0.692
            ],
            "angle": 0,
            "content": "<table><tr><td>a</td><td></td><td>2,000</td></tr><tr><td>b</td><td></td><td>1,616</td></tr><tr><td>c</td><td></td><td>2,560</td></tr><tr><td>d</td><td></td><td>1,800</td></tr></table>"
        }
    ],
    [
        {
            "type": "header",
            "bbox": [
                0.118,
                0.069,
                0.373,
                0.085
            ],
            "angle": 0,
            "content": "DIRECT CONSOLIDATION"
        },
        {
            "type": "title",
            "bbox": [
                0.421,
                0.125,
                0.579,
                0.141
            ],
            "angle": 0,
            "content": "Question 3.04"
        },
        {
            "type": "text",
            "bbox": [
                0.115,
                0.16,
                0.577,
                0.178
            ],
            "angle": 0,
            "content": "This group is restructuring in the following way"
        },
        {
            "type": "text",
            "bbox": [
                0.154,
                0.207,
                0.625,
                0.225
            ],
            "angle": 0,
            "content": "All transactions occur on January \\(1^{st}\\), Year 2"
        },
        {
            "type": "text",
            "bbox": [
                0.155,
                0.239,
                0.501,
                0.257
            ],
            "angle": 0,
            "content": "- A sells to P its \\(60\\%\\) shares in B"
        },
        {
            "type": "text",
            "bbox": [
                0.155,
                0.271,
                0.502,
                0.288
            ],
            "angle": 0,
            "content": "P sells to B its \\(80\\%\\) shares in A"
        },
        {
            "type": "text",
            "bbox": [
                0.154,
                0.304,
                0.657,
                0.339
            ],
            "angle": 0,
            "content": "These disposals of shares are done at the book value, generating no gain or loss."
        },
        {
            "type": "list",
            "bbox": [
                0.154,
                0.207,
                0.657,
                0.339
            ],
            "angle": 0,
            "content": null
        },
        {
            "type": "image_caption",
            "bbox": [
                0.679,
                0.174,
                0.874,
                0.192
            ],
            "angle": 0,
            "content": "Year 1 Year 2"
        },
        {
            "type": "image",
            "bbox": [
                0.668,
                0.203,
                0.881,
                0.373
            ],
            "angle": 0,
            "content": null
        },
        {
            "type": "text",
            "bbox": [
                0.115,
                0.384,
                0.882,
                0.418
            ],
            "angle": 0,
            "content": "Here below we give some balance sheet accounts as at December 31, Year 1 and January \\(1^{st}\\), Year 2 just after the group transactions."
        },
        {
            "type": "image_caption",
            "bbox": [
                0.273,
                0.438,
                0.752,
                0.457
            ],
            "angle": 0,
            "content": "Year 1 Year 2"
        },
        {
            "type": "image",
            "bbox": [
                0.117,
                0.469,
                0.907,
                0.602
            ],
            "angle": 0,
            "content": null
        },
        {
            "type": "text",
            "bbox": [
                0.115,
                0.633,
                0.882,
                0.666
            ],
            "angle": 0,
            "content": "What is the impact of these transactions on the consolidated reserves of A and B between the situation \"before\" and the situation \"after\"."
        },
        {
            "type": "text",
            "bbox": [
                0.116,
                0.681,
                0.882,
                0.713
            ],
            "angle": 0,
            "content": "This impact will be given as the variation amount of consolidated reserves as \"Year 2 - Year 1\"."
        },
        {
            "type": "table",
            "bbox": [
                0.118,
                0.728,
                0.332,
                0.796
            ],
            "angle": 0,
            "content": "<table><tr><td>a</td><td></td><td>120</td></tr><tr><td>b</td><td></td><td>(120)</td></tr><tr><td>c</td><td></td><td>0</td></tr><tr><td>d</td><td></td><td>(440)</td></tr></table>"
        },
        {
            "type": "page_number",
            "bbox": [
                0.476,
                0.925,
                0.522,
                0.941
            ],
            "angle": 0,
            "content": "466"
        }
    ],
    [
        {
            "type": "header",
            "bbox": [
                0.504,
                0.074,
                0.857,
                0.09
            ],
            "angle": 0,
            "content": "PART 7 CONSOLIDATION QUIZZ"
        },
        {
            "type": "title",
            "bbox": [
                0.41,
                0.125,
                0.566,
                0.14
            ],
            "angle": 0,
            "content": "Question 3.05"
        },
        {
            "type": "text",
            "bbox": [
                0.104,
                0.159,
                0.791,
                0.177
            ],
            "angle": 0,
            "content": "During Year 1, a company A was consolidated with the equity method."
        },
        {
            "type": "text",
            "bbox": [
                0.103,
                0.191,
                0.875,
                0.224
            ],
            "angle": 0,
            "content": "On January \\(1^{st}\\), Year 2, the group acquires \\(40\\%\\) additional shares of A for a price of 500. In consolidation, this transaction gives a goodwill of 100."
        },
        {
            "type": "text",
            "bbox": [
                0.103,
                0.239,
                0.874,
                0.271
            ],
            "angle": 0,
            "content": "Since this date, company A is consolidated with the global integration method."
        },
        {
            "type": "text",
            "bbox": [
                0.106,
                0.287,
                0.727,
                0.305
            ],
            "angle": 0,
            "content": "Which of the four following proposals is the correct one?"
        },
        {
            "type": "table",
            "bbox": [
                0.108,
                0.318,
                0.879,
                0.413
            ],
            "angle": 0,
            "content": "<table><tr><td>a</td><td></td><td>All assets and liabilities of Year 1 closing amounts will appear in the cash flow statement because of the change in the consolidation method</td></tr><tr><td>b</td><td></td><td>A goodwill of (100) appears in the consolidated cash flow statement</td></tr><tr><td>c</td><td></td><td>An investment of (400) appears in the consolidated cash flow statement</td></tr><tr><td>d</td><td></td><td>An investment of (500) appears in the consolidated cash flow statement</td></tr></table>"
        },
        {
            "type": "title",
            "bbox": [
                0.412,
                0.447,
                0.567,
                0.463
            ],
            "angle": 0,
            "content": "Question 3.06"
        },
        {
            "type": "text",
            "bbox": [
                0.105,
                0.481,
                0.741,
                0.499
            ],
            "angle": 0,
            "content": "Company A is consolidated with the proportional method at \\(50\\%\\)."
        },
        {
            "type": "text",
            "bbox": [
                0.105,
                0.513,
                0.848,
                0.532
            ],
            "angle": 0,
            "content": "The book value of the financial investment in the parent company P is 1800."
        },
        {
            "type": "text",
            "bbox": [
                0.105,
                0.545,
                0.874,
                0.563
            ],
            "angle": 0,
            "content": "P decides to deconsolidate A on the basis of the following statutory equity of A"
        },
        {
            "type": "table",
            "bbox": [
                0.108,
                0.576,
                0.34,
                0.643
            ],
            "angle": 0,
            "content": "<table><tr><td>Capital</td><td>2,000</td></tr><tr><td>Reserves</td><td>1,000</td></tr><tr><td>Result</td><td>(300)</td></tr><tr><td></td><td>2,700</td></tr></table>"
        },
        {
            "type": "text",
            "bbox": [
                0.105,
                0.659,
                0.875,
                0.692
            ],
            "angle": 0,
            "content": "and wants to show now the 1800 book value as a financial investment in a not consolidated company."
        },
        {
            "type": "text",
            "bbox": [
                0.108,
                0.708,
                0.875,
                0.725
            ],
            "angle": 0,
            "content": "What will be the impact of this transaction on the consolidated result?"
        },
        {
            "type": "table",
            "bbox": [
                0.11,
                0.737,
                0.348,
                0.805
            ],
            "angle": 0,
            "content": "<table><tr><td>a</td><td></td><td>Debit 450</td></tr><tr><td>b</td><td></td><td>Credit 450</td></tr><tr><td>c</td><td></td><td>Debit 1350</td></tr><tr><td>d</td><td></td><td>Credit 1350</td></tr></table>"
        }
    ],
    [
        {
            "type": "header",
            "bbox": [
                0.115,
                0.066,
                0.372,
                0.082
            ],
            "angle": 0,
            "content": "DIRECT CONSOLIDATION"
        },
        {
            "type": "title",
            "bbox": [
                0.423,
                0.124,
                0.58,
                0.138
            ],
            "angle": 0,
            "content": "Question 3.07"
        },
        {
            "type": "text",
            "bbox": [
                0.111,
                0.157,
                0.661,
                0.207
            ],
            "angle": 0,
            "content": "In this group, company A is consolidated with the global integration method and company B with the equity method."
        },
        {
            "type": "text",
            "bbox": [
                0.111,
                0.254,
                0.661,
                0.289
            ],
            "angle": 0,
            "content": "We also give a simplified balance sheet for each of these three companies."
        },
        {
            "type": "image",
            "bbox": [
                0.674,
                0.158,
                0.891,
                0.302
            ],
            "angle": 0,
            "content": null
        },
        {
            "type": "table",
            "bbox": [
                0.115,
                0.302,
                0.61,
                0.386
            ],
            "angle": 0,
            "content": "<table><tr><td colspan=\"2\"></td><td colspan=\"2\">P</td></tr><tr><td>Fin. Inv./A</td><td>1,800</td><td>Capital</td><td>5,000</td></tr><tr><td>Fin. Inv./B</td><td>800</td><td>Reserves</td><td>3,000</td></tr><tr><td></td><td></td><td>Result</td><td>1,000</td></tr><tr><td>Other assets</td><td>11,400</td><td>Other liabilities</td><td>5,000</td></tr></table>"
        },
        {
            "type": "table",
            "bbox": [
                0.115,
                0.407,
                0.608,
                0.491
            ],
            "angle": 0,
            "content": "<table><tr><td colspan=\"4\">A</td></tr><tr><td></td><td></td><td>Capital</td><td>3,000</td></tr><tr><td></td><td></td><td>Reserves</td><td>2,000</td></tr><tr><td></td><td></td><td>Result</td><td>500</td></tr><tr><td>Other assets</td><td>10,000</td><td>Other liabilities</td><td>4,500</td></tr></table>"
        },
        {
            "type": "table",
            "bbox": [
                0.115,
                0.513,
                0.608,
                0.596
            ],
            "angle": 0,
            "content": "<table><tr><td colspan=\"4\">B</td></tr><tr><td rowspan=\"3\">Fin. Inv./A</td><td rowspan=\"3\">600</td><td>Capital</td><td>2,000</td></tr><tr><td>Reserves</td><td>1,000</td></tr><tr><td>Result</td><td>200</td></tr><tr><td>Other assets</td><td>6,400</td><td>Other liabilities</td><td>3,800</td></tr></table>"
        },
        {
            "type": "text",
            "bbox": [
                0.11,
                0.625,
                0.885,
                0.675
            ],
            "angle": 0,
            "content": "Among the four following proposals, which one is showing correct amounts for \"Financial investments at equity value\" and for \"Minority interests\"?"
        },
        {
            "type": "table",
            "bbox": [
                0.112,
                0.688,
                0.637,
                0.783
            ],
            "angle": 0,
            "content": "<table><tr><td colspan=\"2\"></td><td>Fin.inv. at equity value</td><td>Minority interests</td></tr><tr><td>a</td><td></td><td>640</td><td>1,980</td></tr><tr><td>b</td><td></td><td>640</td><td>2,200</td></tr><tr><td>c</td><td></td><td>520</td><td>1,980</td></tr><tr><td>d</td><td></td><td>520</td><td>2,200</td></tr></table>"
        }
    ],
    [
        {
            "type": "header",
            "bbox": [
                0.504,
                0.075,
                0.857,
                0.093
            ],
            "angle": 0,
            "content": "PART 7 CONSOLIDATION QUIZZ"
        },
        {
            "type": "title",
            "bbox": [
                0.411,
                0.126,
                0.566,
                0.14
            ],
            "angle": 0,
            "content": "Question 3.08"
        },
        {
            "type": "text",
            "bbox": [
                0.106,
                0.158,
                0.719,
                0.175
            ],
            "angle": 0,
            "content": "Parent company P owns a subgroup of two companies A and B."
        },
        {
            "type": "text",
            "bbox": [
                0.105,
                0.206,
                0.763,
                0.24
            ],
            "angle": 0,
            "content": "P decides to sell this subgroup in one single transaction to \\(3^{rd}\\) Parties."
        },
        {
            "type": "text",
            "bbox": [
                0.106,
                0.255,
                0.763,
                0.305
            ],
            "angle": 0,
            "content": "This transaction will be evaluated on the basis of the following simplified balance sheet accounts. They include goodwill adjustments indicated in bold characters."
        },
        {
            "type": "text",
            "bbox": [
                0.106,
                0.32,
                0.763,
                0.355
            ],
            "angle": 0,
            "content": "Company B balance sheet has been already translated into consolidation currency, showing translation adjustments of (400)."
        },
        {
            "type": "image",
            "bbox": [
                0.776,
                0.159,
                0.871,
                0.34
            ],
            "angle": 0,
            "content": null
        },
        {
            "type": "table",
            "bbox": [
                0.109,
                0.371,
                0.6,
                0.472
            ],
            "angle": 0,
            "content": "<table><tr><td colspan=\"4\">P</td></tr><tr><td>Goodwill/A</td><td>500</td><td>Capital</td><td>5,000</td></tr><tr><td>Fin. Inv./A</td><td>3,000</td><td>Reserves</td><td>3,000</td></tr><tr><td></td><td>(500)</td><td>Result</td><td>1,000</td></tr><tr><td>Other assets</td><td>12,000</td><td>Other liabilities</td><td>6,000</td></tr></table>"
        },
        {
            "type": "table",
            "bbox": [
                0.109,
                0.489,
                0.6,
                0.59
            ],
            "angle": 0,
            "content": "<table><tr><td colspan=\"4\">A</td></tr><tr><td>Goodwill/B</td><td>100</td><td>Capital</td><td>3,000</td></tr><tr><td>Fin. Inv./B</td><td>1,500</td><td>Reserves</td><td>2,000</td></tr><tr><td></td><td>(100)</td><td>Result</td><td>1,000</td></tr><tr><td>Other assets</td><td>9,500</td><td>Other liabilities</td><td>5,000</td></tr></table>"
        },
        {
            "type": "table",
            "bbox": [
                0.111,
                0.609,
                0.6,
                0.727
            ],
            "angle": 0,
            "content": "<table><tr><td colspan=\"4\">B</td></tr><tr><td></td><td></td><td>Capital</td><td>2,000</td></tr><tr><td></td><td></td><td>Reserves</td><td>500</td></tr><tr><td></td><td></td><td>Result</td><td>100</td></tr><tr><td></td><td></td><td>Trans. Adj.</td><td>(400)</td></tr><tr><td>Other assets</td><td>6,000</td><td>Other liabilities</td><td>3,800</td></tr></table>"
        },
        {
            "type": "text",
            "bbox": [
                0.106,
                0.753,
                0.875,
                0.787
            ],
            "angle": 0,
            "content": "At which price this subgroup should be sold in order to show a net gain of 300 in the consolidated P&L?"
        },
        {
            "type": "table",
            "bbox": [
                0.11,
                0.799,
                0.323,
                0.866
            ],
            "angle": 0,
            "content": "<table><tr><td>a</td><td></td><td>4,592</td></tr><tr><td>b</td><td></td><td>4,652</td></tr><tr><td>c</td><td></td><td>4,485</td></tr><tr><td>d</td><td></td><td>4,424</td></tr></table>"
        }
    ],
    [
        {
            "type": "header",
            "bbox": [
                0.117,
                0.069,
                0.368,
                0.085
            ],
            "angle": 0,
            "content": "DIRECT CONSOLIDATION"
        },
        {
            "type": "title",
            "bbox": [
                0.419,
                0.126,
                0.575,
                0.142
            ],
            "angle": 0,
            "content": "Question 3.09"
        },
        {
            "type": "text",
            "bbox": [
                0.114,
                0.16,
                0.877,
                0.192
            ],
            "angle": 0,
            "content": "Company A has been consolidated by the global integration method at \\(80\\%\\) until end of Year 1."
        },
        {
            "type": "text",
            "bbox": [
                0.115,
                0.208,
                0.749,
                0.225
            ],
            "angle": 0,
            "content": "Beginning Year 2, the group sells \\(20\\%\\) of shares of that company"
        },
        {
            "type": "text",
            "bbox": [
                0.114,
                0.24,
                0.862,
                0.257
            ],
            "angle": 0,
            "content": "Here is the evolution of the consolidated reserves report, partially completed."
        },
        {
            "type": "table",
            "bbox": [
                0.117,
                0.279,
                0.88,
                0.366
            ],
            "angle": 0,
            "content": "<table><tr><td></td><td>Reserves Year 1</td><td>Result Year 2</td><td>Dividends paid</td><td>Dividends received</td><td>Transfers of reserves</td><td>Appropriation</td><td>Reserves Year 2</td></tr><tr><td>…</td><td></td><td></td><td></td><td></td><td></td><td></td><td></td></tr><tr><td>A</td><td>200</td><td>40</td><td>(20)</td><td></td><td>?</td><td></td><td></td></tr><tr><td>…</td><td></td><td></td><td></td><td></td><td></td><td></td><td></td></tr></table>"
        },
        {
            "type": "text",
            "bbox": [
                0.115,
                0.398,
                0.879,
                0.431
            ],
            "angle": 0,
            "content": "What would be the amount to write in the \"Transfers of reserves\" column at the place of the \"?\" to take this transaction into account?"
        },
        {
            "type": "table",
            "bbox": [
                0.117,
                0.445,
                0.316,
                0.512
            ],
            "angle": 0,
            "content": "<table><tr><td>a</td><td></td><td>(45)</td></tr><tr><td>b</td><td></td><td>(60)</td></tr><tr><td>c</td><td></td><td>(40)</td></tr><tr><td>d</td><td></td><td>0</td></tr></table>"
        }
    ],
    [
        {
            "type": "header",
            "bbox": [
                0.503,
                0.073,
                0.856,
                0.09
            ],
            "angle": 0,
            "content": "PART 7 CONSOLIDATION QUIZZ"
        },
        {
            "type": "title",
            "bbox": [
                0.41,
                0.125,
                0.569,
                0.141
            ],
            "angle": 0,
            "content": "Question 3.10"
        },
        {
            "type": "text",
            "bbox": [
                0.103,
                0.159,
                0.633,
                0.177
            ],
            "angle": 0,
            "content": "Parent company P owns \\(40\\%\\) of shares of company A."
        },
        {
            "type": "text",
            "bbox": [
                0.101,
                0.191,
                0.871,
                0.224
            ],
            "angle": 0,
            "content": "Here are the simplified statutory balance sheets of these two companies at the end of Year 1."
        },
        {
            "type": "image",
            "bbox": [
                0.258,
                0.238,
                0.7,
                0.356
            ],
            "angle": 0,
            "content": null
        },
        {
            "type": "text",
            "bbox": [
                0.102,
                0.384,
                0.875,
                0.434
            ],
            "angle": 0,
            "content": "At which price (paid in cash) should company \\(P\\)acquire \\(30 \\%\\)of additional shares in company A in order to obtain the ration \"Debts / Consolidated equity\"equals to 2, just after the transaction?"
        },
        {
            "type": "text",
            "bbox": [
                0.104,
                0.448,
                0.367,
                0.466
            ],
            "angle": 0,
            "content": "Notice the following points"
        },
        {
            "type": "text",
            "bbox": [
                0.141,
                0.48,
                0.642,
                0.498
            ],
            "angle": 0,
            "content": "- Consolidated equity includes Minority interests"
        },
        {
            "type": "text",
            "bbox": [
                0.141,
                0.512,
                0.807,
                0.53
            ],
            "angle": 0,
            "content": "- There is no existing goodwill attached to the first \\(40\\%\\) of shares"
        },
        {
            "type": "text",
            "bbox": [
                0.141,
                0.544,
                0.871,
                0.579
            ],
            "angle": 0,
            "content": "- When considering the above ratio, Bankers are always reducing the equity by consolidation goodwills."
        },
        {
            "type": "list",
            "bbox": [
                0.141,
                0.48,
                0.871,
                0.579
            ],
            "angle": 0,
            "content": null
        },
        {
            "type": "table",
            "bbox": [
                0.107,
                0.59,
                0.538,
                0.659
            ],
            "angle": 0,
            "content": "<table><tr><td>a</td><td></td><td>That transaction is not possible</td></tr><tr><td>b</td><td></td><td>1,400</td></tr><tr><td>c</td><td></td><td>2,000</td></tr><tr><td>d</td><td></td><td>750</td></tr></table>"
        }
    ],
    [
        {
            "type": "header",
            "bbox": [
                0.117,
                0.069,
                0.367,
                0.084
            ],
            "angle": 0,
            "content": "DIRECT CONSOLIDATION"
        },
        {
            "type": "title",
            "bbox": [
                0.116,
                0.124,
                0.773,
                0.147
            ],
            "angle": 0,
            "content": "4 CORRECT ANSWERS: SUMMARY"
        },
        {
            "type": "table",
            "bbox": [
                0.116,
                0.183,
                0.325,
                0.452
            ],
            "angle": 0,
            "content": "<table><tr><td colspan=\"2\">QUIZZ 1 (+)</td></tr><tr><td>1.01</td><td>c</td></tr><tr><td>1.02</td><td>b</td></tr><tr><td>1.03</td><td>b</td></tr><tr><td>1.04</td><td>c</td></tr><tr><td>1.05</td><td>a</td></tr><tr><td>1.06</td><td>d</td></tr><tr><td>1.07</td><td>b</td></tr><tr><td>1.08</td><td>c</td></tr><tr><td>1.09</td><td>b</td></tr><tr><td>1.10</td><td>c</td></tr></table>"
        },
        {
            "type": "table",
            "bbox": [
                0.384,
                0.183,
                0.593,
                0.452
            ],
            "angle": 0,
            "content": "<table><tr><td colspan=\"2\">QUIZZ 2 (++ )</td></tr><tr><td>2.01</td><td>d</td></tr><tr><td>2.02</td><td>c</td></tr><tr><td>2.03</td><td>a</td></tr><tr><td>2.04</td><td>a</td></tr><tr><td>2.05</td><td>b</td></tr><tr><td>2.06</td><td>d</td></tr><tr><td>2.07</td><td>c</td></tr><tr><td>2.08</td><td>d</td></tr><tr><td>2.09</td><td>b</td></tr><tr><td>2.10</td><td>d</td></tr></table>"
        },
        {
            "type": "table",
            "bbox": [
                0.653,
                0.183,
                0.86,
                0.452
            ],
            "angle": 0,
            "content": "<table><tr><td colspan=\"2\">QUIZZ 3 (+++)</td></tr><tr><td>3.01</td><td>c</td></tr><tr><td>3.02</td><td>d</td></tr><tr><td>3.03</td><td>d</td></tr><tr><td>3.04</td><td>a</td></tr><tr><td>3.05</td><td>d</td></tr><tr><td>3.06</td><td>b</td></tr><tr><td>3.07</td><td>c</td></tr><tr><td>3.08</td><td>b</td></tr><tr><td>3.09</td><td>a</td></tr><tr><td>3.10</td><td>c</td></tr></table>"
        },
        {
            "type": "page_number",
            "bbox": [
                0.477,
                0.925,
                0.521,
                0.94
            ],
            "angle": 0,
            "content": "472"
        }
    ],
    [
        {
            "type": "header",
            "bbox": [
                0.504,
                0.075,
                0.857,
                0.091
            ],
            "angle": 0,
            "content": "PART 7 CONSOLIDATION QUIZZ"
        },
        {
            "type": "title",
            "bbox": [
                0.106,
                0.123,
                0.728,
                0.145
            ],
            "angle": 0,
            "content": "5 CORRECT ANSWERS: QUIZZ 1"
        },
        {
            "type": "title",
            "bbox": [
                0.419,
                0.169,
                0.558,
                0.185
            ],
            "angle": 0,
            "content": "Answer 1.01"
        },
        {
            "type": "text",
            "bbox": [
                0.102,
                0.201,
                0.806,
                0.22
            ],
            "angle": 0,
            "content": "Number of voting rights owned is \\(1800 = 800^{*}1 + 200^{*}0 + 500^{*}2.\\)"
        },
        {
            "type": "text",
            "bbox": [
                0.102,
                0.22,
                0.839,
                0.236
            ],
            "angle": 0,
            "content": "Number of voting rights issued is \\(3000 = 1000 * 1 + 1000 * 0 + 1000 * 2\\)."
        },
        {
            "type": "text",
            "bbox": [
                0.102,
                0.236,
                0.872,
                0.269
            ],
            "angle": 0,
            "content": "The control percentage is \\(60\\% = 1800 / 3000\\) with a global integration method."
        },
        {
            "type": "title",
            "bbox": [
                0.419,
                0.303,
                0.56,
                0.318
            ],
            "angle": 0,
            "content": "Answer 1.02"
        },
        {
            "type": "text",
            "bbox": [
                0.103,
                0.335,
                0.875,
                0.386
            ],
            "angle": 0,
            "content": "The indirect financial percentage is \\(21.6\\% = 60\\% * 60\\% * 60\\%\\) and parent company P is controlling indirectly company C at \\(60\\%\\), giving the global integration method."
        },
        {
            "type": "title",
            "bbox": [
                0.42,
                0.419,
                0.558,
                0.435
            ],
            "angle": 0,
            "content": "Answer 1.03"
        },
        {
            "type": "table",
            "bbox": [
                0.107,
                0.463,
                0.891,
                0.535
            ],
            "angle": 0,
            "content": "<table><tr><td></td><td>In CUR</td><td>At closing rate</td><td>Historical rate</td><td>Average rate</td><td>Adjustment</td></tr><tr><td>Capital</td><td>1000</td><td>1500</td><td>1300</td><td></td><td>(200) Debitt</td></tr><tr><td>Retained earnings</td><td>600</td><td>900</td><td>840</td><td></td><td>(60) Debitt</td></tr><tr><td>Profit</td><td>100</td><td>150</td><td></td><td>160</td><td>10 Credit</td></tr><tr><td>Translation adjustments</td><td></td><td></td><td></td><td></td><td>250 Credit</td></tr></table>"
        },
        {
            "type": "title",
            "bbox": [
                0.42,
                0.568,
                0.559,
                0.583
            ],
            "angle": 0,
            "content": "Answer 1.04"
        },
        {
            "type": "table",
            "bbox": [
                0.107,
                0.608,
                0.641,
                0.696
            ],
            "angle": 0,
            "content": "<table><tr><td>Opening value</td><td>100</td><td>0.5</td><td>50</td></tr><tr><td>Acquisitions</td><td>30</td><td>0.6</td><td>18</td></tr><tr><td>Disposals</td><td>(10)</td><td>0.6</td><td>(6)</td></tr><tr><td>Translation adjustments</td><td></td><td></td><td>22</td></tr><tr><td>Closing value</td><td>120</td><td>0.7</td><td>84</td></tr></table>"
        },
        {
            "type": "title",
            "bbox": [
                0.42,
                0.732,
                0.558,
                0.747
            ],
            "angle": 0,
            "content": "Answer 1.05"
        },
        {
            "type": "table",
            "bbox": [
                0.106,
                0.766,
                0.858,
                0.86
            ],
            "angle": 0,
            "content": "<table><tr><td>Company</td><td>Consolidation method</td><td>Financial %</td><td>Closing value</td><td>Consolidated value</td></tr><tr><td>P</td><td>Parent company</td><td></td><td>2,000</td><td>2,000</td></tr><tr><td>A</td><td>Global integration</td><td>80%</td><td>1,000</td><td>1,000</td></tr><tr><td>B</td><td>Proportional integration</td><td>50%</td><td>600</td><td>300</td></tr><tr><td>C</td><td>Equity method</td><td>30%</td><td>800</td><td>0</td></tr><tr><td colspan=\"4\"></td><td>3,300</td></tr></table>"
        },
        {
            "type": "page_number",
            "bbox": [
                0.466,
                0.922,
                0.511,
                0.937
            ],
            "angle": 0,
            "content": "473"
        }
    ]
]