[
    {
        "type": "table",
        "img_path": "images/b61e7a9b5dc1d989f7d0148fea596c68bbced87b4854367985d43c0d229255a8.jpg",
        "table_caption": [
            "ENGLISH / FRENCH"
        ],
        "table_footnote": [],
        "table_body": "<table><tr><td>English</td><td>François</td></tr><tr><td>3rd Parties</td><td>Tiers</td></tr><tr><td>Absorption</td><td>Absorption</td></tr><tr><td>Acquisition</td><td>Acquisition</td></tr><tr><td>Adjustments</td><td>Retraitement</td></tr><tr><td>Average rate</td><td>Cours moyen</td></tr><tr><td>Badwill</td><td>Badwill</td></tr><tr><td>Balance sheet</td><td>Bilan</td></tr><tr><td>Cash flow statement</td><td>Tableau de financement</td></tr><tr><td>Closing rate</td><td>Cours de clôture</td></tr><tr><td>Consolidated reserves</td><td>Reserves consolidées</td></tr><tr><td>Consolidation</td><td>Consolidation</td></tr><tr><td>Consolidation bundle</td><td>Liasse de consolidation</td></tr><tr><td>Consolidation scope</td><td>Perimetre de consolidation</td></tr><tr><td>Control percentage</td><td>Pourcentage de clôture</td></tr><tr><td>Currency rate</td><td>Cours de change</td></tr><tr><td>Currency translation</td><td>Conversion monétaire</td></tr><tr><td>Currency translation adjustments</td><td>Ecart de conversion</td></tr><tr><td>Deconsolidation</td><td>Deconsolidation</td></tr><tr><td>Disposal</td><td>Cession</td></tr><tr><td>Elimination</td><td>Elimination</td></tr><tr><td>Equity method</td><td>Mise en équivalence</td></tr><tr><td>Financial investment</td><td>Participation</td></tr><tr><td>Financial percentage</td><td>Pourcentage financier</td></tr><tr><td>Flow</td><td>Flux</td></tr><tr><td>Global integration method</td><td>Integration globale</td></tr><tr><td>Goodwill</td><td>Goodwill</td></tr><tr><td>Goodwill allocation</td><td>Affectation du goodwill</td></tr><tr><td>Historical rate</td><td>Cours historique</td></tr><tr><td>Income statement</td><td>Compte de résultats</td></tr><tr><td>Indirect percentage</td><td>Pourcentage indirect</td></tr><tr><td>Intercompany account</td><td>Compte intersociete</td></tr><tr><td>Liquidation</td><td>Liquidation</td></tr><tr><td>Merge</td><td>Fusion</td></tr><tr><td>Minority interests</td><td>Intérêts des minoritaires</td></tr><tr><td>Notes to the accounts</td><td>Annexes aux comptes</td></tr><tr><td>Own shares</td><td>Actions propres</td></tr><tr><td>P&amp;L</td><td>Compte de résultats</td></tr><tr><td>Proportional integration method</td><td>Integration proportionnelle</td></tr><tr><td>Statutory accounts</td><td>Comptes statutaires</td></tr><tr><td>Subgroup</td><td>Sous-groupe</td></tr><tr><td>Subsidiary</td><td>Filiage</td></tr></table>",
        "bbox": [
            191,
            177,
            772,
            857
        ],
        "page_idx": 0
    },
    {
        "type": "header",
        "text": "DIRECT CONSOLIDATION",
        "bbox": [
            116,
            68,
            364,
            84
        ],
        "page_idx": 0
    },
    {
        "type": "text",
        "text": "ENGLISH / NEDERLANDS",
        "text_level": 1,
        "bbox": [
            218,
            120,
            650,
            147
        ],
        "page_idx": 1
    },
    {
        "type": "text",
        "text": "English",
        "text_level": 2,
        "bbox": [
            179,
            173,
            254,
            189
        ],
        "page_idx": 1
    },
    {
        "type": "text",
        "text": "Brd Parties",
        "bbox": [
            179,
            192,
            276,
            206
        ],
        "page_idx": 1
    },
    {
        "type": "text",
        "text": "Absorption",
        "bbox": [
            179,
            207,
            274,
            223
        ],
        "page_idx": 1
    },
    {
        "type": "text",
        "text": "Acquisition",
        "bbox": [
            179,
            225,
            278,
            238
        ],
        "page_idx": 1
    },
    {
        "type": "text",
        "text": "Adjustments",
        "bbox": [
            179,
            241,
            289,
            254
        ],
        "page_idx": 1
    },
    {
        "type": "text",
        "text": "Average rate",
        "bbox": [
            179,
            257,
            293,
            272
        ],
        "page_idx": 1
    },
    {
        "type": "text",
        "text": "Badwill",
        "bbox": [
            179,
            273,
            244,
            287
        ],
        "page_idx": 1
    },
    {
        "type": "text",
        "text": "Balance sheet",
        "bbox": [
            179,
            290,
            304,
            303
        ],
        "page_idx": 1
    },
    {
        "type": "text",
        "text": "Cash flow statement",
        "bbox": [
            179,
            304,
            359,
            319
        ],
        "page_idx": 1
    },
    {
        "type": "text",
        "text": "Closing rate",
        "bbox": [
            179,
            321,
            286,
            335
        ],
        "page_idx": 1
    },
    {
        "type": "text",
        "text": "Consolidated reserves",
        "bbox": [
            179,
            338,
            374,
            351
        ],
        "page_idx": 1
    },
    {
        "type": "text",
        "text": "Consolidation",
        "bbox": [
            179,
            354,
            304,
            366
        ],
        "page_idx": 1
    },
    {
        "type": "text",
        "text": "Consolidation bundle",
        "bbox": [
            179,
            369,
            361,
            384
        ],
        "page_idx": 1
    },
    {
        "type": "text",
        "text": "Consolidation scope",
        "bbox": [
            179,
            385,
            355,
            400
        ],
        "page_idx": 1
    },
    {
        "type": "text",
        "text": "Control percentage",
        "bbox": [
            179,
            403,
            346,
            416
        ],
        "page_idx": 1
    },
    {
        "type": "text",
        "text": "Currency rate",
        "bbox": [
            179,
            419,
            301,
            434
        ],
        "page_idx": 1
    },
    {
        "type": "text",
        "text": "Currency translation",
        "bbox": [
            179,
            435,
            357,
            450
        ],
        "page_idx": 1
    },
    {
        "type": "text",
        "text": "Currency translation adjustments",
        "bbox": [
            179,
            452,
            466,
            466
        ],
        "page_idx": 1
    },
    {
        "type": "text",
        "text": "Deconsolidation",
        "bbox": [
            179,
            468,
            323,
            481
        ],
        "page_idx": 1
    },
    {
        "type": "text",
        "text": "Disposal",
        "bbox": [
            179,
            484,
            261,
            499
        ],
        "page_idx": 1
    },
    {
        "type": "text",
        "text": "Elimination",
        "bbox": [
            179,
            500,
            282,
            513
        ],
        "page_idx": 1
    },
    {
        "type": "text",
        "text": "Equity method",
        "bbox": [
            179,
            516,
            310,
            531
        ],
        "page_idx": 1
    },
    {
        "type": "text",
        "text": "Financial investment",
        "bbox": [
            179,
            533,
            366,
            546
        ],
        "page_idx": 1
    },
    {
        "type": "text",
        "text": "Financial percentage",
        "bbox": [
            179,
            549,
            366,
            564
        ],
        "page_idx": 1
    },
    {
        "type": "text",
        "text": "Flow",
        "bbox": [
            179,
            565,
            229,
            578
        ],
        "page_idx": 1
    },
    {
        "type": "text",
        "text": "Global integration method",
        "bbox": [
            179,
            581,
            408,
            596
        ],
        "page_idx": 1
    },
    {
        "type": "text",
        "text": "Goodwill",
        "bbox": [
            179,
            597,
            263,
            612
        ],
        "page_idx": 1
    },
    {
        "type": "text",
        "text": "Goodwill allocation",
        "bbox": [
            179,
            614,
            349,
            627
        ],
        "page_idx": 1
    },
    {
        "type": "text",
        "text": "Historical rate",
        "bbox": [
            179,
            630,
            306,
            643
        ],
        "page_idx": 1
    },
    {
        "type": "text",
        "text": "Income statement",
        "bbox": [
            179,
            646,
            344,
            659
        ],
        "page_idx": 1
    },
    {
        "type": "text",
        "text": "Indirect percentage",
        "bbox": [
            179,
            662,
            355,
            677
        ],
        "page_idx": 1
    },
    {
        "type": "text",
        "text": "Intercompany account",
        "bbox": [
            179,
            678,
            379,
            693
        ],
        "page_idx": 1
    },
    {
        "type": "text",
        "text": "Liquidation",
        "bbox": [
            179,
            696,
            286,
            709
        ],
        "page_idx": 1
    },
    {
        "type": "text",
        "text": "Merge",
        "bbox": [
            179,
            712,
            244,
            726
        ],
        "page_idx": 1
    },
    {
        "type": "text",
        "text": "Minority interests",
        "bbox": [
            179,
            727,
            338,
            742
        ],
        "page_idx": 1
    },
    {
        "type": "text",
        "text": "Notes to the accounts",
        "bbox": [
            179,
            743,
            376,
            756
        ],
        "page_idx": 1
    },
    {
        "type": "text",
        "text": "Own shares",
        "bbox": [
            179,
            759,
            293,
            774
        ],
        "page_idx": 1
    },
    {
        "type": "text",
        "text": "P&L",
        "bbox": [
            179,
            776,
            229,
            789
        ],
        "page_idx": 1
    },
    {
        "type": "text",
        "text": "Proportional integration method",
        "bbox": [
            179,
            792,
            460,
            807
        ],
        "page_idx": 1
    },
    {
        "type": "text",
        "text": "Statutory accounts",
        "bbox": [
            179,
            808,
            351,
            823
        ],
        "page_idx": 1
    },
    {
        "type": "text",
        "text": "Subgroup",
        "bbox": [
            179,
            824,
            274,
            840
        ],
        "page_idx": 1
    },
    {
        "type": "text",
        "text": "Subsidiary",
        "bbox": [
            179,
            840,
            282,
            855
        ],
        "page_idx": 1
    },
    {
        "type": "text",
        "text": "Nederlandst",
        "text_level": 2,
        "bbox": [
            498,
            173,
            603,
            188
        ],
        "page_idx": 1
    },
    {
        "type": "text",
        "text": "Derden",
        "bbox": [
            498,
            191,
            563,
            204
        ],
        "page_idx": 1
    },
    {
        "type": "text",
        "text": "Absorptie",
        "bbox": [
            498,
            207,
            580,
            220
        ],
        "page_idx": 1
    },
    {
        "type": "text",
        "text": "Acquisitie",
        "bbox": [
            498,
            223,
            584,
            237
        ],
        "page_idx": 1
    },
    {
        "type": "text",
        "text": "Herwerkingen",
        "bbox": [
            498,
            240,
            618,
            254
        ],
        "page_idx": 1
    },
    {
        "type": "text",
        "text": "Gemiddelde koers",
        "bbox": [
            498,
            254,
            655,
            268
        ],
        "page_idx": 1
    },
    {
        "type": "text",
        "text": "Badwill",
        "bbox": [
            498,
            270,
            561,
            285
        ],
        "page_idx": 1
    },
    {
        "type": "text",
        "text": "Balans",
        "bbox": [
            498,
            288,
            558,
            300
        ],
        "page_idx": 1
    },
    {
        "type": "text",
        "text": "Kasstroomlabel",
        "bbox": [
            498,
            303,
            635,
            316
        ],
        "page_idx": 1
    },
    {
        "type": "text",
        "text": "Slotkoers",
        "bbox": [
            498,
            319,
            582,
            332
        ],
        "page_idx": 1
    },
    {
        "type": "text",
        "text": "Geconsolideerde reserves",
        "bbox": [
            498,
            335,
            723,
            349
        ],
        "page_idx": 1
    },
    {
        "type": "text",
        "text": "Consolidatie",
        "bbox": [
            498,
            351,
            610,
            365
        ],
        "page_idx": 1
    },
    {
        "type": "text",
        "text": "Consolidatiebundel",
        "bbox": [
            498,
            368,
            665,
            382
        ],
        "page_idx": 1
    },
    {
        "type": "text",
        "text": "Consolidatiekring",
        "bbox": [
            498,
            384,
            653,
            399
        ],
        "page_idx": 1
    },
    {
        "type": "text",
        "text": "Controlepercentage",
        "bbox": [
            498,
            400,
            670,
            416
        ],
        "page_idx": 1
    },
    {
        "type": "text",
        "text": "Wisselkoers",
        "bbox": [
            498,
            418,
            610,
            430
        ],
        "page_idx": 1
    },
    {
        "type": "text",
        "text": "Wisselkoersomrekeningen",
        "bbox": [
            498,
            432,
            730,
            447
        ],
        "page_idx": 1
    },
    {
        "type": "text",
        "text": "Wisselkoersomrekeningsverschillen",
        "bbox": [
            498,
            447,
            805,
            462
        ],
        "page_idx": 1
    },
    {
        "type": "text",
        "text": "Deconsolidatie",
        "bbox": [
            498,
            465,
            629,
            478
        ],
        "page_idx": 1
    },
    {
        "type": "text",
        "text": "Overdracht",
        "bbox": [
            498,
            481,
            601,
            494
        ],
        "page_idx": 1
    },
    {
        "type": "text",
        "text": "Eliminate",
        "bbox": [
            498,
            497,
            588,
            511
        ],
        "page_idx": 1
    },
    {
        "type": "text",
        "text": "Vermogensmutatiemethode",
        "bbox": [
            498,
            513,
            740,
            528
        ],
        "page_idx": 1
    },
    {
        "type": "text",
        "text": "Participation",
        "bbox": [
            498,
            530,
            601,
            544
        ],
        "page_idx": 1
    },
    {
        "type": "text",
        "text": "Financial percentage",
        "bbox": [
            498,
            547,
            693,
            562
        ],
        "page_idx": 1
    },
    {
        "type": "text",
        "text": "Stroom",
        "bbox": [
            498,
            564,
            567,
            575
        ],
        "page_idx": 1
    },
    {
        "type": "text",
        "text": "Globale integratiemethode",
        "bbox": [
            498,
            578,
            730,
            594
        ],
        "page_idx": 1
    },
    {
        "type": "text",
        "text": "Goodwill",
        "bbox": [
            501,
            596,
            578,
            608
        ],
        "page_idx": 1
    },
    {
        "type": "text",
        "text": "Toewijzing van goodwill",
        "bbox": [
            501,
            611,
            708,
            625
        ],
        "page_idx": 1
    },
    {
        "type": "text",
        "text": "Historische koers",
        "bbox": [
            501,
            628,
            653,
            640
        ],
        "page_idx": 1
    },
    {
        "type": "text",
        "text": "Resultatenrekening",
        "bbox": [
            501,
            643,
            672,
            659
        ],
        "page_idx": 1
    },
    {
        "type": "text",
        "text": "Indirect percentage",
        "bbox": [
            501,
            659,
            670,
            675
        ],
        "page_idx": 1
    },
    {
        "type": "text",
        "text": "Intragroepsrekening",
        "bbox": [
            501,
            677,
            676,
            692
        ],
        "page_idx": 1
    },
    {
        "type": "text",
        "text": "Liquidatie",
        "bbox": [
            501,
            693,
            591,
            706
        ],
        "page_idx": 1
    },
    {
        "type": "text",
        "text": "Fusie",
        "bbox": [
            501,
            709,
            554,
            721
        ],
        "page_idx": 1
    },
    {
        "type": "text",
        "text": "Minderheitsbelangen",
        "bbox": [
            501,
            724,
            691,
            739
        ],
        "page_idx": 1
    },
    {
        "type": "text",
        "text": "Toelichting van de rekeningen",
        "bbox": [
            501,
            740,
            764,
            755
        ],
        "page_idx": 1
    },
    {
        "type": "text",
        "text": "Eigen aandelen",
        "bbox": [
            501,
            756,
            642,
            771
        ],
        "page_idx": 1
    },
    {
        "type": "text",
        "text": "Resultatenrekening",
        "bbox": [
            501,
            774,
            674,
            789
        ],
        "page_idx": 1
    },
    {
        "type": "text",
        "text": "Proportioneleintegratiemethode",
        "bbox": [
            501,
            790,
            779,
            804
        ],
        "page_idx": 1
    },
    {
        "type": "text",
        "text": "Statutaire rekeningen",
        "bbox": [
            501,
            805,
            691,
            821
        ],
        "page_idx": 1
    },
    {
        "type": "text",
        "text": "Subgroep",
        "bbox": [
            501,
            823,
            591,
            837
        ],
        "page_idx": 1
    },
    {
        "type": "text",
        "text": "Dochteronderneming",
        "bbox": [
            501,
            839,
            689,
            854
        ],
        "page_idx": 1
    },
    {
        "type": "header",
        "text": "PART 8 INTERNATIONAL CONSOLIDATION GLOSSARY",
        "bbox": [
            263,
            72,
            856,
            89
        ],
        "page_idx": 1
    },
    {
        "type": "table",
        "img_path": "images/a4ea191b7ec34e2c4b64492d34b5f8a6c5b1c7b661362f272ddde5b838cf864a.jpg",
        "table_caption": [
            "3 ENGLISH / GERMAN"
        ],
        "table_footnote": [],
        "table_body": "<table><tr><td>English</td><td>German</td></tr><tr><td>3rd PartiesAbsorptionAcquisitionAdjustmentsAverage rateBadwillBalance sheetCash flow statementClosing rateConsolidated reservesConsolidationConsolidation bundleConsolidation scopeControl percentageCurrency rateCurrency translationCurrency translation adjustmentsDeconsolidationDisposalEliminationEquity methodFinancial investmentFinancial percentageFlowGlobal integration methodGoodwillGoodwill allocationHistorical rateIncome statementIndirect percentageIntercompany accountLiquidationMergeMinority interestsNotes to the accountsOwn sharesP&amp;LProportional integration methodStatutory accountsSubgroupSubsidiary</td><td>Dritte ParteienAbsorptionAkquisitionAnpassungenMittelkursBadwillBilanzKapitalflussrechnungSchlusskursKonsolidierte ReservenKonsolidierungKonsolidierungsbündelKonsolidierungskreisKontrollprozentsatzWährungskursWahrungsumrechnungWahrungsumrechnungsdifferenzenDekonsolidierungÜbertragungEliminierungEquity-MethodeFinanzinvestitionFinanzieller ProzentsatzFlussGlobale IntegrationsmethodeGoodwillZuweisung von GoodwillHistorischer KursErgebnisrechnungErgebnisrechnungIndirekter ProzentsatzKostenabrechnungskontoLiquidationFusionMinderheitsbeteiligungAnhang zur BilanzEigene AktienErgebnisrechnungProportionale IntegrationsmethodeSatzungsmäßige KontenUntergruppeTochterunternehmen</td></tr></table>",
        "bbox": [
            192,
            161,
            822,
            843
        ],
        "page_idx": 2
    },
    {
        "type": "header",
        "text": "DIRECT CONSOLIDATION",
        "bbox": [
            118,
            68,
            366,
            82
        ],
        "page_idx": 2
    },
    {
        "type": "text",
        "text": "4",
        "text_level": 1,
        "bbox": [
            96,
            123,
            122,
            144
        ],
        "page_idx": 3
    },
    {
        "type": "text",
        "text": "ENGLISH / ITALIAN",
        "text_level": 1,
        "bbox": [
            218,
            122,
            561,
            147
        ],
        "page_idx": 3
    },
    {
        "type": "table",
        "img_path": "images/a894167588df4f46c8335062867fd1f739c31267aab914b2f994ecd2b0aaa134.jpg",
        "table_caption": [],
        "table_footnote": [],
        "table_body": "<table><tr><td>English</td><td>Italiano</td></tr><tr><td>3rd Parties</td><td>Azionisti di minoranza</td></tr><tr><td>Absorption</td><td>Assorbimento</td></tr><tr><td>Acquisition</td><td>Acquisizione</td></tr><tr><td>Adjustments</td><td>Rettifiche</td></tr><tr><td>Average rate</td><td>Cambio medio</td></tr><tr><td>Badwill</td><td>Differenza negativa da consolidamento</td></tr><tr><td>Balance sheet</td><td>Stato Patrimoniale</td></tr><tr><td>Cash flow statement</td><td>Rendiconto finanziario</td></tr><tr><td>Closing rate</td><td>Cambio di chiusura</td></tr><tr><td>Consolidated reserves</td><td>Riserve consolidate</td></tr><tr><td>Consolidation</td><td>Consolidamento</td></tr><tr><td>Consolidation bundle</td><td>Fascicolo di consolidamento</td></tr><tr><td>Consolidation scope</td><td>Area di consolidamento</td></tr><tr><td>Control percentage</td><td>Percentuale di controllo</td></tr><tr><td>Currency rate</td><td>Tasso dichio</td></tr><tr><td>Currency translation</td><td>Traduzione monetaria</td></tr><tr><td>Currency translation adjustments</td><td>Differenze di traduzione monetaria</td></tr><tr><td>Deconsolidation</td><td>Deconsolidamento</td></tr><tr><td>Disposal</td><td>Cessione</td></tr><tr><td>Elimination</td><td>Eliminazione</td></tr><tr><td>Equity method</td><td>Metodo del patrimonio netto</td></tr><tr><td>Financial investment</td><td>Partecipazione</td></tr><tr><td>Financial percentage</td><td>Percentuale finanziaria</td></tr><tr><td>Flow</td><td>Flusso</td></tr><tr><td>Global integration method</td><td>Metodo di consolidamento integrale</td></tr><tr><td>Goodwill</td><td>Differenza da consolidamento</td></tr><tr><td>Goodwill allocation</td><td>Allocazione della differenza da consolidamento</td></tr><tr><td>Historical rate</td><td>Cambio storico</td></tr><tr><td>Income statement</td><td>Conto economico</td></tr><tr><td>Indirect percentage</td><td>Percentuale indiretta</td></tr><tr><td>Intercompany account</td><td>Conto infragruppo</td></tr><tr><td>Liquidation</td><td>Liquidazione</td></tr><tr><td>Merge</td><td>Fusione</td></tr><tr><td>Minority interests</td><td>Interessenze di terzi</td></tr><tr><td>Notes to the accounts</td><td>Nota integrativa</td></tr><tr><td>Own shares</td><td>Azioni proprie</td></tr><tr><td>P&amp;L</td><td>Conto economico</td></tr><tr><td>Proportional integration method</td><td>Metodo di consolidamento proportionale</td></tr><tr><td>Statutory accounts</td><td>Bilancio</td></tr><tr><td>Subgroup</td><td>Sub-holding</td></tr><tr><td>Subsidiary</td><td>Societa controllata</td></tr></table>",
        "bbox": [
            137,
            162,
            884,
            771
        ],
        "page_idx": 3
    },
    {
        "type": "header",
        "text": "PART 8 INTERNATIONAL CONSOLIDATION GLOSSARY",
        "bbox": [
            263,
            72,
            854,
            89
        ],
        "page_idx": 3
    },
    {
        "type": "page_number",
        "text": "487",
        "bbox": [
            471,
            924,
            516,
            939
        ],
        "page_idx": 3
    },
    {
        "type": "text",
        "text": "5",
        "text_level": 1,
        "bbox": [
            118,
            122,
            144,
            144
        ],
        "page_idx": 4
    },
    {
        "type": "text",
        "text": "ENGLISH /SPANISH",
        "text_level": 1,
        "bbox": [
            239,
            122,
            591,
            147
        ],
        "page_idx": 4
    },
    {
        "type": "table",
        "img_path": "images/1e62d848b5460af096f94cacc570255e293732f0e8394abe3c81a3a8babb5bcd.jpg",
        "table_caption": [],
        "table_footnote": [],
        "table_body": "<table><tr><td>English</td><td>Espanol</td></tr><tr><td>3rd PartiesAbsorptionAcquisitionAdjustmentsAverage rateBadwillBalance sheetCash flow statementClosing rateConsolidated reservesConsolidationConsolidation bundleConsolidation scopeControl percentageCurrency rateCurrency translationCurrency translation adjustmentsDeconsolidationDisposalEliminationEquity methodFinancial investmentFinancial percentageFlowGlobal integration methodGoodwillGoodwill allocationHistorical rateIncome statementIndirect percentageIntercompany accountLiquidationMergeMinority interestsNotes to the accountsOwn sharesP&amp;LProportional integration methodStatutory accountsSubgroupSubsidiary</td><td>TercerosAbsorcionAdquisicionAjustesCambio medioBadwillBalance de situacion Cuadro de los flujos de tesoreriaCambio de cierreReservas consolidadasConsolidacionMedidas de consolidacionÁmbito de la consolidaciónPorcentaje de control Tipo de cambioConversion de monedaAJustes de conversion de monedaDesconsolidacionCesionEliminaciónMétodo de.puesta en equivalenciaInversion financieraPorcentaje financieroFlujoMétodo de integración globalFondo de commercioAsignacion de fondos de commercioTasa historicaCuenta de resultadosPorcentaje indirectoCuentainteremployarialLiquidaciónFusionIntereses minoritariosAnexos de lasCNTAsAcciones propiasCuentadereturnadosMétodo de integrazione proportionalCuentas estatuariasSubgrupofFilial</td></tr></table>",
        "bbox": [
            194,
            171,
            832,
            852
        ],
        "page_idx": 4
    },
    {
        "type": "header",
        "text": "DIRECT CONSOLIDATION",
        "bbox": [
            118,
            68,
            370,
            83
        ],
        "page_idx": 4
    },
    {
        "type": "text",
        "text": "6 ENGLISH / CHINESE",
        "text_level": 1,
        "bbox": [
            103,
            122,
            571,
            147
        ],
        "page_idx": 5
    },
    {
        "type": "table",
        "img_path": "images/4e4bc3db50ef8e5c405bcae83c43ddc72b7c024d9308eb131cb8b8e2f53359aa.jpg",
        "table_caption": [],
        "table_footnote": [],
        "table_body": "<table><tr><td>English</td><td>华语</td></tr><tr><td>3rd Parties</td><td>第三方</td></tr><tr><td>Absorption</td><td>吸收</td></tr><tr><td>Acquisition</td><td>购置</td></tr><tr><td>Adjustments</td><td>调整</td></tr><tr><td>Average rate</td><td>平均汇率</td></tr><tr><td>Badwill</td><td></td></tr><tr><td>Balance sheet</td><td>资产负债表</td></tr><tr><td>Cash flow statement</td><td>现金流量表</td></tr><tr><td>Closing rate</td><td>期末汇率</td></tr><tr><td>Consolidated reserves</td><td>合并储备</td></tr><tr><td>Consolidation</td><td>合并</td></tr><tr><td>Consolidation bundle</td><td>合并数据包</td></tr><tr><td>Consolidation scope</td><td>合并范围</td></tr><tr><td>Control percentage</td><td>控制股权比例</td></tr><tr><td>Currency rate</td><td>汇率</td></tr><tr><td>Currency translation</td><td>货币换算</td></tr><tr><td>Currency translation adjustments</td><td>货币换算调整</td></tr><tr><td>Deconsolidation</td><td>拆分</td></tr><tr><td>Disposal</td><td>处置</td></tr><tr><td>Elimination</td><td>抵消</td></tr><tr><td>Equity method</td><td>权益法</td></tr><tr><td>Financial investment</td><td>金融投资</td></tr><tr><td>Financial percentage</td><td>财务权比例</td></tr><tr><td>Flow</td><td>ML</td></tr><tr><td>Global integration method</td><td>全球整合法</td></tr><tr><td>Goodwill</td><td>商誉</td></tr><tr><td>Goodwill allocation</td><td>商誉分配</td></tr><tr><td>Historical rate</td><td>历史汇率</td></tr><tr><td>Income statement</td><td>收入表</td></tr><tr><td>Indirect percentage</td><td>间接的百分比</td></tr><tr><td>Intercompany account</td><td>内部往来帐户</td></tr><tr><td>Liquidation</td><td>清算</td></tr><tr><td>Merge</td><td>合并</td></tr><tr><td>Minority interests</td><td>少数股东权益</td></tr><tr><td>Notes to the accounts</td><td>附注账户</td></tr><tr><td>Own shares</td><td>拥有股</td></tr><tr><td>P&amp;L</td><td>损益</td></tr><tr><td>Proportional integration method</td><td>比例积分法</td></tr><tr><td>Statutory accounts</td><td>法定账户</td></tr><tr><td>Subgroup</td><td>子集团</td></tr><tr><td>Subsidiary</td><td>子公司</td></tr></table>",
        "bbox": [
            219,
            159,
            721,
            868
        ],
        "page_idx": 5
    },
    {
        "type": "header",
        "text": "PART 8 INTERNATIONAL CONSOLIDATION GLOSSARY",
        "bbox": [
            270,
            73,
            854,
            89
        ],
        "page_idx": 5
    },
    {
        "type": "text",
        "text": "7 ENGLISH/MALAYSIAN",
        "text_level": 1,
        "bbox": [
            119,
            125,
            634,
            149
        ],
        "page_idx": 6
    },
    {
        "type": "table",
        "img_path": "images/bc78cacf997de76911902d5b04a7ad2b03712e4870b64f5429de825539cc2a1f.jpg",
        "table_caption": [],
        "table_footnote": [],
        "table_body": "<table><tr><td>English</td><td>Bahasa Melayu</td></tr><tr><td>3rd Parties</td><td>Pihak Ketiga</td></tr><tr><td>Absorption</td><td>Penyerapan</td></tr><tr><td>Acquisition</td><td>Pengambialihan</td></tr><tr><td>Adjustments</td><td>Pelarasan</td></tr><tr><td>Average rate</td><td>Kadar Purata</td></tr><tr><td>Badwill</td><td>Muhibah Negatif</td></tr><tr><td>Balance sheet</td><td>Kunci Kira-Kira/ Penyata-PenyataKedudukan Kewangan</td></tr><tr><td>Cash flow statement</td><td>Penyata-Penyata Aliran Tunai</td></tr><tr><td>Closing rate</td><td>Kadar Penutp</td></tr><tr><td>Consolidated reserves</td><td>Rizab Penyatuan</td></tr><tr><td>Consolidation</td><td>Penyatuan</td></tr><tr><td>Consolidation bundle</td><td>Berkas Penyatuan</td></tr><tr><td>Consolidation scope</td><td>Skop Penyatuan</td></tr><tr><td>Control percentage</td><td>Peratus Kawalan</td></tr><tr><td>Currency rate</td><td>Kadar Pertukaran Matawang Asing</td></tr><tr><td>Currency translation</td><td>Pertukaran matawang asing</td></tr><tr><td>Currency translation adjustments</td><td>Pelarasan pertukaran matawang asing</td></tr><tr><td>Deconsolidation</td><td>Pemisahan</td></tr><tr><td>Disposal</td><td>Pelupusan</td></tr><tr><td>Elimination</td><td>Penyingkiran</td></tr><tr><td>Equity method</td><td>Perakaunan Ekuiti</td></tr><tr><td>Financial investment</td><td>Pelaburan Aset Kewangan</td></tr><tr><td>Financial percentage</td><td>Peratus Aset Kawalan</td></tr><tr><td>Flow</td><td>Aliran</td></tr><tr><td>Global integration method</td><td>Penyatuan Global</td></tr><tr><td>Goodwill</td><td>Muhibah</td></tr><tr><td>Goodwill allocation</td><td>Peruntukan Muhibah</td></tr><tr><td>Historical rate</td><td>Kadar Sejarah</td></tr><tr><td>Income statement</td><td>Penyata Pendidatan/Penyata-penyata Pendidatan Komprehensif</td></tr><tr><td>Indirect percentage</td><td>Peratusan Tidak Langsung</td></tr><tr><td>Intercompany account</td><td>Akaun antara Kumpulan</td></tr><tr><td>Liquidation</td><td>Pembubaran</td></tr><tr><td>Merge</td><td>Penggabungan</td></tr><tr><td>Minority interests</td><td>Kepentinganbukan kawalan/Kepentingan Minoriti</td></tr><tr><td>Notes to the accounts</td><td>Nota-Nota Kepada Penyata Kewangan</td></tr><tr><td>Own shares</td><td>Saham Dimiliki</td></tr><tr><td>P&amp;L</td><td>Untung Rugi</td></tr><tr><td>Proportional integration method</td><td>Penyatuanberkadar</td></tr><tr><td>Statutory accounts</td><td>Akaun Berkanun</td></tr><tr><td>Subgroup</td><td>Subkumpulan</td></tr><tr><td>Subsidiary</td><td>Subsidiari</td></tr></table>",
        "bbox": [
            123,
            168,
            886,
            771
        ],
        "page_idx": 6
    },
    {
        "type": "header",
        "text": "DIRECT CONSOLIDATION",
        "bbox": [
            119,
            70,
            365,
            84
        ],
        "page_idx": 6
    },
    {
        "type": "page_number",
        "text": "490",
        "bbox": [
            478,
            922,
            523,
            938
        ],
        "page_idx": 6
    },
    {
        "type": "text",
        "text": "8 ENGLISH / ARABIC",
        "text_level": 1,
        "bbox": [
            103,
            122,
            550,
            147
        ],
        "page_idx": 7
    },
    {
        "type": "table",
        "img_path": "images/7454b2f7a93da4997d348ccbb26aacafd09ce56d8a6b5f15d92fe111c13ffa1a.jpg",
        "table_caption": [],
        "table_footnote": [],
        "table_body": "<table><tr><td>English</td><td>Arabic</td></tr><tr><td>3rd Parties</td><td>الإستعمال</td></tr><tr><td>Absorption</td><td>الإستعمال</td></tr><tr><td>Acquisition</td><td>الإستعمال</td></tr><tr><td>Adjustments</td><td>الإستعمال</td></tr><tr><td>Average rate</td><td>ال,enough</td></tr><tr><td>Badwill</td><td>ال,enough</td></tr><tr><td>Balance sheet</td><td>ال,enough</td></tr><tr><td>Cash flow statement</td><td>ال,enough</td></tr><tr><td>Closing rate</td><td>ال,enough</td></tr><tr><td>Consolidated reserves</td><td>ال,enough</td></tr><tr><td>Consolidation</td><td></td></tr><tr><td>Consolidationbundle</td><td>ال,enough</td></tr><tr><td>Consolidationscope</td><td>ال,enough</td></tr><tr><td>Control percentage</td><td>ال,enough</td></tr><tr><td>Currency rate</td><td>ال,enough</td></tr><tr><td>Currency translation</td><td>ال,enough</td></tr><tr><td>Currency translation adjustments</td><td>ال,enough</td></tr><tr><td>Deconsolidation</td><td>ال,enough</td></tr><tr><td>Disposal</td><td>ال,enough</td></tr><tr><td>Elimination</td><td>ال,enough</td></tr><tr><td>Equity method</td><td>ال,enough</td></tr><tr><td>Financial investment</td><td>ال,enough</td></tr><tr><td>Financial percentage</td><td>ال,enough</td></tr><tr><td>Flow</td><td>ال,enough</td></tr><tr><td>Global integration method</td><td>ال,enough</td></tr><tr><td>Goodwill</td><td>ال,enough</td></tr><tr><td>Goodwill allocation</td><td>ال,enough</td></tr><tr><td>Historical rate</td><td>ال,enough</td></tr><tr><td>Income statement</td><td>ال,enough</td></tr><tr><td>Indirect percentage</td><td>ال,enough</td></tr><tr><td>Intercompany account</td><td>ال,enough</td></tr><tr><td>Liquidation</td><td>ال,enough</td></tr><tr><td>Merge</td><td>ال,enough</td></tr><tr><td>Minority interests</td><td>ال,enough</td></tr><tr><td>Notes to the accounts</td><td>ال,enough</td></tr><tr><td>Own shares</td><td>ال,enough</td></tr><tr><td>P&amp;L</td><td>ال,enough</td></tr><tr><td>Proportional integration method</td><td>ال,enough</td></tr><tr><td>Statutory accounts</td><td>ال,enough</td></tr><tr><td>Subgroup</td><td>ال,enough</td></tr><tr><td>Subsidiary</td><td>ال,enough</td></tr></table>",
        "bbox": [
            177,
            165,
            763,
            849
        ],
        "page_idx": 7
    },
    {
        "type": "header",
        "text": "PART 8 INTERNATIONAL CONSOLIDATION GLOSSARY",
        "bbox": [
            270,
            73,
            854,
            90
        ],
        "page_idx": 7
    },
    {
        "type": "text",
        "text": "PART 1 ONCE UPON A TIME ... THE CONSOLIDATION 5",
        "text_level": 1,
        "bbox": [
            99,
            120,
            866,
            137
        ],
        "page_idx": 8
    },
    {
        "type": "text",
        "text": "1 The slow evolution of consolidation requirements 6",
        "text_level": 2,
        "bbox": [
            101,
            153,
            866,
            169
        ],
        "page_idx": 8
    },
    {
        "type": "list",
        "sub_type": "text",
        "list_items": [
            "1.1 The 1970s: The pencil and eraser age",
            "1.2 The 1980s: The beginnings of the computer age 9",
            "1.3 The 1990s: The search for a miracle solution 10",
            "1.4 The 2000s: Y2K and IFRS. 13"
        ],
        "bbox": [
            125,
            171,
            864,
            232
        ],
        "page_idx": 8
    },
    {
        "type": "text",
        "text": "2 What can we expect in the future? 15",
        "text_level": 2,
        "bbox": [
            101,
            253,
            866,
            267
        ],
        "page_idx": 8
    },
    {
        "type": "list",
        "sub_type": "text",
        "list_items": [
            "2.1 The structure of the data to consolidate and its processing in consolidation 15",
            "2.2 The reconciliation of inter-company balances: is there hope? 16",
            "2.3 IFRS and Local Gaap 18",
            "2.4 Statutory consolidation and reporting: unified consolidation 19",
            "2.5 Group structure 20",
            "2.6 Financial communication 21",
            "2.7 Impact of future technological changes on consolidation 22"
        ],
        "bbox": [
            125,
            270,
            864,
            396
        ],
        "page_idx": 8
    },
    {
        "type": "text",
        "text": "3 Conclusion 23",
        "text_level": 2,
        "bbox": [
            101,
            415,
            866,
            430
        ],
        "page_idx": 8
    },
    {
        "type": "text",
        "text": "PART 2 BASICS OF CONSOLIDATION TECHNIQUES 25",
        "text_level": 1,
        "bbox": [
            101,
            456,
            866,
            472
        ],
        "page_idx": 8
    },
    {
        "type": "text",
        "text": "1 THE ECONOMICAL. FINANCIAL AND LEGAL CONTEXT OF THE CONSOLIDATION 26",
        "text_level": 2,
        "bbox": [
            101,
            491,
            866,
            522
        ],
        "page_idx": 8
    },
    {
        "type": "list",
        "sub_type": "text",
        "list_items": [
            "1.1 Groups of companies 26",
            "1.2 Financial consolidation statements 27",
            "1.3 Consolidation: Useful information? 28"
        ],
        "bbox": [
            127,
            524,
            866,
            569
        ],
        "page_idx": 8
    },
    {
        "type": "text",
        "text": "2 CONSOLIDATION: A STEP BY STEP PROCESS 29",
        "text_level": 2,
        "bbox": [
            101,
            588,
            866,
            603
        ],
        "page_idx": 8
    },
    {
        "type": "list",
        "sub_type": "text",
        "list_items": [
            "2.1 Step 1: Identify the companies to include in the consolidation scope 30",
            "2.2 Step 2: Collect the information from each company correctly and in time 31",
            "2.3 Step 3: Translate all the information received into the consolidation currency 32",
            "2.4 Step 4: Identify all intercompany differences and ask for explanations 33",
            "2.5 Step 5: Book all necessary consolidation adjustments depending on group situation and consolidation rules 33",
            "2.6 Step 6: Process all necessary eliminations to get a consolidated set of information 35",
            "2.7 Step 7: Report consolidated figures to all addressees.. 36"
        ],
        "bbox": [
            125,
            606,
            864,
            814
        ],
        "page_idx": 8
    },
    {
        "type": "text",
        "text": "3 CONTROL AND FINANCIAL PERCENTAGES 37",
        "text_level": 2,
        "bbox": [
            101,
            831,
            866,
            846
        ],
        "page_idx": 8
    },
    {
        "type": "list",
        "sub_type": "text",
        "list_items": [
            "3.1 The control percentage 37",
            "3.2 The financial percentage 40"
        ],
        "bbox": [
            125,
            849,
            864,
            879
        ],
        "page_idx": 8
    },
    {
        "type": "header",
        "text": "CONTENTS",
        "bbox": [
            728,
            71,
            851,
            87
        ],
        "page_idx": 8
    },
    {
        "type": "list",
        "sub_type": "text",
        "list_items": [
            "3.3 When different types of shares represent the capital of a company 42",
            "3.4 Some groups with more complex structures 43",
            "3.5 Control percentage - Financial percentage 47",
            "3.6 Algorithm to calculate indirect financial percentages in complex group structures 49"
        ],
        "bbox": [
            141,
            121,
            883,
            200
        ],
        "page_idx": 9
    },
    {
        "type": "text",
        "text": "4 THE CONSOLIDATION METHODS 52",
        "text_level": 2,
        "bbox": [
            120,
            219,
            883,
            235
        ],
        "page_idx": 9
    },
    {
        "type": "list",
        "sub_type": "text",
        "list_items": [
            "4.1 Global integration method 52",
            "4.2 Proportional integration method 54",
            "4.3 The equity method 57",
            "4.4 Consolidated reserves of a company 59",
            "4.5 Comparison between the different consolidation methods.. 61",
            "4.6 The value of a company from a consolidation point of view 62"
        ],
        "bbox": [
            141,
            235,
            883,
            332
        ],
        "page_idx": 9
    },
    {
        "type": "text",
        "text": "5 THE CONSOLIDATION TECHNIQUES. 63",
        "text_level": 2,
        "bbox": [
            120,
            349,
            883,
            364
        ],
        "page_idx": 9
    },
    {
        "type": "list",
        "sub_type": "text",
        "list_items": [
            "5.1 The technique of stage consolidation 64",
            "5.2 The direct consolidation technique 67",
            "5.3 Why applying a percentage on the investments when eliminating them?69"
        ],
        "bbox": [
            141,
            366,
            883,
            428
        ],
        "page_idx": 9
    },
    {
        "type": "text",
        "text": "6 THE CURRENCY TRANSLATION 70",
        "text_level": 3,
        "bbox": [
            120,
            446,
            883,
            462
        ],
        "page_idx": 9
    },
    {
        "type": "list",
        "sub_type": "text",
        "list_items": [
            "6.1 Currency translation principles 70",
            "6.2 Currency translation of a balance sheet and a P&L 72",
            "6.3 How do we consolidate foreign companies? 74",
            "6.4 Currency translation of flows? 77",
            "6.5 How to manage historical rates on the equity accounts? 78",
            "6.6 Consolidation adjustments in local currency 80"
        ],
        "bbox": [
            141,
            464,
            883,
            560
        ],
        "page_idx": 9
    },
    {
        "type": "text",
        "text": "7 INTERCOMPANY MATCHING ANALYSIS 82",
        "text_level": 2,
        "bbox": [
            120,
            576,
            883,
            592
        ],
        "page_idx": 9
    },
    {
        "type": "list",
        "sub_type": "text",
        "list_items": [
            "7.1 Some important principles about intercompany matching 82",
            "7.2 Intercompany matching adjustments: some examples 86"
        ],
        "bbox": [
            141,
            594,
            883,
            625
        ],
        "page_idx": 9
    },
    {
        "type": "text",
        "text": "8 CONSOLIDATION ADJUSTMENTS 92",
        "text_level": 2,
        "bbox": [
            120,
            642,
            883,
            658
        ],
        "page_idx": 9
    },
    {
        "type": "list",
        "sub_type": "text",
        "list_items": [
            "8.1 Methodology 92",
            "8.2 A company doesn't apply the group's rules in its statutory accounts 93",
            "8.3 Disposal of an asset between two companies. with a group profit .. 96",
            "8.4 Elimination of stocks margins 101",
            "8.5 Leasing not booked in balance sheet 104",
            "8.6 Deferred tax adjustments 107",
            "8.7 Elimination of dividends in a classical situation 112",
            "8.8 Elimination of dividends paid by a foreign company 117",
            "8.9 Elimination of interim dividends 123",
            "8.10 Statutory write-off of a consolidated financial investment 125",
            "8.11 Difference on opening reserves 127",
            "8.12 Acquisition of a company with a badwill 128",
            "8.13 Acquisition of a company with a goodwill 130"
        ],
        "bbox": [
            141,
            658,
            883,
            882
        ],
        "page_idx": 9
    },
    {
        "type": "header",
        "text": "DIRECT CONSOLIDATION",
        "bbox": [
            120,
            67,
            377,
            83
        ],
        "page_idx": 9
    }
]