[
    {
        "type": "list",
        "sub_type": "text",
        "list_items": [
            "- The figures published hide a very high degree of technicality, to such an extent that consolidators sometimes wonder if external observers are able to interpret them correctly",
            "- It's very debatable how well the objective of effective rule harmonisation is being met",
            "- The structure of the notes to the accounts means that they are not entirely comparable",
            "- An uneven skill level is found both in consolidation professionals and Auditors who sometimes find it difficult to stay abreast of shifting interpretations of IFRS rules."
        ],
        "bbox": [
            141,
            118,
            866,
            327
        ],
        "page_idx": 0
    },
    {
        "type": "text",
        "text": "The advent of IFRS clearly created competition. The leaders adopted IFRS standards, leaving no other options available and, sometimes, with a feeling of duty, whereas the other, unlisted groups in the pack wanted to retain national standards for a long time even though some of them did decide to break away.",
        "bbox": [
            103,
            342,
            866,
            424
        ],
        "page_idx": 0
    },
    {
        "type": "text",
        "text": "As for consolidation software packages, they adjusted to the IFRS requirements and the impact on functional changes turned out to be minor.",
        "bbox": [
            103,
            440,
            866,
            472
        ],
        "page_idx": 0
    },
    {
        "type": "text",
        "text": "Why?",
        "bbox": [
            103,
            487,
            163,
            503
        ],
        "page_idx": 0
    },
    {
        "type": "text",
        "text": "Because the move to IFRS standards, with a few exceptions, didn't involve the mechanics of consolidation per se, but rather the content of the statutory accounts of each company in the consolidation scope.",
        "bbox": [
            103,
            519,
            866,
            568
        ],
        "page_idx": 0
    },
    {
        "type": "text",
        "text": "During all of these years, the market maintained the confusion between IFRS as a consolidation problem and IFRS as an accounting issue.",
        "bbox": [
            103,
            585,
            866,
            617
        ],
        "page_idx": 0
    },
    {
        "type": "text",
        "text": "Software packages were impacted in terms of their parameters (chart of accounts, appendices), but not in their intrinsic functionality, or if so, only marginally.",
        "bbox": [
            103,
            632,
            866,
            680
        ],
        "page_idx": 0
    },
    {
        "type": "text",
        "text": "Did the software evolve over the decade?",
        "bbox": [
            103,
            696,
            510,
            711
        ],
        "page_idx": 0
    },
    {
        "type": "text",
        "text": "The main direction taken was again based on technology changes dictated by an increasing need to produce more reliable data faster.",
        "bbox": [
            103,
            729,
            866,
            761
        ],
        "page_idx": 0
    },
    {
        "type": "text",
        "text": "Revisiting or developing consolidation software couldn't be done without immediately integrating a web approach, with all of the accesses and portability that it presupposes.",
        "bbox": [
            103,
            775,
            866,
            825
        ],
        "page_idx": 0
    },
    {
        "type": "text",
        "text": "Not only did the traditional consolidation bundle make way to direct access to a centralised system by each company, consolidation functions themselves",
        "bbox": [
            103,
            841,
            866,
            872
        ],
        "page_idx": 0
    },
    {
        "type": "header",
        "text": "DIRECT CONSOLIDATION",
        "bbox": [
            105,
            65,
            360,
            81
        ],
        "page_idx": 0
    },
    {
        "type": "text",
        "text": "become accessible from any internet entry point, anywhere in the world and at any time.",
        "bbox": [
            105,
            115,
            872,
            147
        ],
        "page_idx": 1
    },
    {
        "type": "text",
        "text": "This approach, confirmed by Cloud Computing, tends to make the location of both data and the software used to process them invisible to users, and to improve performance.",
        "bbox": [
            105,
            163,
            875,
            212
        ],
        "page_idx": 1
    },
    {
        "type": "text",
        "text": "By the end of the decade, consolidators could finally do their work at any time of the night or day, from anywhere, even on holidays, and on the device of their choice, including a smartphone!",
        "bbox": [
            105,
            226,
            875,
            278
        ],
        "page_idx": 1
    },
    {
        "type": "text",
        "text": "This was huge progress since the time of the first service bureau consolidations in the early 1980s.",
        "bbox": [
            105,
            292,
            872,
            325
        ],
        "page_idx": 1
    },
    {
        "type": "text",
        "text": "Did unified consolidation finally fulfil its potential ten years later? There were clear convergences in functionality thanks to the comfort provided by tools increasingly in the public domain and also thanks to the expression of needs by groups which were becoming more uniform. Consolidation was bound to become a strategic planning tool rather than a simple picture of the past.",
        "bbox": [
            105,
            339,
            875,
            423
        ],
        "page_idx": 1
    },
    {
        "type": "text",
        "text": "2 What can we expect in the future?",
        "text_level": 1,
        "bbox": [
            105,
            456,
            815,
            480
        ],
        "page_idx": 1
    },
    {
        "type": "text",
        "text": "It would be very ambitious and risky on our side to consider the future of consolidation using the \"crystal ball\" approach. It would inevitably lead to some daydreaming.",
        "bbox": [
            105,
            502,
            875,
            551
        ],
        "page_idx": 1
    },
    {
        "type": "text",
        "text": "We'll approach the topic more realistically, taking into account different aspects of consolidation which still leave room for potential improvements in time and resource savings over the coming years.",
        "bbox": [
            105,
            566,
            875,
            614
        ],
        "page_idx": 1
    },
    {
        "type": "text",
        "text": "2.1 The structure of the data to consolidate and its processing in consolidation",
        "text_level": 2,
        "bbox": [
            105,
            648,
            809,
            693
        ],
        "page_idx": 1
    },
    {
        "type": "text",
        "text": "It's surprising to note that, virtually since the beginning of the 1980s, the information required for statutory consolidation has been presented in the same format, essentially:",
        "bbox": [
            105,
            713,
            875,
            762
        ],
        "page_idx": 1
    },
    {
        "type": "list",
        "sub_type": "text",
        "list_items": [
            "- Account balances",
            "- The detail of the balance of some of the accounts (financial investments and intercompanies mainly)",
            "- Variation items (flows)"
        ],
        "bbox": [
            146,
            778,
            870,
            872
        ],
        "page_idx": 1
    },
    {
        "type": "header",
        "text": "PART 1 ONCE UPON A TIME ... THE CONSOLIDATION",
        "bbox": [
            288,
            65,
            860,
            83
        ],
        "page_idx": 1
    },
    {
        "type": "text",
        "text": "Analytical dimensions of certain account balances.",
        "bbox": [
            148,
            115,
            673,
            131
        ],
        "page_idx": 2
    },
    {
        "type": "text",
        "text": "This is the case for different software packages from a given vendor and in the software of their competitors, sometimes even in very different locations.",
        "bbox": [
            110,
            147,
            875,
            180
        ],
        "page_idx": 2
    },
    {
        "type": "text",
        "text": "To such an extent that some software companies went as far as using the same coding as competing software on the pretext of providing greater convenience for their clients.",
        "bbox": [
            110,
            196,
            875,
            244
        ],
        "page_idx": 2
    },
    {
        "type": "text",
        "text": "In our opinion, this clearly means that there is currently convergence in the approach because it perfectly meets consolidation requirements.",
        "bbox": [
            110,
            260,
            872,
            292
        ],
        "page_idx": 2
    },
    {
        "type": "text",
        "text": "As a result, we don't see any significant improvement in data structure in the foreseeable future.",
        "bbox": [
            110,
            308,
            875,
            339
        ],
        "page_idx": 2
    },
    {
        "type": "text",
        "text": "Basic consolidation processing (eliminations) hasn't changed very much either since the early days of consolidation in the 1980s. There are, however, variations in some countries, but the best software on the market has included them as parameters.",
        "bbox": [
            110,
            355,
            875,
            420
        ],
        "page_idx": 2
    },
    {
        "type": "text",
        "text": "In this case too, and strictly in terms of statutory consolidation, the learning curve is becoming asymptotic and, therefore, we don't expect any revolutionary change in processing. Of course, we aren't immune to a complete, though highly unlikely, reworking with new principles the legislators may come up with.",
        "bbox": [
            110,
            437,
            875,
            516
        ],
        "page_idx": 2
    },
    {
        "type": "text",
        "text": "In conclusion, and to confirm these comments, execution times for consolidation processing are now measured in minutes, even for groups with hundreds of companies in their perimeter. This is no longer an area for consolidation optimisation in the future.",
        "bbox": [
            110,
            532,
            875,
            597
        ],
        "page_idx": 2
    },
    {
        "type": "text",
        "text": "2.2 The reconciliation of inter-company balances: is there hope?",
        "text_level": 2,
        "bbox": [
            110,
            632,
            826,
            674
        ],
        "page_idx": 2
    },
    {
        "type": "text",
        "text": "We feel that it is necessary to address briefly an area that has historically been a weak link in the consolidation process, that is, the reconciliation of inter-company balances.",
        "bbox": [
            110,
            696,
            875,
            743
        ],
        "page_idx": 2
    },
    {
        "type": "text",
        "text": "We have identified several invariable aspects of consolidation over the past forty years:",
        "bbox": [
            110,
            759,
            875,
            792
        ],
        "page_idx": 2
    },
    {
        "type": "text",
        "text": "- Regardless of the size of their perimeter, a majority of groups have an abnormally high number of unreconciled inter-company transactions which are recorded at a critical time in the process, that is, too late.",
        "bbox": [
            148,
            808,
            872,
            856
        ],
        "page_idx": 2
    },
    {
        "type": "header",
        "text": "DIRECT CONSOLIDATION",
        "bbox": [
            112,
            62,
            366,
            76
        ],
        "page_idx": 2
    },
    {
        "type": "list",
        "sub_type": "text",
        "list_items": [
            "- This often leads to big meetings during which, after giving out the bad grades, consolidation managers and their counterparts leave after agreeing to new and promising measures that are complied with during the next consolidation period, before old habits return.",
            "- Over the past four decades, the resources implemented to improve this situation have relied on setting up information flows, first using paper forms, then with spreadsheets and via email exchanges. Everyone inspects their own inter-company positions with their partners, although most of them are already correct. This is a waste of time resources.",
            "- With the arrival of ERP software and the resulting high degree of group centralisation, it was reasonable to expect greater effectiveness in the intercompany area. It enables transactions recorded in the accounting of a company related to another company of the same group to be automatically allocated in the accounts of that partner. What happens in practice is quite different: either groups don't acquire that option or they don't use it."
        ],
        "bbox": [
            141,
            118,
            875,
            426
        ],
        "page_idx": 3
    },
    {
        "type": "text",
        "text": "The hope that such situation develops positively in the future once again will find its sources in new technologies.",
        "bbox": [
            105,
            441,
            872,
            473
        ],
        "page_idx": 3
    },
    {
        "type": "text",
        "text": "Some software companies have developed inter-company balance reconciliation software based on internet communication properties combined with web software functionality that removes all geographical and time constraints.",
        "bbox": [
            105,
            489,
            875,
            554
        ],
        "page_idx": 3
    },
    {
        "type": "text",
        "text": "In practice, from the standpoint of principles, this means that:",
        "bbox": [
            105,
            568,
            716,
            587
        ],
        "page_idx": 3
    },
    {
        "type": "list",
        "sub_type": "text",
        "list_items": [
            "- All of the companies of a perimeter enter their intercompany positions via the web",
            "Information can be provided freely according to the level of detail available (balances or transaction amounts)",
            "- Companies can carry the reconciliation process at any time without any intervention from the consolidation managers and therefore understand the extent of their mutual disagreements",
            "- Reconciliation is deemed completed, with an explanation provided for residual differences, at a time decided by the group."
        ],
        "bbox": [
            144,
            601,
            872,
            796
        ],
        "page_idx": 3
    },
    {
        "type": "text",
        "text": "For the first time in forty years of dealing with the intercompany issue, not only do benefits appear important, but they are imbedded in the long run.",
        "bbox": [
            105,
            810,
            872,
            844
        ],
        "page_idx": 3
    },
    {
        "type": "header",
        "text": "PART 1 ONCE UPON A TIME ... THE CONSOLIDATION",
        "bbox": [
            288,
            71,
            860,
            87
        ],
        "page_idx": 3
    },
    {
        "type": "text",
        "text": "The right tool exists today. Groups must become aware of the benefits of making an investment in this respect, despite the overwhelming feeling of contributing to accounting errors in their companies and to an activity which is, when all is said and done, not directly profitable.",
        "bbox": [
            116,
            118,
            875,
            184
        ],
        "page_idx": 4
    },
    {
        "type": "text",
        "text": "Yet, this step must be taken to ensure optimisation of the consolidation process!",
        "bbox": [
            116,
            200,
            875,
            232
        ],
        "page_idx": 4
    },
    {
        "type": "text",
        "text": "2.3 IFRS and Local Gaap",
        "text_level": 2,
        "bbox": [
            118,
            266,
            470,
            289
        ],
        "page_idx": 4
    },
    {
        "type": "text",
        "text": "One of the main reasons for the technical difficulties arising from the consolidation process has always been the discontinuous nature of the process. Contrary to the accounting process, which is based on the transfer of balances brought forward, changes in currency rates, percentages, consolidation methods and entries/exists of companies from the perimeter are all discontinuities that have always made the consolidator's task difficult.",
        "bbox": [
            116,
            308,
            875,
            404
        ],
        "page_idx": 4
    },
    {
        "type": "text",
        "text": "IFRS standards added another discontinuity to the process in 2005 in that the accounts included are, in principle, established based on local standards whereas consolidated accounts must be created using IFRS standards.",
        "bbox": [
            116,
            421,
            875,
            469
        ],
        "page_idx": 4
    },
    {
        "type": "text",
        "text": "Legislators will have to take some difficult decisions sooner or later, which in our opinion are inevitable, to deal with contradictory situations. Let's take a closer look at this.",
        "bbox": [
            116,
            484,
            875,
            532
        ],
        "page_idx": 4
    },
    {
        "type": "text",
        "text": "First, we don't think it's normal that a parent company establishes its statutory accounts in local standards and that, in the same annual report, its consolidated accounts are published according to IFRS standards.",
        "bbox": [
            116,
            549,
            875,
            597
        ],
        "page_idx": 4
    },
    {
        "type": "text",
        "text": "Next, maintaining local standards for group companies implies adjustments in the consolidation to ensure that they comply to IFRS standards. This is a twofold difficulty.",
        "bbox": [
            116,
            613,
            875,
            661
        ],
        "page_idx": 4
    },
    {
        "type": "text",
        "text": "Either IFRS adjustments remain centralised with the parent company without necessarily having sufficient information to manage them correctly, or IFRS adjustments are decentralised in the group's companies with the ensuing risks for misunderstandings and difficulties due to the fact that their management isn't integrated. There is a deterioration of the quality of information in either case.",
        "bbox": [
            116,
            677,
            875,
            774
        ],
        "page_idx": 4
    },
    {
        "type": "text",
        "text": "Stepping back, it becomes clear that over time the worldwide accounting rules underpinning consolidations will erase both national practices and the disparities between listed and non listed groups.",
        "bbox": [
            116,
            790,
            875,
            838
        ],
        "page_idx": 4
    },
    {
        "type": "header",
        "text": "DIRECT CONSOLIDATION",
        "bbox": [
            116,
            65,
            364,
            80
        ],
        "page_idx": 4
    },
    {
        "type": "text",
        "text": "2.4 Statutory consolidation and reporting: unified consolidation",
        "text_level": 2,
        "bbox": [
            105,
            121,
            789,
            163
        ],
        "page_idx": 5
    },
    {
        "type": "text",
        "text": "Since the 1990s, most groups have tried more or less successfully to unify their statutory accounting and their reporting within the same software, often with barely concealed uneasiness, in order to more easily reconcile projections and reality.",
        "bbox": [
            103,
            185,
            871,
            252
        ],
        "page_idx": 5
    },
    {
        "type": "text",
        "text": "Although consolidation software now handles this dual difficulty fairly well... the unease subsists.",
        "bbox": [
            103,
            266,
            869,
            299
        ],
        "page_idx": 5
    },
    {
        "type": "text",
        "text": "We believe that the issue is not at the software level, but with the groups which don't necessarily work with the objectivity and rigour required because resources have to be allocated to reconcile figures from different sources. Is this the case?",
        "bbox": [
            103,
            314,
            871,
            378
        ],
        "page_idx": 5
    },
    {
        "type": "text",
        "text": "A few observations will provide a better illustration than a long explanation of the true difficulties that groups we recently met with, consciously or unconsciously, create for themselves:",
        "bbox": [
            103,
            394,
            871,
            445
        ],
        "page_idx": 5
    },
    {
        "type": "list",
        "sub_type": "text",
        "list_items": [
            "Statutory consolidation provides each company with the consolidation method it needs, but reporting has sometimes a preference for proportional integration of the entire perimeter",
            "- In reporting, local currency charges and income for the month are translated using a rate for the month then accumulated whereas in statutory consolidation these same amounts are first accumulated in local currency then translated using an average annual rate. The two transactions are obviously not commutative and this surprises some people!",
            "- Reporting doesn't include all of the statutory consolidation adjustments, and some reporting adjustments are ignored by statutory consolidation",
            "- Reporting frequently uses aggregates whereas statutory consolidation requires more detail. Is this a reason to work with two different chart of accounts?",
            "The perimeters of statutory consolidation and reporting are not always identical",
            "- Reporting uses business units. In this case, does grouping the business units of a legal entity really provide the same figures as used at the statutory consolidation level?"
        ],
        "bbox": [
            143,
            459,
            867,
            861
        ],
        "page_idx": 5
    },
    {
        "type": "header",
        "text": "PART 1 ONCE UPON A TIME … THE CONSOLIDATION",
        "bbox": [
            286,
            71,
            854,
            87
        ],
        "page_idx": 5
    },
    {
        "type": "list",
        "sub_type": "text",
        "list_items": [
            "- Statutory consolidation is established according to IFRS rules, but certain companies in the perimeter use non-IFRS standards for their forecasts",
            "- While statutory consolidation applies the usual rules rigorously, notably the calculation of third-party interest and currency conversion differences, reporting doesn't always include this level of detail."
        ],
        "bbox": [
            151,
            119,
            877,
            233
        ],
        "page_idx": 6
    },
    {
        "type": "text",
        "text": "So, can statutory consolidation and reporting be reconciled?",
        "bbox": [
            116,
            250,
            700,
            264
        ],
        "page_idx": 6
    },
    {
        "type": "text",
        "text": "As surprising as it may seem, there are many examples of this type.",
        "bbox": [
            116,
            280,
            778,
            298
        ],
        "page_idx": 6
    },
    {
        "type": "text",
        "text": "The challenge for unified consolidation over the coming years is no longer to improve consolidation software. What sophisticated solution could software provide to such irrational situations?",
        "bbox": [
            113,
            312,
            877,
            361
        ],
        "page_idx": 6
    },
    {
        "type": "text",
        "text": "Once again, whether we are talking about statutory consolidation or reporting, or both in a unified vision, it isn't up to the software to unify. The information system must provide unified structure, content and processing.",
        "bbox": [
            113,
            377,
            877,
            426
        ],
        "page_idx": 6
    },
    {
        "type": "text",
        "text": "This is a matter for group organisation, a major change in habits and cultural changes. It is no longer a purely technical problem which makes it much more difficult.",
        "bbox": [
            113,
            441,
            877,
            488
        ],
        "page_idx": 6
    },
    {
        "type": "text",
        "text": "However, success will result from this change in mentality.",
        "bbox": [
            116,
            505,
            681,
            521
        ],
        "page_idx": 6
    },
    {
        "type": "text",
        "text": "2.5 Group structure",
        "text_level": 2,
        "bbox": [
            116,
            555,
            407,
            578
        ],
        "page_idx": 6
    },
    {
        "type": "text",
        "text": "The difficulty of a statutory consolidation is determined by the complexity of the group's structure, that is, several group and third-party shareholders in the companies of the perimeter, the existence of crossed-participations between companies, companies owning their own shares or shares in the consolidating company, etc.",
        "bbox": [
            113,
            597,
            877,
            679
        ],
        "page_idx": 6
    },
    {
        "type": "text",
        "text": "This type of structure was common in the 1970s, particularly in family-held companies, less in listed companies and major groups.",
        "bbox": [
            113,
            694,
            875,
            726
        ],
        "page_idx": 6
    },
    {
        "type": "text",
        "text": "Software had to handle these complex structures very early on and the best provided lasting solutions.",
        "bbox": [
            113,
            742,
            875,
            774
        ],
        "page_idx": 6
    },
    {
        "type": "text",
        "text": "However, the requirements of statutory consolidation, backed by Auditor recommendations, led groups to avoid such complex structures. There is now a growing realisation that it's best to make things simpler whenever possible.",
        "bbox": [
            113,
            790,
            875,
            839
        ],
        "page_idx": 6
    },
    {
        "type": "header",
        "text": "DIRECT CONSOLIDATION",
        "bbox": [
            116,
            65,
            367,
            81
        ],
        "page_idx": 6
    },
    {
        "type": "text",
        "text": "Contrary to the time when the legislator required that companies, notably limited responsibility French companies, have seven shareholders, we now often come across international company legal forms that allow for a single shareholder.",
        "bbox": [
            98,
            117,
            877,
            182
        ],
        "page_idx": 7
    },
    {
        "type": "text",
        "text": "This is the trend we have seen and which will continue given the requirements for transparency demanded over the past years.",
        "bbox": [
            98,
            198,
            877,
            231
        ],
        "page_idx": 7
    },
    {
        "type": "text",
        "text": "On the other hand, despite efforts to simplify, major international groups have hundreds of companies in their perimeters. For these large conglomerates, the consolidation problem results from the many sub-groups that must sometimes also establish consolidated accounts, often using different standards than the one of the consolidating holding company.",
        "bbox": [
            98,
            247,
            877,
            329
        ],
        "page_idx": 7
    },
    {
        "type": "text",
        "text": "This is a challenge all international consolidation software packages will have to deal with correctly.",
        "bbox": [
            98,
            344,
            877,
            378
        ],
        "page_idx": 7
    },
    {
        "type": "text",
        "text": "2.6 Financial communication",
        "text_level": 2,
        "bbox": [
            102,
            410,
            520,
            432
        ],
        "page_idx": 7
    },
    {
        "type": "text",
        "text": "Whether for a press release, the creation of a document for the Board of Directors, the creation of an annual report or an exchange of financial data with external organisations, we have seen that these tasks still take up a disproportionate amount of time in the overall consolidation schedule.",
        "bbox": [
            100,
            453,
            877,
            519
        ],
        "page_idx": 7
    },
    {
        "type": "text",
        "text": "There are reasons for this. We should note that:",
        "bbox": [
            100,
            534,
            578,
            550
        ],
        "page_idx": 7
    },
    {
        "type": "list",
        "sub_type": "text",
        "list_items": [
            "- Most software creates highly accurate reports required by consolidation professionals and Auditors, but neglects the 'financial communication' aspect which requires a high degree of quality, synthesis and customisation.",
            "- Although software now provides interfacing tools to avoid having to recopy information which is always risky and time consuming, many groups don't use them. The reason for this is that many different tools have to be juggled and integrated which requires greater technical than accounting skills. People therefore tend to avoid the task.",
            "- In addition, the development of an automatic interface between the database containing the consolidation information and what the market more and more often calls the 'financial book' is a long and difficult task. It is therefore expensive and the continuity of the book's format isn't assured. Another reason not to tackle it."
        ],
        "bbox": [
            139,
            567,
            873,
            824
        ],
        "page_idx": 7
    },
    {
        "type": "text",
        "text": "In the long run, however, as a result of its position on the critical consolidation schedule path, financial communication in the broadest sense",
        "bbox": [
            98,
            842,
            877,
            874
        ],
        "page_idx": 7
    },
    {
        "type": "header",
        "text": "PART 1 ONCE UPON A TIME ... THE CONSOLIDATION",
        "bbox": [
            284,
            69,
            862,
            85
        ],
        "page_idx": 7
    },
    {
        "type": "text",
        "text": "must be backed by easy-to-use functionality integrated in the consolidation software.",
        "bbox": [
            116,
            118,
            875,
            151
        ],
        "page_idx": 8
    },
    {
        "type": "text",
        "text": "Significant improvements by consolidation software vendors are expected in this area in the short term.",
        "bbox": [
            116,
            152,
            875,
            183
        ],
        "page_idx": 8
    },
    {
        "type": "text",
        "text": "2.7 Impact of future technological changes on consolidation",
        "text_level": 2,
        "bbox": [
            116,
            218,
            750,
            259
        ],
        "page_idx": 8
    },
    {
        "type": "text",
        "text": "In the 1970s, it wasn't easy to imagine what changes would occur in information technology and what impact they would have on an activity as specialised as consolidation.",
        "bbox": [
            116,
            282,
            875,
            329
        ],
        "page_idx": 8
    },
    {
        "type": "text",
        "text": "Forty years later, admiration and surprise dominate. In fact:",
        "bbox": [
            116,
            346,
            697,
            363
        ],
        "page_idx": 8
    },
    {
        "type": "list",
        "sub_type": "text",
        "list_items": [
            "- Since the era of mainframe computers, apparently powerful because of their size and the infrastructure sheltering them, we have moved to computers on our desktops which are much more powerful both in terms of calculation capacity and memory.",
            "- Isolated users, depending on the post office to exchange information, are now exchanging the same information at the speed of light regardless of where they are located.",
            "- Technology has moved from the punched card, the 24-line, 80-character screen and listings with 132 lines to extraordinary convenience and ergonomics via the pixel, mouse and copy/paste.",
            "- When will we finally decide to give a Nobel Prize to a universal software package like Excel although it's merely a calculation tool?"
        ],
        "bbox": [
            150,
            379,
            875,
            620
        ],
        "page_idx": 8
    },
    {
        "type": "text",
        "text": "What innovations can we expect? It's a very difficult question.",
        "bbox": [
            116,
            634,
            713,
            652
        ],
        "page_idx": 8
    },
    {
        "type": "text",
        "text": "All of the capacities are available today to ensure that consolidation processing times are expressed in minutes, information exchange times in seconds and access to information is possible at all times with an excellent level of reliability. This means that future improvements will gradually become imperceptible to humans.",
        "bbox": [
            116,
            668,
            875,
            747
        ],
        "page_idx": 8
    },
    {
        "type": "text",
        "text": "It's very possible that technology will evolve toward voice and tactile communication between users and their consolidation software, thereby providing greater comfort, but there will be a very marginal impact on process optimisation.",
        "bbox": [
            116,
            763,
            875,
            828
        ],
        "page_idx": 8
    },
    {
        "type": "header",
        "text": "DIRECT CONSOLIDATION",
        "bbox": [
            116,
            65,
            366,
            79
        ],
        "page_idx": 8
    },
    {
        "type": "text",
        "text": "As for functional changes, the past has shown us a great degree of convergence between the approaches of competing software packages, a sure sign that the solutions developed are meeting needs.",
        "bbox": [
            103,
            118,
            871,
            166
        ],
        "page_idx": 9
    },
    {
        "type": "text",
        "text": "It's probably a shame that no consolidation expert systems have appeared for statutory consolidation, whose principles change very little but which requires a high level of expertise. These systems use a knowledge base to guide users in their search for a solution by asking a series of questions based on previous answers.",
        "bbox": [
            103,
            182,
            871,
            264
        ],
        "page_idx": 9
    },
    {
        "type": "text",
        "text": "These expert systems could also help consolidators with IFRS, in particular by formulating suggestions and arguments for given situations which, as we know, are wide open to interpretation.",
        "bbox": [
            103,
            279,
            869,
            328
        ],
        "page_idx": 9
    },
    {
        "type": "text",
        "text": "If IFRS is used by an increasing number of groups, there could be an economic challenge in the coming years that could lead to competition between this type of expert system and the traditional consultancy approach.",
        "bbox": [
            103,
            343,
            869,
            394
        ],
        "page_idx": 9
    },
    {
        "type": "text",
        "text": "3 Conclusion",
        "text_level": 1,
        "bbox": [
            105,
            426,
            417,
            450
        ],
        "page_idx": 9
    },
    {
        "type": "text",
        "text": "Let's just have a look around in our today's world:",
        "bbox": [
            103,
            472,
            594,
            489
        ],
        "page_idx": 9
    },
    {
        "type": "list",
        "sub_type": "text",
        "list_items": [
            "In so many international airports, there are trains without drivers",
            "- Most parts of a car are assembled together by robots and since so many years robots are painting these cars, with almost no human intervention",
            "- When you need cash, you go to the cash dispenser with a « plastic card » and you get your money at any time of the day, without any human contact",
            "- In a very short term, activities like accounting, fiscal advices and legal contracts will be produced by expert systems."
        ],
        "bbox": [
            143,
            505,
            867,
            698
        ],
        "page_idx": 9
    },
    {
        "type": "text",
        "text": "So many other examples could be listed in so many different areas.",
        "bbox": [
            105,
            713,
            759,
            730
        ],
        "page_idx": 9
    },
    {
        "type": "text",
        "text": "These forty years of experience cumulated by all the actors of the consolidation have progressively led to a mature and deep knowledge of the mechanisms of that activity.",
        "bbox": [
            103,
            745,
            869,
            796
        ],
        "page_idx": 9
    },
    {
        "type": "text",
        "text": "In parallel, technology on both processing and exchange of information has brought a high level of synergy that wasn't expected at the very beginning of the consolidation adventure.",
        "bbox": [
            103,
            809,
            869,
            859
        ],
        "page_idx": 9
    },
    {
        "type": "header",
        "text": "PART 1 ONCE UPON A TIME ... THE CONSOLIDATION",
        "bbox": [
            286,
            70,
            854,
            87
        ],
        "page_idx": 9
    }
]