[
    {
        "type": "text",
        "text": "Here are the consolidated accounts",
        "bbox": [
            109,
            120,
            455,
            136
        ],
        "page_idx": 0
    },
    {
        "type": "table",
        "img_path": "images/00ffed5440d73e12be2561549d204038f04ad8ab095bb83f3cba60e1b549006e.jpg",
        "table_caption": [],
        "table_footnote": [],
        "table_body": "<table><tr><td colspan=\"3\">P + A</td></tr><tr><td>Goodwill (Gross Val.)</td><td>272</td><td>Capital 2,000</td></tr><tr><td>Goodwill (Dep.)</td><td>(34)</td><td>Reserves 300</td></tr><tr><td></td><td></td><td>Result 66</td></tr><tr><td>Tang. Assets(Acq.Val.)</td><td>1,500</td><td>Conso. Reserves (A) 20</td></tr><tr><td>Tang. Assets(Dep.)</td><td>(325)</td><td>Minor. Interests (A) 237</td></tr><tr><td></td><td></td><td>Liabilities DT 190</td></tr><tr><td>Other assets</td><td>3,100</td><td>Other liabilities 1,700</td></tr><tr><td>Total</td><td>4,513</td><td>Total 4,513</td></tr></table>",
        "bbox": [
            206,
            153,
            850,
            317
        ],
        "page_idx": 0
    },
    {
        "type": "text",
        "text": "by applying the global integration method with a financial percentage of  \\(80\\%\\)  on adjusted accounts. In particular",
        "bbox": [
            107,
            344,
            873,
            377
        ],
        "page_idx": 0
    },
    {
        "type": "list",
        "sub_type": "text",
        "list_items": [
            "- Consolidated Reserves = 20 = 80% * [500 + 300 + 60 + 300 + 100 + (60) + (15)] - [1200 + (272)]",
            "Minority Interests  \\(= 237 = 20\\%\\)  \\* [500 + 300 + 60 + 300 + 100 + (60) + (15)]"
        ],
        "bbox": [
            147,
            390,
            869,
            474
        ],
        "page_idx": 0
    },
    {
        "type": "text",
        "text": "and we will check again that consolidated reserves of 20 are equal to  \\(80\\%\\)  of the adjusted profit of company A.",
        "bbox": [
            107,
            489,
            871,
            522
        ],
        "page_idx": 0
    },
    {
        "type": "text",
        "text": "What will happen to the aoodwill in the future?",
        "text_level": 1,
        "bbox": [
            109,
            535,
            630,
            554
        ],
        "page_idx": 0
    },
    {
        "type": "text",
        "text": "If the participation of  \\(80\\%\\)  remains unchanged, the goodwill will be depreciated on a linear basis.",
        "bbox": [
            107,
            569,
            871,
            601
        ],
        "page_idx": 0
    },
    {
        "type": "text",
        "text": "If, for instance, company P decides to sell  \\(20\\%\\)  of its participation in the future, then the group will book  \\(\\frac{1}{4}\\)  of the net goodwill into P&L.",
        "bbox": [
            107,
            617,
            871,
            651
        ],
        "page_idx": 0
    },
    {
        "type": "text",
        "text": "If the remaining  \\(20\\%\\)  can be acquired in the future, the logic of evaluation of a possible goodwill is the same and if a new goodwill is confirmed, the second begins a four years life in the group. It is not requested to depreciate that second goodwill in order to finish its life at the same time as the first goodwill.",
        "bbox": [
            107,
            664,
            871,
            730
        ],
        "page_idx": 0
    },
    {
        "type": "text",
        "text": "What happens if, buying the remaining  \\(20\\%\\) , we calculate a badwill? Booking the badwill as explained before, we would have in the consolidated accounts a goodwill corresponding to the first  \\(80\\%\\)  and simultaneously a badwill for the  \\(20\\%\\) . This situation is not acceptable. In Local Gaap, we must make a netting between both goodwill and badwill.",
        "bbox": [
            107,
            745,
            871,
            827
        ],
        "page_idx": 0
    },
    {
        "type": "header",
        "text": "DIRECT CONSOLIDATION",
        "bbox": [
            111,
            65,
            364,
            81
        ],
        "page_idx": 0
    },
    {
        "type": "text",
        "text": "In IFRS, we know a badwill doesn't exist in the consolidated accounts because it is booked immediately in P&L. But, in this special situation, we also have to net both.",
        "bbox": [
            109,
            119,
            877,
            169
        ],
        "page_idx": 1
    },
    {
        "type": "text",
        "text": "8.14 Disposal of consolidated shares to 3rd Parties",
        "text_level": 1,
        "bbox": [
            111,
            203,
            789,
            247
        ],
        "page_idx": 1
    },
    {
        "type": "text",
        "text": "The situation",
        "text_level": 2,
        "bbox": [
            111,
            267,
            261,
            286
        ],
        "page_idx": 1
    },
    {
        "type": "text",
        "text": "A company A is consolidated since a number of years and, one day the group decides to sell the company to  \\(3^{rd}\\)  Parties. Such situation leads to a certain number of remarks, amongst which",
        "bbox": [
            109,
            301,
            877,
            350
        ],
        "page_idx": 1
    },
    {
        "type": "list",
        "sub_type": "text",
        "list_items": [
            "- The shareholders' company selling company A makes a gain or loss on disposal which is calculated as the difference between the selling price and the statutory value of the financial investment booked in its accounts. Usually this value corresponds to the historical acquisition value.",
            "- From the consolidation point of view, we have seen that company A has a value which corresponds to its net equity. This means that the gain or loss on disposal should be calculated as the difference between the selling price and the percentage owned in company A equity. That gain or loss will not be the same as the one calculated in a statutory point of view. A consolidation adjustment may be necessary.",
            "- Most of the time, such a disposal never happens the first day of the year. This means that the company has still to be consolidated during the months preceding the disposal. Of course, at the end of the year, the company is not in the consolidation scope any more which means there will be no impact in the consolidated balance sheet but only an impact in the P&L for the months before disposal.",
            "- There may be a goodwill booked on company A or a badwill (if Local Gaap) which will have to be reversed via P&L at time of disposal.",
            "- When speaking about selling a company, we must understand selling shares of a company. It can happen that we don't sell all the shares of a certain company but only part of them. The consequence is that after disposal of these shares, we still keep the company in the consolidation scope, but with a different financial percentage and maybe with a different consolidation method."
        ],
        "bbox": [
            149,
            365,
            873,
            847
        ],
        "page_idx": 1
    },
    {
        "type": "header",
        "text": "PART 2 BASICS OF CONSOLIDATION TECHNIQUES",
        "bbox": [
            308,
            71,
            854,
            87
        ],
        "page_idx": 1
    },
    {
        "type": "text",
        "text": "- A last remark will concern foreign companies for which we have accumulated translation adjustments. This is again a technical problem we will not discuss in this section. We leave it for Part 4 related to case studies.",
        "bbox": [
            145,
            120,
            864,
            183
        ],
        "page_idx": 2
    },
    {
        "type": "text",
        "text": "These remarks show that the disposal of shares of a consolidated company is quite technical.",
        "bbox": [
            107,
            200,
            869,
            232
        ],
        "page_idx": 2
    },
    {
        "type": "text",
        "text": "Let's consider an example",
        "text_level": 2,
        "bbox": [
            107,
            248,
            392,
            265
        ],
        "page_idx": 2
    },
    {
        "type": "text",
        "text": "Company A has been consolidated with a financial percentage of  \\(80\\%\\)  since a certain number of years. On the  \\(1^{st}\\)  of July this year, parent company P, its unique shareholder, decides to sell  \\(20\\%\\)  of shares to  \\(3^{rd}\\)  Parties for a price of 500. After disposal, the consolidation method remains the global integration.",
        "bbox": [
            107,
            281,
            869,
            345
        ],
        "page_idx": 2
    },
    {
        "type": "text",
        "text": "Profit of A on June 30, Year 2 is 50.",
        "bbox": [
            107,
            360,
            451,
            376
        ],
        "page_idx": 2
    },
    {
        "type": "text",
        "text": "At acquisition time, a goodwill of 400 has been booked in P accounts. Consolidation is done under IFRS rules and no impairments have been booked since the beginning.",
        "bbox": [
            107,
            393,
            864,
            442
        ],
        "page_idx": 2
    },
    {
        "type": "text",
        "text": "In A accounts, there is one adjustment revaluating a land as allocation of part of the initial goodwill.",
        "bbox": [
            105,
            458,
            864,
            489
        ],
        "page_idx": 2
    },
    {
        "type": "text",
        "text": "The scenario we will apply to this situation is",
        "bbox": [
            107,
            506,
            542,
            522
        ],
        "page_idx": 2
    },
    {
        "type": "list",
        "sub_type": "text",
        "list_items": [
            "- Consolidate the group before disposal of  \\(20\\%\\)  of shares (Year 1)",
            "- Analyse the disposal from the consolidation point of view",
            "- Consolidate the group at the end of Year 2, after disposal of  \\(20\\%\\)  of shares",
            "- Justify the consolidated reserves of the group between Year 1 and Year 2",
            "- Justify minority interests between Year 1 and Year 2"
        ],
        "bbox": [
            145,
            537,
            864,
            713
        ],
        "page_idx": 2
    },
    {
        "type": "header",
        "text": "DIRECT CONSOLIDATION",
        "bbox": [
            109,
            65,
            360,
            81
        ],
        "page_idx": 2
    },
    {
        "type": "text",
        "text": "Consolidation of Year 1",
        "text_level": 3,
        "bbox": [
            108,
            118,
            366,
            134
        ],
        "page_idx": 3
    },
    {
        "type": "text",
        "text": "Here are the P and A accounts, including the consolidation adjustments. P owns  \\(80\\%\\)  of A and consolidates A with the global integration method.",
        "bbox": [
            108,
            152,
            877,
            185
        ],
        "page_idx": 3
    },
    {
        "type": "table",
        "img_path": "images/632613624fb8c85168e8339633f84d9486430cb007677bd1f5c52563dfe87d75.jpg",
        "table_caption": [],
        "table_footnote": [],
        "table_body": "<table><tr><td colspan=\"3\">P</td></tr><tr><td>Goodwill (Gross Val.)</td><td>(a) 400</td><td>Capital     2,000\nReserves        300\nResult            100</td></tr><tr><td>Fin. Invest./A</td><td>(a) 1,200</td><td></td></tr><tr><td>Other assets</td><td>3,800</td><td>Other liabilities   2,600</td></tr><tr><td>Total</td><td>5,000</td><td>Total     5,000</td></tr><tr><td colspan=\"2\"></td><td></td></tr><tr><td colspan=\"3\">A</td></tr><tr><td>Land</td><td>(b) 1,000</td><td>Capital     1,000\nReserves        500\n(b) 200</td></tr><tr><td>Other assets</td><td>1,800</td><td>Result            100\nOther liabilities   1,200</td></tr><tr><td>Total</td><td>3,000</td><td>Total     3,000</td></tr></table>",
        "bbox": [
            188,
            203,
            834,
            459
        ],
        "page_idx": 3
    },
    {
        "type": "text",
        "text": "Adjustment (a) concerns the gross value of the goodwill that has been calculated a few years ago when acquiring the company. No impairment has been booked since that time.",
        "bbox": [
            108,
            474,
            877,
            522
        ],
        "page_idx": 3
    },
    {
        "type": "text",
        "text": "Adjustment (b) books an allocation of that initial goodwill on a land. For some local reasons, there are no deferred taxes and, of course, speaking about a land, there is no depreciation.",
        "bbox": [
            108,
            538,
            877,
            587
        ],
        "page_idx": 3
    },
    {
        "type": "text",
        "text": "The consolidated accounts are presented hereunder",
        "bbox": [
            110,
            603,
            616,
            620
        ],
        "page_idx": 3
    },
    {
        "type": "table",
        "img_path": "images/2a4781b27797750ee80959a870227e3ba240ca80a4ad4d00acd306c835481fc5.jpg",
        "table_caption": [],
        "table_footnote": [],
        "table_body": "<table><tr><td colspan=\"4\">P + A</td></tr><tr><td rowspan=\"2\">Goodwill (Gross Val.)</td><td rowspan=\"2\">400</td><td>Capital</td><td>2,000</td></tr><tr><td>Reserves</td><td>300</td></tr><tr><td rowspan=\"3\">Land</td><td rowspan=\"3\">1,200</td><td>Result</td><td>100</td></tr><tr><td>Conso. Reserves (A)</td><td>640</td></tr><tr><td>Minor. Interests (A)</td><td>360</td></tr><tr><td>Other assets</td><td>5,600</td><td>Other liabilities</td><td>3,800</td></tr><tr><td>Total</td><td>7,200</td><td>Total</td><td>7,200</td></tr></table>",
        "bbox": [
            190,
            639,
            834,
            768
        ],
        "page_idx": 3
    },
    {
        "type": "text",
        "text": "after consolidating company A by the global integration method, which leads to",
        "bbox": [
            110,
            795,
            877,
            828
        ],
        "page_idx": 3
    },
    {
        "type": "text",
        "text": "- Consolidated Reserves = 640 = 80% * [1000 + 500 + 200 + 100] - [1200 + (400)]",
        "bbox": [
            148,
            838,
            877,
            878
        ],
        "page_idx": 3
    },
    {
        "type": "header",
        "text": "PART 2 BASICS OF CONSOLIDATION TECHNIQUES",
        "bbox": [
            305,
            71,
            855,
            87
        ],
        "page_idx": 3
    },
    {
        "type": "text",
        "text": "Minority Interests  \\(= 360 = 20\\% * [1000 + 500 + 200 + 100]\\)",
        "bbox": [
            147,
            119,
            785,
            138
        ],
        "page_idx": 4
    },
    {
        "type": "text",
        "text": "So, nothing really particular at the end of this Year 1.",
        "bbox": [
            109,
            154,
            626,
            171
        ],
        "page_idx": 4
    },
    {
        "type": "text",
        "text": "Analysis of the selling transaction",
        "text_level": 2,
        "bbox": [
            109,
            185,
            478,
            204
        ],
        "page_idx": 4
    },
    {
        "type": "text",
        "text": "This will be the difficult part of this example and our explanations will consider three different methods, each one of course giving the same consolidation adjustment.",
        "bbox": [
            109,
            217,
            869,
            267
        ],
        "page_idx": 4
    },
    {
        "type": "text",
        "text": "Method 1: Statutory view versus Consolidation view",
        "text_level": 3,
        "bbox": [
            109,
            280,
            621,
            299
        ],
        "page_idx": 4
    },
    {
        "type": "text",
        "text": "At the end of chapter 4, when considering the equity method consolidation, we explained that in consolidation the value of a company was the value of its equity and the problem is that the transaction is booked based not on that equity value but on the historical value of the financial investment in P accounts.",
        "bbox": [
            109,
            312,
            871,
            394
        ],
        "page_idx": 4
    },
    {
        "type": "table",
        "img_path": "images/765e593af2fa3679a835c08b1957a5e522ec253be048a4159ea077f23f04391d.jpg",
        "table_caption": [],
        "table_footnote": [],
        "table_body": "<table><tr><td colspan=\"2\">In consolidation</td></tr><tr><td>Disposal price</td><td>500</td></tr><tr><td>Equity of company A</td><td></td></tr><tr><td>Capital</td><td>1,000</td></tr><tr><td>Reserves</td><td>600</td></tr><tr><td>Profit before disposal</td><td>50</td></tr><tr><td>Consolidation adjust. (Revaluation)</td><td>200</td></tr><tr><td>Total</td><td>1,850</td></tr><tr><td>Percentage disposed</td><td>20%</td></tr><tr><td>Group equity</td><td>370</td></tr><tr><td>Gain on disposal</td><td>130</td></tr><tr><td>Book 1/4 of goodwill to P&amp;L</td><td>100</td></tr><tr><td>Final gain on disposal</td><td>30</td></tr></table>",
        "bbox": [
            245,
            419,
            783,
            631
        ],
        "page_idx": 4
    },
    {
        "type": "text",
        "text": "Here is the gain on disposal calculated with statutory figures.",
        "bbox": [
            109,
            649,
            699,
            666
        ],
        "page_idx": 4
    },
    {
        "type": "table",
        "img_path": "images/a0232f81db97461f750f12211b240dce4d197aee3b1e5362c0b34615bf890204.jpg",
        "table_caption": [],
        "table_footnote": [],
        "table_body": "<table><tr><td colspan=\"2\">In statutory accounts</td></tr><tr><td>Disposal price</td><td>500</td></tr><tr><td>Shares value</td><td>300</td></tr><tr><td>Gain on disposal</td><td>200</td></tr></table>",
        "bbox": [
            245,
            681,
            783,
            750
        ],
        "page_idx": 4
    },
    {
        "type": "text",
        "text": "In consolidation, we consider the adjusted equity. We mean statutory equity and the revaluation of the land for 200. Moreover, the  \\(20\\%\\)  shares of company A being disposed on July  \\(1^{\\text{st}}\\) , Year 2, we also include the 50 profit of the first six months of the year.  \\(20\\%\\)  of the total, 1850, equals 370 which is the equity value of these shares. A first gain is the difference between the selling price and that equity value, 130. Now, initially we booked a goodwill of 400 corresponding to  \\(80\\%\\)  of shares initially acquired. As we remain with only",
        "bbox": [
            109,
            761,
            871,
            878
        ],
        "page_idx": 4
    },
    {
        "type": "header",
        "text": "DIRECT CONSOLIDATION",
        "bbox": [
            111,
            68,
            363,
            84
        ],
        "page_idx": 4
    },
    {
        "type": "text",
        "text": "\\(60\\%\\)  after that transaction,  \\(100 = 20\\% / 80\\% * 400\\)  must be booked as a reduction of that gain, giving a net gain of 30.",
        "bbox": [
            109,
            119,
            873,
            156
        ],
        "page_idx": 5
    },
    {
        "type": "text",
        "text": "Comparing both approaches, the first one gives a gain of 200 and the second one a gain of 30 and we have to give priority to the consolidation approach of course. This leads to the following adjustment reducing the statutory gain from 200 to 30",
        "bbox": [
            109,
            168,
            875,
            233
        ],
        "page_idx": 5
    },
    {
        "type": "table",
        "img_path": "images/53cdf18ac2b546147d79fa787e08b6c4168ed8955b5cd5a7206200cb36989186.jpg",
        "table_caption": [],
        "table_footnote": [],
        "table_body": "<table><tr><td></td><td>Debit</td><td>Credit</td></tr><tr><td>Gain on disposal</td><td>170</td><td></td></tr><tr><td>Consolidated reserves</td><td></td><td>170</td></tr></table>",
        "bbox": [
            265,
            251,
            708,
            302
        ],
        "page_idx": 5
    },
    {
        "type": "text",
        "text": "and we must admit that for inexperienced readers, the booking of consolidated reserves can seem a little bit strange.",
        "bbox": [
            109,
            328,
            875,
            362
        ],
        "page_idx": 5
    },
    {
        "type": "text",
        "text": "Let's try to clarify this point with the second method.",
        "bbox": [
            109,
            378,
            626,
            394
        ],
        "page_idx": 5
    },
    {
        "type": "text",
        "text": "Method 2 : A step by step approach",
        "bbox": [
            109,
            410,
            462,
            426
        ],
        "page_idx": 5
    },
    {
        "type": "text",
        "text": "This method contains three main steps",
        "bbox": [
            109,
            442,
            491,
            459
        ],
        "page_idx": 5
    },
    {
        "type": "list",
        "sub_type": "text",
        "list_items": [
            "- First we reverse the statutory transaction",
            "- Then we take into account historical adjustments and equity value of the shares disposed instead of the statutory financial investment",
            "Finally, we make the transaction with these values."
        ],
        "bbox": [
            147,
            473,
            873,
            570
        ],
        "page_idx": 5
    },
    {
        "type": "text",
        "text": "Reverse the statutory transaction by booking the following adjustment",
        "bbox": [
            109,
            586,
            797,
            603
        ],
        "page_idx": 5
    },
    {
        "type": "table",
        "img_path": "images/62a69a391ac97d444382525e9e694012aaa043696f29ad1c1b95c669a3ddbe5c.jpg",
        "table_caption": [],
        "table_footnote": [],
        "table_body": "<table><tr><td></td><td>Debit</td><td>Credit</td></tr><tr><td>Fin. Invest./A</td><td>300</td><td rowspan=\"3\">500</td></tr><tr><td>Other assets</td><td></td></tr><tr><td>Gain on disposal</td><td>200</td></tr></table>",
        "bbox": [
            113,
            615,
            672,
            682
        ],
        "page_idx": 5
    },
    {
        "type": "text",
        "text": "In which we find back the statutory value of the  \\(20\\%\\)  of shares disposed for a value of 300, we reverse the cash (Other assets) received for 500 and we eliminate the gain for 200.",
        "bbox": [
            109,
            698,
            875,
            750
        ],
        "page_idx": 5
    },
    {
        "type": "text",
        "text": "Book the goodwill attached to the  \\(20\\%\\)  shares disposed which consists in carrying forward a historical adjustment",
        "bbox": [
            109,
            763,
            873,
            796
        ],
        "page_idx": 5
    },
    {
        "type": "table",
        "img_path": "images/49071f53d4e8ab606a185c20b85524224562b7999d04da79a6e1181885f2429d.jpg",
        "table_caption": [],
        "table_footnote": [],
        "table_body": "<table><tr><td></td><td>Debit</td><td>Credit</td></tr><tr><td>Goodwill</td><td>100</td><td></td></tr><tr><td>Fin. Invest./A</td><td></td><td>100</td></tr></table>",
        "bbox": [
            113,
            808,
            672,
            861
        ],
        "page_idx": 5
    },
    {
        "type": "header",
        "text": "PART 2 BASICS OF CONSOLIDATION TECHNIQUES",
        "bbox": [
            305,
            71,
            854,
            87
        ],
        "page_idx": 5
    },
    {
        "type": "text",
        "text": "Replace the statutory financial investment by the equity value of the company",
        "bbox": [
            108,
            121,
            875,
            139
        ],
        "page_idx": 6
    },
    {
        "type": "table",
        "img_path": "images/f68ce6c93d60fe87c3c420bc767d7de01b53ad6c967a3fae5ca890daaf01518e.jpg",
        "table_caption": [],
        "table_footnote": [],
        "table_body": "<table><tr><td></td><td>Debit</td><td>Credit</td></tr><tr><td>Equity value</td><td>370</td><td></td></tr><tr><td>Net Fin. Invest.</td><td></td><td>200</td></tr><tr><td>Consolidated reserves</td><td></td><td>170</td></tr></table>",
        "bbox": [
            110,
            149,
            677,
            219
        ],
        "page_idx": 6
    },
    {
        "type": "text",
        "text": "This booking is based on the following relation: equity value = statutory financial value + consolidated reserves, as explained at the end of Chapter 4.",
        "bbox": [
            108,
            234,
            875,
            267
        ],
        "page_idx": 6
    },
    {
        "type": "text",
        "text": "In this adjustment, 370 has been calculated a few lines above, 200 is the net value of the financial investment (300 - 100) and 170 is the value of the consolidated reserves accumulated on company A since first consolidation until disposal (limited to  \\(20\\%\\) ).",
        "bbox": [
            108,
            282,
            875,
            346
        ],
        "page_idx": 6
    },
    {
        "type": "text",
        "text": "This may request maybe an additional explanation.",
        "bbox": [
            110,
            361,
            605,
            379
        ],
        "page_idx": 6
    },
    {
        "type": "text",
        "text": "Let's go back to the consolidated reserves of company A at the end of Year 1, which is 640 as booked in the consolidated balance sheet above. We know that this amount is equal to non-distributed profits during company A life time in the consolidation scope until end of Year 1. But we consider the situation at the end of June Year 2 and, in the meantime, we have to add a group profit of  \\(40 = 80\\% * 50\\)  to these consolidated reserves. This gives a total of 680 and corresponds to a participation of  \\(80\\%\\) . For  \\(20\\%\\)  of shares, these consolidated reserves are equal to  \\(170 = 20\\% / 80\\% * 680\\) .",
        "bbox": [
            108,
            393,
            877,
            524
        ],
        "page_idx": 6
    },
    {
        "type": "text",
        "text": "We then make the transaction on the basis of these figures",
        "bbox": [
            110,
            538,
            688,
            554
        ],
        "page_idx": 6
    },
    {
        "type": "table",
        "img_path": "images/4af245a714cc3aa5b21b879b2655d2b1600ca610a0f071b269257d1da0835641.jpg",
        "table_caption": [],
        "table_footnote": [],
        "table_body": "<table><tr><td></td><td>Debit</td><td>Credit</td></tr><tr><td>Other assets</td><td>500</td><td></td></tr><tr><td>Equity value</td><td></td><td>370</td></tr><tr><td>Gain of disposal</td><td></td><td>130</td></tr></table>",
        "bbox": [
            110,
            573,
            675,
            642
        ],
        "page_idx": 6
    },
    {
        "type": "text",
        "text": "We find back our cash (Other assets) for 500, we sell a financial asset valuated to 370 and this transaction is giving a gain of 170.",
        "bbox": [
            108,
            650,
            875,
            685
        ],
        "page_idx": 6
    },
    {
        "type": "text",
        "text": "And finally, the goodwill attached to the  \\(20\\%\\)  of shares disposed must be written-off",
        "bbox": [
            108,
            698,
            875,
            732
        ],
        "page_idx": 6
    },
    {
        "type": "table",
        "img_path": "images/b854f2954857d619c6d610f01ab7fc1cde73ea1b8cf0efebc65474bb8da5ae06.jpg",
        "table_caption": [],
        "table_footnote": [],
        "table_body": "<table><tr><td></td><td>Debit</td><td>Credit</td></tr><tr><td>Gain on disposal</td><td>100</td><td></td></tr><tr><td>Goodwill</td><td></td><td>100</td></tr></table>",
        "bbox": [
            110,
            743,
            675,
            797
        ],
        "page_idx": 6
    },
    {
        "type": "text",
        "text": "When we now aggregate these five adjustments, most of these accounts are just compensating and we remain with the following adjustment",
        "bbox": [
            108,
            812,
            875,
            846
        ],
        "page_idx": 6
    },
    {
        "type": "header",
        "text": "DIRECT CONSOLIDATION",
        "bbox": [
            112,
            67,
            366,
            83
        ],
        "page_idx": 6
    },
    {
        "type": "table",
        "img_path": "images/c04b1bb5123accd69bf43fa6023b93157f2a11be61b5667fec7ec9ddd63035ec.jpg",
        "table_caption": [],
        "table_footnote": [],
        "table_body": "<table><tr><td></td><td>Debit</td><td>Credit</td></tr><tr><td>Gain on disposal</td><td>170</td><td></td></tr><tr><td>Consolidated reserves</td><td></td><td>170</td></tr></table>",
        "bbox": [
            110,
            117,
            677,
            170
        ],
        "page_idx": 7
    },
    {
        "type": "text",
        "text": "which is exactly the same as the one we got in the previous method.",
        "bbox": [
            108,
            183,
            781,
            200
        ],
        "page_idx": 7
    },
    {
        "type": "text",
        "text": "Method 3 : A direct approach",
        "text_level": 2,
        "bbox": [
            108,
            215,
            396,
            233
        ],
        "page_idx": 7
    },
    {
        "type": "text",
        "text": "We would advise not to use only this method without checking the result with one of the two first methods or both.",
        "bbox": [
            108,
            247,
            877,
            282
        ],
        "page_idx": 7
    },
    {
        "type": "text",
        "text": "We have seen that the consolidated reserves at the end of June Year 2, attached to the  \\(20\\%\\)  shares disposed, were equal to 170. This accumulated profit has to be reversed by using the following adjustment",
        "bbox": [
            108,
            297,
            877,
            347
        ],
        "page_idx": 7
    },
    {
        "type": "table",
        "img_path": "images/edbbdfa2164ac408c2780ac9c19d8764e1e7760d0c72631f5a03bad9a6b67955.jpg",
        "table_caption": [],
        "table_footnote": [],
        "table_body": "<table><tr><td></td><td>Debit</td><td>Credit</td></tr><tr><td>Gain on disposal</td><td>170</td><td></td></tr><tr><td>Consolidated reserves</td><td></td><td>170</td></tr></table>",
        "bbox": [
            110,
            354,
            677,
            409
        ],
        "page_idx": 7
    },
    {
        "type": "text",
        "text": "Chanae of financial verventae from 80% to 60% durina Year 2",
        "text_level": 3,
        "bbox": [
            108,
            441,
            805,
            458
        ],
        "page_idx": 7
    },
    {
        "type": "text",
        "text": "We know that company A profit for the first six months of Year 2 is 50. As, at the end of Year 2, the financial percentage is  \\(60\\%\\) , the consolidation process will apply this percentage to the full year, including the 50.",
        "bbox": [
            108,
            473,
            877,
            524
        ],
        "page_idx": 7
    },
    {
        "type": "text",
        "text": "Most of the consolidation software on the market are processing this way, which needs the following adjustment.",
        "bbox": [
            108,
            538,
            875,
            571
        ],
        "page_idx": 7
    },
    {
        "type": "text",
        "text": "Indeed, the group profit for the first six months is 40 ( \\(= 80\\% * 50\\) ) instead of 30 ( \\(= 60\\% * 50\\) ). This means 10 is missing in the group profit at the end of Year2. And these 10 are given to the  \\(3^{rd}\\)  Parties!.",
        "bbox": [
            108,
            586,
            877,
            636
        ],
        "page_idx": 7
    },
    {
        "type": "text",
        "text": "Here is the adjustment correcting this wrong situation",
        "bbox": [
            108,
            649,
            639,
            667
        ],
        "page_idx": 7
    },
    {
        "type": "text",
        "text": "Debit Credit",
        "bbox": [
            605,
            675,
            769,
            692
        ],
        "page_idx": 7
    },
    {
        "type": "text",
        "text": "Reserves",
        "bbox": [
            211,
            693,
            305,
            706
        ],
        "page_idx": 7
    },
    {
        "type": "text",
        "text": "Group result",
        "bbox": [
            213,
            708,
            338,
            724
        ],
        "page_idx": 7
    },
    {
        "type": "text",
        "text": "Minority interest result",
        "bbox": [
            213,
            725,
            436,
            740
        ],
        "page_idx": 7
    },
    {
        "type": "text",
        "text": "Minorit. interests",
        "bbox": [
            213,
            740,
            383,
            755
        ],
        "page_idx": 7
    },
    {
        "type": "text",
        "text": "It is called a 'after  \\(3^{rd}\\)  Parties\" or \"top\" or \"group\" adjustment because, regardless of the fact that it is booked in company A accounts, owned at  \\(60\\%\\) , these amounts must be considered as impacting each account at  \\(100\\%\\) .",
        "bbox": [
            108,
            778,
            877,
            829
        ],
        "page_idx": 7
    },
    {
        "type": "text",
        "text": "We see that we give an additional profit of 10 to the group and we reduce the  \\(3^{rd}\\)  Parties profit for the same amount.",
        "bbox": [
            108,
            843,
            877,
            878
        ],
        "page_idx": 7
    },
    {
        "type": "header",
        "text": "PART 2 BASICS OF CONSOLIDATION TECHNIQUES",
        "bbox": [
            305,
            71,
            858,
            87
        ],
        "page_idx": 7
    },
    {
        "type": "text",
        "text": "In the balance sheet, the impact of that adjustment can be seen on group sides because it consists in a transfer between reserves and result but we see nothing on the  \\(3^{\\text{rd}}\\)  Parties side because Minority interests reserves and result are aggregated.",
        "bbox": [
            104,
            117,
            882,
            184
        ],
        "page_idx": 8
    },
    {
        "type": "text",
        "text": "In the P&L, there is no impact on expense and income accounts, but just a transfer between Minority result and Group result, generally on the two last lines.",
        "bbox": [
            104,
            198,
            880,
            247
        ],
        "page_idx": 8
    },
    {
        "type": "text",
        "text": "Consolidation of Year 2",
        "text_level": 3,
        "bbox": [
            107,
            262,
            366,
            279
        ],
        "page_idx": 8
    },
    {
        "type": "text",
        "text": "Here are the accounts of companies P and A including the consolidation adjustments.",
        "bbox": [
            104,
            294,
            877,
            329
        ],
        "page_idx": 8
    },
    {
        "type": "table",
        "img_path": "images/dc5448513578f46fac8d502c21b219c67d3f4410b6a45f8b7a748a19a774d739.jpg",
        "table_caption": [],
        "table_footnote": [],
        "table_body": "<table><tr><td></td><td colspan=\"3\">P</td></tr><tr><td rowspan=\"3\">Goodwill (Gross Val.)</td><td rowspan=\"3\">(a) 300</td><td>Capital</td><td>2,000</td></tr><tr><td>Reserves</td><td>400</td></tr><tr><td></td><td>(c) 170</td></tr><tr><td>Fin. Invest./A</td><td>900</td><td>Result</td><td>300</td></tr><tr><td>Other assets</td><td>4,800</td><td>Other liabilities</td><td>(170) 3,000</td></tr><tr><td>Total</td><td>5,700</td><td>Total</td><td>5,700</td></tr></table>",
        "bbox": [
            167,
            341,
            817,
            475
        ],
        "page_idx": 8
    },
    {
        "type": "table",
        "img_path": "images/20f698e1f5c4e40639a403b8b89e4bfbbe83a5b1870ae234132c735841873c08.jpg",
        "table_caption": [],
        "table_footnote": [],
        "table_body": "<table><tr><td></td><td colspan=\"3\">A</td></tr><tr><td rowspan=\"3\">Land</td><td rowspan=\"3\">1,000(b)</td><td rowspan=\"2\">CapitalReserves</td><td rowspan=\"2\">1,000600(b)(d*)200(10)</td></tr><tr></tr><tr><td>Result(d*)</td><td>15010</td></tr><tr><td>Other assets</td><td>2,300</td><td>Other liabilities</td><td>1,550</td></tr><tr><td>Total</td><td>3,500</td><td>Total</td><td>3,500</td></tr></table>",
        "bbox": [
            164,
            488,
            815,
            637
        ],
        "page_idx": 8
    },
    {
        "type": "text",
        "text": "Adjustment (a) shows the 300 remaining goodwill related to the  \\(60\\%\\)  of shares the group still owns.",
        "bbox": [
            102,
            665,
            877,
            699
        ],
        "page_idx": 8
    },
    {
        "type": "text",
        "text": "Adjustment (b) concerns the allocation of this initial goodwill on a land for 200. Independently of the  \\(20\\%\\)  shares disposal, the land is still owned by company A.",
        "bbox": [
            102,
            714,
            875,
            764
        ],
        "page_idx": 8
    },
    {
        "type": "text",
        "text": "Adjustment (c) modifies the statutory gain on disposal as explained above for an amount of 170.",
        "bbox": [
            102,
            777,
            875,
            812
        ],
        "page_idx": 8
    },
    {
        "type": "text",
        "text": "Adjustment  \\((\\mathsf{d}^{*})\\)  is the reclassification of the profit of 10 between  \\(3^{\\text{rd}}\\)  Parties and Group. The  \\(\\star\\)  indicates these amounts have to be considered at  \\(100\\%\\)  on each account",
        "bbox": [
            102,
            826,
            875,
            876
        ],
        "page_idx": 8
    },
    {
        "type": "header",
        "text": "DIRECT CONSOLIDATION",
        "bbox": [
            109,
            64,
            366,
            79
        ],
        "page_idx": 8
    },
    {
        "type": "text",
        "text": "We get the following consolidated accounts",
        "bbox": [
            110,
            118,
            533,
            134
        ],
        "page_idx": 9
    },
    {
        "type": "table",
        "img_path": "images/fcc0fdab586bbedd8046b3f5415819b073ae96d03d553c8c958df9a1927d2415.jpg",
        "table_caption": [],
        "table_footnote": [],
        "table_body": "<table><tr><td colspan=\"4\">P + A</td></tr><tr><td rowspan=\"2\">Goodwill (Gross Val.)</td><td rowspan=\"2\">300</td><td>Capital</td><td>2,000</td></tr><tr><td>Reserves</td><td>570</td></tr><tr><td rowspan=\"3\">Land</td><td rowspan=\"3\">1,200</td><td>Result</td><td>130</td></tr><tr><td>Conso. Reserves (A)</td><td>570</td></tr><tr><td>Minor. Interests (A)</td><td>780</td></tr><tr><td>Other assets</td><td>7,100</td><td>Other liabilities</td><td>4,550</td></tr><tr><td>Total</td><td>8,600</td><td>Total</td><td>8,600</td></tr></table>",
        "bbox": [
            171,
            162,
            817,
            292
        ],
        "page_idx": 9
    },
    {
        "type": "text",
        "text": "where",
        "bbox": [
            112,
            313,
            177,
            327
        ],
        "page_idx": 9
    },
    {
        "type": "list",
        "sub_type": "text",
        "list_items": [
            "- Consolidated Reserves = 570 = 60% * [1000 + 600 + 200 + 150] + (10) + 10 - [900 + (300)]",
            "Minority Interests = 780 = 40% * [1000 + 600 + 200 + 150] + 10 + (10)"
        ],
        "bbox": [
            148,
            342,
            877,
            424
        ],
        "page_idx": 9
    },
    {
        "type": "text",
        "text": "Justify the evolution of the consolidated reserves",
        "text_level": 3,
        "bbox": [
            112,
            440,
            650,
            456
        ],
        "page_idx": 9
    },
    {
        "type": "text",
        "text": "In the same way we did for the dividends, we are going to use the following report",
        "bbox": [
            110,
            472,
            879,
            506
        ],
        "page_idx": 9
    },
    {
        "type": "table",
        "img_path": "images/befe1d5138dd31a465d41e3c0f0bed6abd801129d717fe9405285ea1f6cf7ac6.jpg",
        "table_caption": [],
        "table_footnote": [],
        "table_body": "<table><tr><td></td><td>Year 1 Reserves</td><td>Year 2 Result</td><td>Divid. (-) paid</td><td>Divid. (+)</td><td>Transfer</td><td>P Approp.</td><td>Year 2 Reserves</td></tr><tr><td>Company P</td><td>400</td><td>130</td><td></td><td></td><td>170</td><td></td><td>700</td></tr><tr><td>Company A</td><td>640</td><td>100</td><td></td><td></td><td>(170)</td><td></td><td>570</td></tr><tr><td></td><td>1,040</td><td>230</td><td>0</td><td>0</td><td>0</td><td>0</td><td>1,270,</td></tr></table>",
        "bbox": [
            114,
            522,
            858,
            607
        ],
        "page_idx": 9
    },
    {
        "type": "text",
        "text": "in which the first column shows the contribution of Year 1 reserves of each company and same for the last column corresponding to Year 2. These amounts are coming from Year 1 and Year 2 consolidated balance sheet.",
        "bbox": [
            110,
            623,
            879,
            674
        ],
        "page_idx": 9
    },
    {
        "type": "text",
        "text": "The second column shows contribution of Year 2 result of each company. For P, it corresponds to its statutory result of 300 adjusted by the 170 gain on disposal. For A, Year 2 statutory result is 150 consisting in 50 for the first six months and so 100 for the last six months. Applying  \\(80\\%\\)  to 50 and  \\(60\\%\\)  to 100, we find indeed 100 for the full year.",
        "bbox": [
            110,
            686,
            879,
            771
        ],
        "page_idx": 9
    },
    {
        "type": "text",
        "text": "There are no dividends paid but we keep these two columns.",
        "bbox": [
            112,
            784,
            705,
            800
        ],
        "page_idx": 9
    },
    {
        "type": "text",
        "text": "The transfer of reserves appears because of the gain on disposal adjustment. In fact, 170 is leaving company A because of the reduction of  \\(20\\%\\)  of percentage but these reserves do not leave the group. There are now",
        "bbox": [
            110,
            816,
            879,
            866
        ],
        "page_idx": 9
    },
    {
        "type": "header",
        "text": "PART 2 BASICS OF CONSOLIDATION TECHNIQUES",
        "bbox": [
            305,
            70,
            855,
            87
        ],
        "page_idx": 9
    }
]