[
    {
        "type": "table",
        "img_path": "images/b4730dd148ab701b5eed7c45eb08037089e63cbb2fdb1f2f3dbafd779767b698.jpg",
        "table_caption": [],
        "table_footnote": [],
        "table_body": "<table><tr><td>BETA</td><td>(1)</td><td>(2)</td><td>(3)</td><td>(4)</td><td>(5)</td><td>(6)</td><td>(7)</td></tr><tr><td>Goodwill (gross val.)</td><td></td><td></td><td></td><td></td><td></td><td></td><td>0</td></tr><tr><td>Goodwill (deprec.)</td><td></td><td></td><td></td><td></td><td></td><td></td><td>0</td></tr><tr><td>Lands</td><td></td><td></td><td></td><td></td><td></td><td></td><td>0</td></tr><tr><td>Tangible assets (acq.val.)</td><td>3,000</td><td>1,000</td><td></td><td></td><td></td><td></td><td>4,000</td></tr><tr><td>Tangible assets (deprec.)</td><td>(1,200)</td><td></td><td>(300)</td><td></td><td></td><td></td><td>(1,500)</td></tr><tr><td>Fin.invest./BETA</td><td></td><td></td><td></td><td></td><td></td><td></td><td>0</td></tr><tr><td>Fin.invest./GAMMA</td><td></td><td></td><td></td><td></td><td></td><td></td><td>0</td></tr><tr><td>Fin.invest./DELTA</td><td></td><td></td><td></td><td></td><td></td><td></td><td>0</td></tr><tr><td>Receivables/3rd Parties</td><td>5,000</td><td></td><td></td><td></td><td></td><td></td><td>5,000</td></tr><tr><td>Cash</td><td>1,200</td><td></td><td></td><td></td><td></td><td></td><td>1,200</td></tr><tr><td>Link account(Fin.Inv.)</td><td></td><td></td><td></td><td></td><td></td><td>(4,500)</td><td>(4,500)</td></tr><tr><td></td><td>8,000</td><td>1,000</td><td>(300)</td><td>0</td><td>0</td><td>(4,500)</td><td>4,200</td></tr><tr><td></td><td></td><td></td><td></td><td></td><td></td><td></td><td></td></tr><tr><td>Capital</td><td>3,000</td><td></td><td></td><td>(600)</td><td>(2,400)</td><td></td><td>0</td></tr><tr><td>Retained earnings</td><td>2,000</td><td></td><td></td><td>(400)</td><td>(1,600)</td><td></td><td>0</td></tr><tr><td>Reserves</td><td></td><td>1,000</td><td>(200)</td><td>(160)</td><td>(640)</td><td></td><td>0</td></tr><tr><td>Result</td><td>300</td><td></td><td>(100)</td><td>(40)</td><td>(160)</td><td></td><td>0</td></tr><tr><td>Consolidated reserves</td><td></td><td></td><td></td><td></td><td>4,800</td><td>(4,500)</td><td>300</td></tr><tr><td>Translation adjustments</td><td></td><td></td><td></td><td></td><td></td><td></td><td>0</td></tr><tr><td>Minority interests</td><td></td><td></td><td></td><td></td><td></td><td></td><td>1,200</td></tr><tr><td>Provisions</td><td>500</td><td></td><td></td><td>1,200</td><td></td><td></td><td>500</td></tr><tr><td>Payables/3rd Parties</td><td>2,200</td><td></td><td></td><td></td><td></td><td></td><td>2,200</td></tr><tr><td></td><td>8,000</td><td>1,000</td><td>(300)</td><td>0</td><td>0</td><td>(4,500)</td><td>4,200</td></tr><tr><td></td><td></td><td></td><td></td><td></td><td></td><td></td><td></td></tr><tr><td>Turnover/3rd Parties</td><td>20,000</td><td></td><td></td><td></td><td></td><td></td><td>20,000</td></tr><tr><td>Purchases</td><td>(18,900)</td><td></td><td></td><td></td><td></td><td></td><td>(18,900)</td></tr><tr><td>Depreciations</td><td>(300)</td><td></td><td>(100)</td><td></td><td></td><td></td><td>(400)</td></tr><tr><td>Provisions</td><td>(500)</td><td></td><td></td><td></td><td></td><td></td><td>(500)</td></tr><tr><td>Result</td><td>300</td><td>0</td><td>(100)</td><td>0</td><td>0</td><td>0</td><td>200</td></tr><tr><td>Group result</td><td colspan=\"6\"></td><td>160</td></tr><tr><td>Minority result</td><td colspan=\"6\"></td><td>40</td></tr></table>",
        "bbox": [
            116,
            118,
            886,
            535
        ],
        "page_idx": 0
    },
    {
        "type": "header",
        "text": "DIRECT CONSOLIDATION",
        "bbox": [
            118,
            68,
            369,
            83
        ],
        "page_idx": 0
    },
    {
        "type": "text",
        "text": "BETA - Column (1)",
        "text_level": 1,
        "bbox": [
            105,
            119,
            313,
            137
        ],
        "page_idx": 1
    },
    {
        "type": "text",
        "text": "Statutory accounts in EUR.",
        "bbox": [
            102,
            153,
            363,
            169
        ],
        "page_idx": 1
    },
    {
        "type": "text",
        "text": "BETA - Column (2)",
        "text_level": 1,
        "bbox": [
            105,
            185,
            313,
            201
        ],
        "page_idx": 1
    },
    {
        "type": "text",
        "text": "When BETA has been acquired, some tangible assets have been revaluated for a gross amount of 1000.",
        "bbox": [
            102,
            217,
            394,
            282
        ],
        "page_idx": 1
    },
    {
        "type": "table",
        "img_path": "images/5385c8cf0efb13e71ba63ee096448bc8e889366c5f2e5b34f21ed2536ed2980b.jpg",
        "table_caption": [],
        "table_footnote": [],
        "table_body": "<table><tr><td></td><td>Debit</td><td>Credit</td></tr><tr><td>Tangible assets (acq.val.)</td><td>1,000</td><td></td></tr><tr><td>Reserves</td><td></td><td>1,000</td></tr></table>",
        "bbox": [
            409,
            213,
            867,
            264
        ],
        "page_idx": 1
    },
    {
        "type": "text",
        "text": "BETA - Column (3)",
        "text_level": 1,
        "bbox": [
            105,
            296,
            313,
            314
        ],
        "page_idx": 1
    },
    {
        "type": "text",
        "text": "This revaluation is depreciated on the basis of  \\(10\\%\\)  each year. The total depreciation at the end of Year 1 is 300, with 200 on the",
        "bbox": [
            102,
            330,
            397,
            410
        ],
        "page_idx": 1
    },
    {
        "type": "table",
        "img_path": "images/9159ed18620703ce7ed1e186694a54a1482dbe34d7fbf4181e8a1efade840d63.jpg",
        "table_caption": [],
        "table_footnote": [],
        "table_body": "<table><tr><td></td><td>Debit</td><td>Credit</td></tr><tr><td>Reserves</td><td>200</td><td></td></tr><tr><td>Tangible assets (deprec.)</td><td></td><td>300</td></tr><tr><td>Depreciations</td><td>100</td><td></td></tr></table>",
        "bbox": [
            411,
            318,
            867,
            385
        ],
        "page_idx": 1
    },
    {
        "type": "text",
        "text": "Reserves account and 100 on the P&L.",
        "bbox": [
            403,
            394,
            777,
            410
        ],
        "page_idx": 1
    },
    {
        "type": "text",
        "text": "BETA - Column (4)",
        "text_level": 1,
        "bbox": [
            105,
            425,
            313,
            442
        ],
        "page_idx": 1
    },
    {
        "type": "text",
        "text": "Reclassification of  \\(20\\%\\)  of all equity accounts to Minority interests.",
        "bbox": [
            102,
            457,
            394,
            505
        ],
        "page_idx": 1
    },
    {
        "type": "table",
        "img_path": "images/98f2bd8e14f4747d77805300f6c7195ba67788a5529149cd07f9ab74291b27b5.jpg",
        "table_caption": [],
        "table_footnote": [],
        "table_body": "<table><tr><td></td><td>Debit</td><td>Credit</td></tr><tr><td>Capital</td><td>600</td><td></td></tr><tr><td>Retained earnings</td><td>400</td><td></td></tr><tr><td>Reserves</td><td>160</td><td></td></tr><tr><td>Result</td><td>40</td><td></td></tr><tr><td>Minority interests</td><td></td><td>1,200</td></tr></table>",
        "bbox": [
            409,
            435,
            867,
            535
        ],
        "page_idx": 1
    },
    {
        "type": "text",
        "text": "BETA - Column (5)",
        "text_level": 1,
        "bbox": [
            105,
            552,
            313,
            570
        ],
        "page_idx": 1
    },
    {
        "type": "text",
        "text": "Reclassification of  \\(80\\%\\)  of all equity accounts on the Consolidated reserves account.",
        "bbox": [
            102,
            584,
            394,
            650
        ],
        "page_idx": 1
    },
    {
        "type": "table",
        "img_path": "images/c63e71a3825e163a0e1c6d1973d92ac93094c45ca93a6f3e99dbbe60812874c5.jpg",
        "table_caption": [],
        "table_footnote": [],
        "table_body": "<table><tr><td></td><td>Debit</td><td>Credit</td></tr><tr><td>Capital</td><td>2,400</td><td></td></tr><tr><td>Retained earnings</td><td>1,600</td><td></td></tr><tr><td>Reserves</td><td>640</td><td></td></tr><tr><td>Result</td><td>160</td><td></td></tr><tr><td>Consolidated reserves</td><td></td><td>4,800</td></tr></table>",
        "bbox": [
            409,
            568,
            867,
            666
        ],
        "page_idx": 1
    },
    {
        "type": "text",
        "text": "BETA - Column (6)",
        "text_level": 1,
        "bbox": [
            105,
            682,
            313,
            698
        ],
        "page_idx": 1
    },
    {
        "type": "text",
        "text": "The amount used in this adjustment is the adjusted financial investment on BETA in ALPHA accounts.",
        "bbox": [
            102,
            714,
            394,
            779
        ],
        "page_idx": 1
    },
    {
        "type": "table",
        "img_path": "images/2e0a588731b126fb5f2598d45d9a7786eb3b4ee02b3ec52045ffbab3ccc65c3a.jpg",
        "table_caption": [],
        "table_footnote": [],
        "table_body": "<table><tr><td></td><td>Debit</td><td>Credit</td></tr><tr><td>Consolidated reserves</td><td>4,500</td><td></td></tr><tr><td>Link account(Fin. Inv.)</td><td></td><td>4,500</td></tr></table>",
        "bbox": [
            409,
            698,
            867,
            751
        ],
        "page_idx": 1
    },
    {
        "type": "text",
        "text": "BETA - Column (7)",
        "text_level": 1,
        "bbox": [
            105,
            793,
            313,
            811
        ],
        "page_idx": 1
    },
    {
        "type": "text",
        "text": "This is the BETA contribution to the consolidated balance. The result of 200 is split into a Group result for  \\(160 = 80\\%\\)  * 200 and a Minority result for  \\(40 = 20\\%\\)  * 200.",
        "bbox": [
            102,
            826,
            863,
            874
        ],
        "page_idx": 1
    },
    {
        "type": "header",
        "text": "PART 6 CONSOLIDATION CASE STUDY",
        "bbox": [
            432,
            74,
            850,
            89
        ],
        "page_idx": 1
    },
    {
        "type": "table",
        "img_path": "images/86779a4820255fc9e55d446c98c7ebb06b0e51d9828ee5985e683a2d65302cb2.jpg",
        "table_caption": [],
        "table_footnote": [],
        "table_body": "<table><tr><td>GAMMA</td><td>(1)</td><td>(2)</td><td>(3)</td><td>(4)</td><td>(5)</td></tr><tr><td>Goodwill (gross val.)</td><td></td><td></td><td></td><td></td><td>0</td></tr><tr><td>Goodwill (deprec.)</td><td></td><td></td><td></td><td></td><td>0</td></tr><tr><td>Lands</td><td>1,000</td><td></td><td></td><td></td><td>1,000</td></tr><tr><td>Tangible assets (acq.val.)</td><td>4,000</td><td></td><td></td><td></td><td>4,000</td></tr><tr><td>Tangible assets (deprec.)</td><td>(800)</td><td></td><td></td><td></td><td>(800)</td></tr><tr><td>Fin.invest./BETA</td><td></td><td></td><td></td><td></td><td>0</td></tr><tr><td>Fin.invest./GAMMA</td><td></td><td></td><td></td><td></td><td>0</td></tr><tr><td>Fin.invest./DELTA</td><td></td><td></td><td></td><td></td><td>0</td></tr><tr><td>Receivables/3rd Parties</td><td>2,000</td><td></td><td></td><td></td><td>2,000</td></tr><tr><td>Cash</td><td>800</td><td></td><td></td><td></td><td>800</td></tr><tr><td>Link account(Fin.Inv.)</td><td></td><td></td><td></td><td>(1,400)</td><td>(1,400)</td></tr><tr><td></td><td>7,000</td><td>0</td><td>0</td><td>(1,400)</td><td>5,600</td></tr><tr><td></td><td></td><td></td><td></td><td></td><td></td></tr><tr><td>Capital</td><td>2,000</td><td>(600)</td><td>(1,400)</td><td></td><td>0</td></tr><tr><td>Retained earnings</td><td>(500)</td><td>150</td><td>350</td><td></td><td>0</td></tr><tr><td>Reserves</td><td></td><td></td><td></td><td></td><td>0</td></tr><tr><td>Result</td><td>(400)</td><td>120</td><td>280</td><td></td><td>0</td></tr><tr><td>Consolidated reserve:</td><td></td><td></td><td>770</td><td>(1,400)</td><td>(630)</td></tr><tr><td>Translation adjustments</td><td></td><td></td><td></td><td></td><td>0</td></tr><tr><td>Minority interests</td><td></td><td>330</td><td></td><td></td><td>330</td></tr><tr><td>Provisions</td><td></td><td></td><td></td><td></td><td>0</td></tr><tr><td>Payables/3rd Parties</td><td>5,900</td><td></td><td></td><td></td><td>5,900</td></tr><tr><td></td><td>7,000</td><td>0</td><td>0</td><td>(1,400)</td><td>5,600</td></tr><tr><td></td><td></td><td></td><td></td><td></td><td></td></tr><tr><td>Turnover/3rd Parties</td><td>30,000</td><td></td><td></td><td></td><td>30,000</td></tr><tr><td>Purchases</td><td>(30,100)</td><td></td><td></td><td></td><td>(30,100)</td></tr><tr><td>Depreciations</td><td>(300)</td><td></td><td></td><td></td><td>(300)</td></tr><tr><td>Provisions</td><td></td><td></td><td></td><td></td><td>0</td></tr><tr><td>Result</td><td>(400)</td><td>0</td><td>0</td><td>0</td><td>(400)</td></tr><tr><td>Group result</td><td></td><td></td><td></td><td></td><td>(280)</td></tr><tr><td>Minority result</td><td></td><td></td><td></td><td></td><td>(120)</td></tr></table>",
        "bbox": [
            118,
            118,
            843,
            612
        ],
        "page_idx": 2
    },
    {
        "type": "header",
        "text": "DIRECT CONSOLIDATION",
        "bbox": [
            120,
            68,
            371,
            83
        ],
        "page_idx": 2
    },
    {
        "type": "text",
        "text": "GAMMA - Column (1)",
        "text_level": 1,
        "bbox": [
            101,
            120,
            338,
            137
        ],
        "page_idx": 3
    },
    {
        "type": "text",
        "text": "Statutory accounts in EUR.",
        "bbox": [
            101,
            153,
            366,
            169
        ],
        "page_idx": 3
    },
    {
        "type": "text",
        "text": "GAMMA - Column (2)",
        "text_level": 1,
        "bbox": [
            101,
            185,
            338,
            202
        ],
        "page_idx": 3
    },
    {
        "type": "text",
        "text": "Reclassification of  \\(30\\%\\)  of all equity accounts to Minority interests.",
        "bbox": [
            101,
            216,
            434,
            265
        ],
        "page_idx": 3
    },
    {
        "type": "table",
        "img_path": "images/5fc0d3df692fc73b572d61c479ccd12db0496ccffa4dfd4f1b1edbd7aa3667b3.jpg",
        "table_caption": [],
        "table_footnote": [],
        "table_body": "<table><tr><td></td><td>Debit</td><td>Credit</td></tr><tr><td>Capital</td><td>600</td><td></td></tr><tr><td>Retained earnings</td><td></td><td>150</td></tr><tr><td>Result</td><td></td><td>120</td></tr><tr><td>Minority interests</td><td></td><td>330</td></tr></table>",
        "bbox": [
            449,
            197,
            879,
            281
        ],
        "page_idx": 3
    },
    {
        "type": "text",
        "text": "GAMMA - Column (3)",
        "text_level": 1,
        "bbox": [
            103,
            297,
            338,
            314
        ],
        "page_idx": 3
    },
    {
        "type": "text",
        "text": "Reclassification of  \\(70 \\%\\) of all equity accounts on the Consolidated reserves account.",
        "bbox": [
            101,
            329,
            434,
            377
        ],
        "page_idx": 3
    },
    {
        "type": "table",
        "img_path": "images/d2c1d027f0625e608f514b2cbb27010d51c60965defb78b64ba103ddba8ecef0.jpg",
        "table_caption": [],
        "table_footnote": [],
        "table_body": "<table><tr><td></td><td>Debit</td><td>Credit</td></tr><tr><td>Capital</td><td>1,400</td><td></td></tr><tr><td>Retained earnings</td><td></td><td></td></tr><tr><td>Result</td><td></td><td>280</td></tr><tr><td>Consolidated reserves</td><td></td><td>770</td></tr></table>",
        "bbox": [
            449,
            317,
            877,
            399
        ],
        "page_idx": 3
    },
    {
        "type": "text",
        "text": "GAMMA - Column (4)",
        "text_level": 1,
        "bbox": [
            103,
            409,
            338,
            426
        ],
        "page_idx": 3
    },
    {
        "type": "text",
        "text": "The amount used in this adjustment is the adjusted",
        "bbox": [
            101,
            442,
            434,
            474
        ],
        "page_idx": 3
    },
    {
        "type": "text",
        "text": "Financial investment on GAMMA in ALPHA accounts.",
        "bbox": [
            103,
            475,
            608,
            489
        ],
        "page_idx": 3
    },
    {
        "type": "table",
        "img_path": "images/07f8ed5222852064326ca4a6693da9a8368c240eec29b22bff1062551e38a854.jpg",
        "table_caption": [],
        "table_footnote": [],
        "table_body": "<table><tr><td></td><td>Debit</td><td>Credit</td></tr><tr><td>Consolidated reserves</td><td>1,400</td><td></td></tr><tr><td>Link account(Fin. Inv.)</td><td></td><td>1,400</td></tr></table>",
        "bbox": [
            449,
            421,
            877,
            472
        ],
        "page_idx": 3
    },
    {
        "type": "text",
        "text": "GAMMA - Column (5)",
        "text_level": 1,
        "bbox": [
            103,
            506,
            338,
            522
        ],
        "page_idx": 3
    },
    {
        "type": "text",
        "text": "This is the GAMMA contribution to the consolidated balance. The result of (400) is split into a group result for  \\((280) = 70\\%\\)  (400) and a minority result for  \\((120) = 30\\%\\)  (400).",
        "bbox": [
            101,
            538,
            875,
            588
        ],
        "page_idx": 3
    },
    {
        "type": "header",
        "text": "PART 6 CONSOLIDATION CASE STUDY",
        "bbox": [
            432,
            73,
            855,
            89
        ],
        "page_idx": 3
    },
    {
        "type": "table",
        "img_path": "images/ebd1907f95406630cd557601f0f9a3ea009a4ac8f035da49c064b440572cdee1.jpg",
        "table_caption": [],
        "table_footnote": [],
        "table_body": "<table><tr><td>DELTA</td><td>(1) (CUR)</td><td>(2)</td><td>(3)</td><td>(4)</td><td>(5)</td></tr><tr><td>Goodwill (gross val.)</td><td></td><td></td><td></td><td></td><td>0</td></tr><tr><td>Goodwill (deprec.)</td><td></td><td></td><td></td><td></td><td>0</td></tr><tr><td>Lands</td><td></td><td></td><td></td><td></td><td>0</td></tr><tr><td>Tangible assets (acq.val.)</td><td>8,000</td><td>6,400</td><td></td><td></td><td>6,400</td></tr><tr><td>Tangible assets (deprec.)</td><td>(4,000)</td><td>(3,200)</td><td></td><td></td><td>(3,200)</td></tr><tr><td>Fin.invest./BETA</td><td></td><td></td><td></td><td></td><td>0</td></tr><tr><td>Fin.invest./GAMMA</td><td></td><td></td><td></td><td></td><td>0</td></tr><tr><td>Fin.invest./DELTA</td><td></td><td></td><td></td><td></td><td>0</td></tr><tr><td>Receivables/3rd Parties</td><td>8,000</td><td>6,400</td><td></td><td></td><td>6,400</td></tr><tr><td>Cash</td><td>6,000</td><td>4,800</td><td></td><td></td><td>4,800</td></tr><tr><td>Link account(Fin.Inv.)</td><td></td><td></td><td></td><td></td><td>0</td></tr><tr><td></td><td>18,000</td><td>14,400</td><td>0</td><td>0</td><td>14,400</td></tr><tr><td></td><td></td><td></td><td></td><td></td><td></td></tr><tr><td>Capital</td><td>8,000</td><td>6,400</td><td>800</td><td></td><td>7,200</td></tr><tr><td>Retained earnings</td><td>4,000</td><td>3,200</td><td>200</td><td></td><td>3,400</td></tr><tr><td>Reserves</td><td></td><td></td><td></td><td></td><td>0</td></tr><tr><td>Result</td><td>600</td><td>480</td><td>(60)</td><td>210</td><td>630</td></tr><tr><td>Consolidated reserves</td><td></td><td></td><td></td><td></td><td>0</td></tr><tr><td>Translation adjustments</td><td></td><td></td><td>(940)</td><td>30</td><td>(910)</td></tr><tr><td>Minority interests</td><td></td><td></td><td></td><td></td><td>0</td></tr><tr><td>Provisions</td><td>1,400</td><td>1,120</td><td></td><td>(240)</td><td>880</td></tr><tr><td>Payables/3rd Parties</td><td>4,000</td><td>3,200</td><td></td><td></td><td>3,200</td></tr><tr><td></td><td>18,000</td><td>14,400</td><td>0</td><td>0</td><td></td></tr><tr><td></td><td></td><td></td><td></td><td></td><td></td></tr><tr><td>Turnover/3rd Parties</td><td>30,000</td><td>21,000</td><td></td><td></td><td>21,000</td></tr><tr><td>Purchases</td><td>(28,600)</td><td>(20,020)</td><td></td><td></td><td>(20,020)</td></tr><tr><td>Depreciations</td><td>(800)</td><td>(560)</td><td></td><td></td><td>(560)</td></tr><tr><td>Provisions</td><td></td><td></td><td></td><td>210</td><td>210</td></tr><tr><td>Result</td><td>600</td><td>420</td><td>0</td><td>210</td><td>630</td></tr><tr><td>Group result</td><td></td><td></td><td></td><td></td><td></td></tr><tr><td>Minority result</td><td></td><td></td><td></td><td></td><td></td></tr></table>",
        "bbox": [
            115,
            116,
            858,
            609
        ],
        "page_idx": 4
    },
    {
        "type": "header",
        "text": "DIRECT CONSOLIDATION",
        "bbox": [
            119,
            64,
            372,
            78
        ],
        "page_idx": 4
    },
    {
        "type": "text",
        "text": "DELTA - Column (1)",
        "text_level": 1,
        "bbox": [
            101,
            121,
            324,
            137
        ],
        "page_idx": 5
    },
    {
        "type": "text",
        "text": "Statutory accounts in local currency CUR.",
        "bbox": [
            101,
            153,
            506,
            171
        ],
        "page_idx": 5
    },
    {
        "type": "text",
        "text": "DELTA  \\(=\\)  Column (2)",
        "text_level": 1,
        "bbox": [
            101,
            185,
            324,
            203
        ],
        "page_idx": 5
    },
    {
        "type": "text",
        "text": "We first translate all balance sheet accounts with the closing rate of 0.8 and all the P&L accounts with the average rate of 0.7.",
        "bbox": [
            99,
            218,
            864,
            251
        ],
        "page_idx": 5
    },
    {
        "type": "text",
        "text": "DELTA - Column (3)",
        "text_level": 1,
        "bbox": [
            101,
            266,
            324,
            282
        ],
        "page_idx": 5
    },
    {
        "type": "text",
        "text": "By processing like this way, we introduce some mistakes because",
        "bbox": [
            101,
            298,
            740,
            314
        ],
        "page_idx": 5
    },
    {
        "type": "list",
        "sub_type": "text",
        "list_items": [
            "- The capital amount should be translated with the historical rate of 0.9 instead of the closing rate, which gives an adjustment of  \\(800 = [0.9 - 0.81 * 8000]\\)",
            "- The retained earnings amount should be translated with the historical rate of 0.85 instead of the closing rate, which gives an adjustment of  \\(200 = [0.85 - 0.81 * 4000]\\)",
            "- The result amount has to be translated with the average rate of 0.7 instead of the closing rate, which gives an adjustment of (60) = [0.7 - 0.81 * 600"
        ],
        "bbox": [
            139,
            330,
            864,
            506
        ],
        "page_idx": 5
    },
    {
        "type": "text",
        "text": "This leads to the following adjustment.",
        "bbox": [
            101,
            522,
            356,
            556
        ],
        "page_idx": 5
    },
    {
        "type": "table",
        "img_path": "images/fa5fa9707d2efcbfcc9b3cad25e9ef7736cebe4b1b2e6779dc8a8022731cf8e0.jpg",
        "table_caption": [],
        "table_footnote": [],
        "table_body": "<table><tr><td></td><td>Debit</td><td>Credit</td></tr><tr><td>Capital</td><td></td><td>800</td></tr><tr><td>Retained earnings</td><td></td><td>200</td></tr><tr><td>Result</td><td>60</td><td></td></tr><tr><td>Translation adjustments</td><td>940</td><td></td></tr></table>",
        "bbox": [
            369,
            516,
            864,
            598
        ],
        "page_idx": 5
    },
    {
        "type": "text",
        "text": "DELTA  \\(=\\)  Column (4)",
        "text_level": 1,
        "bbox": [
            101,
            619,
            324,
            635
        ],
        "page_idx": 5
    },
    {
        "type": "text",
        "text": "This column concerns the provision of 300 CUR booked in the statutory accounts, which is not compatible with the group",
        "bbox": [
            101,
            651,
            358,
            732
        ],
        "page_idx": 5
    },
    {
        "type": "table",
        "img_path": "images/7c0cc7d0a158764ee5e189b488531e7e552cd2d1d1340f93df5e92f28786c7cc.jpg",
        "table_caption": [],
        "table_footnote": [],
        "table_body": "<table><tr><td></td><td>Debit</td><td>Credit</td></tr><tr><td>Provisions (Balance sheet)</td><td>240</td><td></td></tr><tr><td>Provisions (P&amp;L)</td><td></td><td>210</td></tr><tr><td>Translation adjustments</td><td></td><td>30</td></tr></table>",
        "bbox": [
            371,
            647,
            864,
            715
        ],
        "page_idx": 5
    },
    {
        "type": "text",
        "text": "The debit amount of 240 corresponds to the provision at closing rate for 240 = 300 CUR * 0.8 and the P&L counterpart is 210 = 300 CUR * 0.7 (average rate). The difference of 30 is a translation adjustment amount.",
        "bbox": [
            101,
            748,
            864,
            797
        ],
        "page_idx": 5
    },
    {
        "type": "text",
        "text": "DELTA - Column (5)",
        "text_level": 1,
        "bbox": [
            101,
            812,
            324,
            828
        ],
        "page_idx": 5
    },
    {
        "type": "text",
        "text": "Because of the number of columns, this spreadsheet is split into two parts and column (5) is a subtotal for columns (2) to (4).",
        "bbox": [
            99,
            844,
            864,
            878
        ],
        "page_idx": 5
    },
    {
        "type": "header",
        "text": "PART 6 CONSOLIDATION CASE STUDY",
        "bbox": [
            432,
            74,
            850,
            89
        ],
        "page_idx": 5
    },
    {
        "type": "table",
        "img_path": "images/67cdd3b2e96918274af1de423d4a476ddfe70766fec734250f21457d0452ee8a.jpg",
        "table_caption": [],
        "table_footnote": [],
        "table_body": "<table><tr><td>DELTA</td><td>(5)</td><td>(6)</td><td>(7)</td><td>(8)</td><td>(9)</td></tr><tr><td></td><td></td><td></td><td></td><td></td><td></td></tr><tr><td>Goodwill (gross val.)</td><td>0</td><td></td><td></td><td></td><td>0</td></tr><tr><td>Goodwill (deprec.)</td><td>0</td><td></td><td></td><td></td><td>0</td></tr><tr><td>Lands</td><td>0</td><td></td><td></td><td></td><td>0</td></tr><tr><td>Tangible assets (acq.val.)</td><td>6,400</td><td></td><td></td><td></td><td>6,400</td></tr><tr><td>Tangible assets (deprec.)</td><td>(3,200)</td><td></td><td></td><td></td><td>(3,200)</td></tr><tr><td>Fin.invest./BETA</td><td>0</td><td></td><td></td><td></td><td>0</td></tr><tr><td>Fin.invest./GAMMA</td><td>0</td><td></td><td></td><td></td><td>0</td></tr><tr><td>Fin.invest./DELTA</td><td>0</td><td></td><td></td><td></td><td>0</td></tr><tr><td>Receivables/3rd Parties</td><td>6,400</td><td></td><td></td><td></td><td>6,400</td></tr><tr><td>Cash</td><td>4,800</td><td></td><td></td><td></td><td>4,800</td></tr><tr><td>Link account(Fin.Inv.)</td><td>0</td><td></td><td></td><td>(3,600)</td><td>(3,600)</td></tr><tr><td></td><td>14,400</td><td>0</td><td>0</td><td>(3,600)</td><td>10,800</td></tr><tr><td></td><td></td><td></td><td></td><td></td><td></td></tr><tr><td>Capital</td><td>7,200</td><td>(2,880)</td><td>(4,320)</td><td></td><td>0</td></tr><tr><td>Retained earnings</td><td>3,400</td><td>(1,360)</td><td>(2,040)</td><td></td><td>0</td></tr><tr><td>Reserves</td><td>0</td><td></td><td></td><td></td><td>0</td></tr><tr><td>Result</td><td>630</td><td>(252)</td><td>(378)</td><td></td><td>0</td></tr><tr><td>Consolidated reserves</td><td>0</td><td></td><td>6,738</td><td>(3,600)</td><td>3,138</td></tr><tr><td>Translation adjustments</td><td>(910)</td><td>364</td><td></td><td></td><td>(546)</td></tr><tr><td>Minority interests</td><td>0</td><td>4,128</td><td></td><td></td><td>4,128</td></tr><tr><td>Provisions</td><td>880</td><td></td><td></td><td></td><td>880</td></tr><tr><td>Payables/3rd Parties</td><td>3,200</td><td></td><td></td><td></td><td>3,200</td></tr><tr><td></td><td></td><td>0</td><td>0</td><td>(3,600)</td><td>10,800</td></tr><tr><td></td><td></td><td></td><td></td><td></td><td></td></tr><tr><td>Turnover/3rd Parties</td><td>21,000</td><td></td><td></td><td></td><td>21,000</td></tr><tr><td>Purchases</td><td>(20,020)</td><td></td><td></td><td></td><td>(20,020)</td></tr><tr><td>Depreciations</td><td>(560)</td><td></td><td></td><td></td><td>(560)</td></tr><tr><td>Provisions</td><td>210</td><td></td><td></td><td></td><td>210</td></tr><tr><td>Result</td><td>630.</td><td>0</td><td>0</td><td>0</td><td>630</td></tr><tr><td>Group result</td><td></td><td></td><td></td><td></td><td>378</td></tr><tr><td>Minority result</td><td></td><td></td><td></td><td></td><td>252</td></tr></table>",
        "bbox": [
            117,
            117,
            832,
            640
        ],
        "page_idx": 6
    },
    {
        "type": "header",
        "text": "DIRECT CONSOLIDATION",
        "bbox": [
            119,
            64,
            374,
            79
        ],
        "page_idx": 6
    },
    {
        "type": "text",
        "text": "DELTA - Column (5)",
        "text_level": 2,
        "bbox": [
            101,
            121,
            327,
            138
        ],
        "page_idx": 7
    },
    {
        "type": "text",
        "text": "We continue by referencing to the subtotal column (5).",
        "bbox": [
            101,
            153,
            639,
            171
        ],
        "page_idx": 7
    },
    {
        "type": "text",
        "text": "DELTA - Column (6)",
        "text_level": 1,
        "bbox": [
            101,
            185,
            327,
            201
        ],
        "page_idx": 7
    },
    {
        "type": "text",
        "text": "Reclassification of  \\(40\\%\\)  of all equity accounts to Minority interests, including the translation adjustments.",
        "bbox": [
            101,
            217,
            360,
            299
        ],
        "page_idx": 7
    },
    {
        "type": "table",
        "img_path": "images/4172a7af9c52185fd23efe7705ea014963033eef2571f3def2b682b59ddab041.jpg",
        "table_caption": [],
        "table_footnote": [],
        "table_body": "<table><tr><td></td><td>Debit</td><td>Credit</td></tr><tr><td>Capital</td><td>2,880</td><td></td></tr><tr><td>Retained earnings</td><td>1,360</td><td></td></tr><tr><td>Result</td><td>252</td><td></td></tr><tr><td>Translation adjustments</td><td></td><td>364</td></tr><tr><td>Minority interests</td><td></td><td>4,128</td></tr></table>",
        "bbox": [
            371,
            198,
            864,
            299
        ],
        "page_idx": 7
    },
    {
        "type": "text",
        "text": "DELTA - Column (7)",
        "text_level": 1,
        "bbox": [
            103,
            330,
            327,
            347
        ],
        "page_idx": 7
    },
    {
        "type": "text",
        "text": "Reclassification of  \\(60 \\%\\) of all equity accounts on the Consolidated  \\(\\underline{\\underline{\\mathbf{\\Pi}}}\\)  reserves account, excluding the translation adjustments.",
        "bbox": [
            101,
            361,
            360,
            444
        ],
        "page_idx": 7
    },
    {
        "type": "table",
        "img_path": "images/622087244aec231a08ed27a73efa824df867d634380d14056354ec9178ad2262.jpg",
        "table_caption": [],
        "table_footnote": [],
        "table_body": "<table><tr><td></td><td>Debit</td><td>Credit</td></tr><tr><td>Capital</td><td>4,320</td><td></td></tr><tr><td>Retained earnings</td><td>2,040</td><td></td></tr><tr><td>Result</td><td>378</td><td></td></tr><tr><td>Consolidated reserves</td><td></td><td>6,738</td></tr></table>",
        "bbox": [
            371,
            353,
            864,
            438
        ],
        "page_idx": 7
    },
    {
        "type": "text",
        "text": "DELTA - Column (8)",
        "text_level": 1,
        "bbox": [
            103,
            473,
            327,
            491
        ],
        "page_idx": 7
    },
    {
        "type": "text",
        "text": "The amount used in this adjustment is the adjusted financial",
        "bbox": [
            101,
            505,
            360,
            555
        ],
        "page_idx": 7
    },
    {
        "type": "table",
        "img_path": "images/909f7a59aa9277b6838ef0acaf26537bc20217e6a2526c8b55ff6d3320c284c1.jpg",
        "table_caption": [],
        "table_footnote": [],
        "table_body": "<table><tr><td></td><td>Debit</td><td>Credit</td></tr><tr><td>Consolidated reserves</td><td>3,600</td><td></td></tr><tr><td>Link account(Fin. Inv.)</td><td></td><td>3,600</td></tr></table>",
        "bbox": [
            371,
            500,
            873,
            551
        ],
        "page_idx": 7
    },
    {
        "type": "text",
        "text": "investment on DELTA in ALPHA accounts.",
        "bbox": [
            103,
            555,
            506,
            571
        ],
        "page_idx": 7
    },
    {
        "type": "text",
        "text": "DELTA  \\(=\\)  Column (9)",
        "text_level": 1,
        "bbox": [
            103,
            587,
            329,
            603
        ],
        "page_idx": 7
    },
    {
        "type": "text",
        "text": "This is the GAMMA contribution to the consolidated balance. The result of 630 is split into a group result for  \\(378 = 60\\%\\)  \\* 630 and a minority result for 252  \\(= 40\\%\\)  \\* 630.",
        "bbox": [
            101,
            619,
            867,
            668
        ],
        "page_idx": 7
    },
    {
        "type": "header",
        "text": "PART 6 CONSOLIDATION CASE STUDY",
        "bbox": [
            432,
            74,
            852,
            90
        ],
        "page_idx": 7
    },
    {
        "type": "table",
        "img_path": "images/724c0b744557816ee0eae4d69a5519991823a5e728a1e7ab1f18da24cf020507.jpg",
        "table_caption": [],
        "table_footnote": [],
        "table_body": "<table><tr><td>CONTRIBUTION</td><td>ALPHA</td><td>BETA</td><td>GAMMA</td><td>DELTA</td><td>CONSO</td></tr><tr><td colspan=\"6\"></td></tr><tr><td>Goodwill (gross val.)</td><td>1,200</td><td>0</td><td>0</td><td>0</td><td>1,200</td></tr><tr><td>Goodwill (deprec.)</td><td>(860)</td><td>0</td><td>0</td><td>0</td><td>(860)</td></tr><tr><td>Lands</td><td>1,000</td><td>0</td><td>1,000</td><td>0</td><td>2,000</td></tr><tr><td>Tangible assets (acq.val.)</td><td>0</td><td>4,000</td><td>4,000</td><td>6,400</td><td>14,400</td></tr><tr><td>Tangible assets (deprec.)</td><td>0</td><td>(1,500)</td><td>(800)</td><td>(3,200)</td><td>(5,500)</td></tr><tr><td>Fin.invest./BETA</td><td>0</td><td>0</td><td>0</td><td>0</td><td>0</td></tr><tr><td>Fin.invest./GAMMA</td><td>0</td><td>0</td><td>0</td><td>0</td><td>0</td></tr><tr><td>Fin.invest./DELTA</td><td>0</td><td>0</td><td>0</td><td>0</td><td>0</td></tr><tr><td>Rec.ies</td><td>1,500</td><td>5,000</td><td>2,000</td><td>6,400</td><td>14,900</td></tr><tr><td>Cash</td><td>800</td><td>1,200</td><td>800</td><td>4,800</td><td>7,600</td></tr><tr><td>Link account(Fin.Inv.)</td><td>9,500</td><td>(4,500)</td><td>(1,400)</td><td>(3,600)</td><td>0</td></tr><tr><td></td><td>13,140</td><td>4,200</td><td>5,600</td><td>10,800</td><td>33,740</td></tr><tr><td colspan=\"6\"></td></tr><tr><td>Capital</td><td>5,000</td><td>0</td><td>0</td><td>0</td><td>5,000</td></tr><tr><td>Retained earnings</td><td>3,000</td><td>0</td><td>0</td><td>0</td><td>3,000</td></tr><tr><td>Resewes</td><td>(620)</td><td>0</td><td>0</td><td>0</td><td>(620)</td></tr><tr><td>Result</td><td>160</td><td>0</td><td>0</td><td>0</td><td>160</td></tr><tr><td>Consolidated reserves</td><td>0</td><td>300</td><td>(630)</td><td>3,138</td><td>2,808</td></tr><tr><td>Translation adjustments</td><td>0</td><td>0</td><td>0</td><td>(546)</td><td>(546)</td></tr><tr><td>Minority interests</td><td>0</td><td>1,200</td><td>330</td><td>4,128</td><td>5,658</td></tr><tr><td>Provisions</td><td>1,000</td><td>500</td><td>0</td><td>880</td><td>2,380</td></tr><tr><td>Payables/3rd Parties</td><td>4,600</td><td>2,200</td><td>5,900</td><td>3,200</td><td>15,900</td></tr><tr><td></td><td>13,140</td><td>4,200</td><td>5,600</td><td>10,800</td><td>33,740</td></tr><tr><td colspan=\"6\"></td></tr><tr><td>Turnover/3rd Parties</td><td>10,000</td><td>20,000</td><td>30,000</td><td>21,000</td><td>81,000</td></tr><tr><td>Purchases</td><td>(9,600)</td><td>(18,900)</td><td>(30,100)</td><td>(20,020)</td><td>(78,620)</td></tr><tr><td>Depreciations</td><td>(240)</td><td>(400)</td><td>(300)</td><td>(560)</td><td>(1,500)</td></tr><tr><td>Provisions</td><td>0</td><td>(500)</td><td>0</td><td>210</td><td>(290)</td></tr><tr><td>Result</td><td>160</td><td>200</td><td>(400)</td><td>630</td><td>590</td></tr><tr><td>Group result</td><td>160</td><td>160</td><td>(280)</td><td>378</td><td>418</td></tr><tr><td>Minority result</td><td>0</td><td>40</td><td>(120)</td><td>252</td><td>172</td></tr></table>",
        "bbox": [
            120,
            118,
            879,
            667
        ],
        "page_idx": 8
    },
    {
        "type": "header",
        "text": "DIRECT CONSOLIDATION",
        "bbox": [
            120,
            68,
            370,
            83
        ],
        "page_idx": 8
    },
    {
        "type": "text",
        "text": "This contribution spreadsheet gives a good overview of this first consolidation with the following comments",
        "bbox": [
            97,
            120,
            866,
            153
        ],
        "page_idx": 9
    },
    {
        "type": "list",
        "sub_type": "text",
        "list_items": [
            "- Goodwills are booked only in ALPHA company. It is normal because it is the unique shareholder in this group.",
            "- All financial investments in consolidated companies have been eliminated. Moreover, the Link account is equal to zero at the end of the consolidation process.",
            "- Consolidated equity includes only ALPHA equity and Consolidated reserves appear only for the three subsidiaries.",
            "- The translation adjustment amount corresponds to the group part (60%) in the translation adjustment initially booked in DELTA company.",
            "- All the amounts in this contribution are of course supposed to be adjusted amounts."
        ],
        "bbox": [
            137,
            168,
            862,
            426
        ],
        "page_idx": 9
    },
    {
        "type": "text",
        "text": "4 CONSOLIDATION OF YEAR 2",
        "text_level": 1,
        "bbox": [
            101,
            461,
            701,
            482
        ],
        "page_idx": 9
    },
    {
        "type": "text",
        "text": "When receiving individual consolidation bundle of each company, it is worth checking if the announced events are indeed reflected in these accounts.",
        "bbox": [
            99,
            505,
            864,
            538
        ],
        "page_idx": 9
    },
    {
        "type": "text",
        "text": "Moreover, validation of financial investments and equity evolution is the first step to undertake before entering into the consolidation process.",
        "bbox": [
            99,
            554,
            864,
            587
        ],
        "page_idx": 9
    },
    {
        "type": "text",
        "text": "And finally, analyzing these figures can reveal some transactions that the consolidation office may just not simply be aware of.",
        "bbox": [
            99,
            602,
            864,
            634
        ],
        "page_idx": 9
    },
    {
        "type": "text",
        "text": "Let's consider these figures.",
        "bbox": [
            101,
            649,
            375,
            667
        ],
        "page_idx": 9
    },
    {
        "type": "header",
        "text": "PART 6 CONSOLIDATION CASE STUDY",
        "bbox": [
            430,
            71,
            851,
            87
        ],
        "page_idx": 9
    }
]