[
    [
        {
            "type": "header",
            "bbox": [
                0.119,
                0.069,
                0.371,
                0.084
            ],
            "angle": 0,
            "content": "DIRECT CONSOLIDATION"
        },
        {
            "type": "table",
            "bbox": [
                0.118,
                0.119,
                0.887,
                0.536
            ],
            "angle": 0,
            "content": "<table><tr><td>BETA</td><td>(1)</td><td>(2)</td><td>(3)</td><td>(4)</td><td>(5)</td><td>(6)</td><td>(7)</td></tr><tr><td>Goodwill (gross val.)</td><td></td><td></td><td></td><td></td><td></td><td></td><td>0</td></tr><tr><td>Goodwill (deprec.)</td><td></td><td></td><td></td><td></td><td></td><td></td><td>0</td></tr><tr><td>Lands</td><td></td><td></td><td></td><td></td><td></td><td></td><td>0</td></tr><tr><td>Tangible assets (acq.val.)</td><td>3,000</td><td>1,000</td><td></td><td></td><td></td><td></td><td>4,000</td></tr><tr><td>Tangible assets (deprec.)</td><td>(1,200)</td><td></td><td>(300)</td><td></td><td></td><td></td><td>(1,500)</td></tr><tr><td>Fin.invest./BETA</td><td></td><td></td><td></td><td></td><td></td><td></td><td>0</td></tr><tr><td>Fin.invest./GAMMA</td><td></td><td></td><td></td><td></td><td></td><td></td><td>0</td></tr><tr><td>Fin.invest./DELTA</td><td></td><td></td><td></td><td></td><td></td><td></td><td>0</td></tr><tr><td>Receivables/3rd Parties</td><td>5,000</td><td></td><td></td><td></td><td></td><td></td><td>5,000</td></tr><tr><td>Cash</td><td>1,200</td><td></td><td></td><td></td><td></td><td></td><td>1,200</td></tr><tr><td>Link account(Fin.Inv.)</td><td></td><td></td><td></td><td></td><td></td><td>(4,500)</td><td>(4,500)</td></tr><tr><td></td><td>8,000</td><td>1,000</td><td>(300)</td><td>0</td><td>0</td><td>(4,500)</td><td>4,200</td></tr><tr><td></td><td></td><td></td><td></td><td></td><td></td><td></td><td></td></tr><tr><td>Capital</td><td>3,000</td><td></td><td></td><td>(600)</td><td>(2,400)</td><td></td><td>0</td></tr><tr><td>Retained earnings</td><td>2,000</td><td></td><td></td><td>(400)</td><td>(1,600)</td><td></td><td>0</td></tr><tr><td>Reserves</td><td></td><td>1,000</td><td>(200)</td><td>(160)</td><td>(640)</td><td></td><td>0</td></tr><tr><td>Result</td><td>300</td><td></td><td>(100)</td><td>(40)</td><td>(160)</td><td></td><td>0</td></tr><tr><td>Consolidated reserves</td><td></td><td></td><td></td><td></td><td>4,800</td><td>(4,500)</td><td>300</td></tr><tr><td>Translation adjustments</td><td></td><td></td><td></td><td></td><td></td><td></td><td>0</td></tr><tr><td>Minority interests</td><td></td><td></td><td></td><td></td><td></td><td></td><td>1,200</td></tr><tr><td>Provisions</td><td>500</td><td></td><td></td><td>1,200</td><td></td><td></td><td>500</td></tr><tr><td>Payables/3rd Parties</td><td>2,200</td><td></td><td></td><td></td><td></td><td></td><td>2,200</td></tr><tr><td></td><td>8,000</td><td>1,000</td><td>(300)</td><td>0</td><td>0</td><td>(4,500)</td><td>4,200</td></tr><tr><td></td><td></td><td></td><td></td><td></td><td></td><td></td><td></td></tr><tr><td>Turnover/3rd Parties</td><td>20,000</td><td></td><td></td><td></td><td></td><td></td><td>20,000</td></tr><tr><td>Purchases</td><td>(18,900)</td><td></td><td></td><td></td><td></td><td></td><td>(18,900)</td></tr><tr><td>Depreciations</td><td>(300)</td><td></td><td>(100)</td><td></td><td></td><td></td><td>(400)</td></tr><tr><td>Provisions</td><td>(500)</td><td></td><td></td><td></td><td></td><td></td><td>(500)</td></tr><tr><td>Result</td><td>300</td><td>0</td><td>(100)</td><td>0</td><td>0</td><td>0</td><td>200</td></tr><tr><td>Group result</td><td colspan=\"6\"></td><td>160</td></tr><tr><td>Minority result</td><td colspan=\"6\"></td><td>40</td></tr></table>"
        }
    ],
    [
        {
            "type": "header",
            "bbox": [
                0.434,
                0.075,
                0.852,
                0.09
            ],
            "angle": 0,
            "content": "PART 6 CONSOLIDATION CASE STUDY"
        },
        {
            "type": "title",
            "bbox": [
                0.106,
                0.121,
                0.314,
                0.138
            ],
            "angle": 0,
            "content": "BETA - Column (1)"
        },
        {
            "type": "text",
            "bbox": [
                0.105,
                0.154,
                0.365,
                0.171
            ],
            "angle": 0,
            "content": "Statutory accounts in EUR."
        },
        {
            "type": "title",
            "bbox": [
                0.106,
                0.186,
                0.314,
                0.203
            ],
            "angle": 0,
            "content": "BETA - Column (2)"
        },
        {
            "type": "text",
            "bbox": [
                0.105,
                0.218,
                0.396,
                0.283
            ],
            "angle": 0,
            "content": "When BETA has been acquired, some tangible assets have been revaluated for a gross amount of 1000."
        },
        {
            "type": "table",
            "bbox": [
                0.411,
                0.214,
                0.869,
                0.265
            ],
            "angle": 0,
            "content": "<table><tr><td></td><td>Debit</td><td>Credit</td></tr><tr><td>Tangible assets (acq.val.)</td><td>1,000</td><td></td></tr><tr><td>Reserves</td><td></td><td>1,000</td></tr></table>"
        },
        {
            "type": "title",
            "bbox": [
                0.106,
                0.298,
                0.314,
                0.315
            ],
            "angle": 0,
            "content": "BETA - Column (3)"
        },
        {
            "type": "text",
            "bbox": [
                0.105,
                0.331,
                0.399,
                0.411
            ],
            "angle": 0,
            "content": "This revaluation is depreciated on the basis of \\(10\\%\\) each year. The total depreciation at the end of Year 1 is 300, with 200 on the"
        },
        {
            "type": "table",
            "bbox": [
                0.412,
                0.319,
                0.869,
                0.386
            ],
            "angle": 0,
            "content": "<table><tr><td></td><td>Debit</td><td>Credit</td></tr><tr><td>Reserves</td><td>200</td><td></td></tr><tr><td>Tangible assets (deprec.)</td><td></td><td>300</td></tr><tr><td>Depreciations</td><td>100</td><td></td></tr></table>"
        },
        {
            "type": "text",
            "bbox": [
                0.404,
                0.395,
                0.778,
                0.411
            ],
            "angle": 0,
            "content": "Reserves account and 100 on the P&L."
        },
        {
            "type": "title",
            "bbox": [
                0.106,
                0.426,
                0.314,
                0.443
            ],
            "angle": 0,
            "content": "BETA - Column (4)"
        },
        {
            "type": "text",
            "bbox": [
                0.105,
                0.458,
                0.397,
                0.506
            ],
            "angle": 0,
            "content": "Reclassification of \\(20\\%\\) of all equity accounts to Minority interests."
        },
        {
            "type": "table",
            "bbox": [
                0.411,
                0.437,
                0.868,
                0.536
            ],
            "angle": 0,
            "content": "<table><tr><td></td><td>Debit</td><td>Credit</td></tr><tr><td>Capital</td><td>600</td><td></td></tr><tr><td>Retained earnings</td><td>400</td><td></td></tr><tr><td>Reserves</td><td>160</td><td></td></tr><tr><td>Result</td><td>40</td><td></td></tr><tr><td>Minority interests</td><td></td><td>1,200</td></tr></table>"
        },
        {
            "type": "title",
            "bbox": [
                0.106,
                0.554,
                0.314,
                0.571
            ],
            "angle": 0,
            "content": "BETA - Column (5)"
        },
        {
            "type": "text",
            "bbox": [
                0.105,
                0.586,
                0.397,
                0.651
            ],
            "angle": 0,
            "content": "Reclassification of \\(80\\%\\) of all equity accounts on the Consolidated reserves account."
        },
        {
            "type": "table",
            "bbox": [
                0.411,
                0.569,
                0.868,
                0.667
            ],
            "angle": 0,
            "content": "<table><tr><td></td><td>Debit</td><td>Credit</td></tr><tr><td>Capital</td><td>2,400</td><td></td></tr><tr><td>Retained earnings</td><td>1,600</td><td></td></tr><tr><td>Reserves</td><td>640</td><td></td></tr><tr><td>Result</td><td>160</td><td></td></tr><tr><td>Consolidated reserves</td><td></td><td>4,800</td></tr></table>"
        },
        {
            "type": "title",
            "bbox": [
                0.106,
                0.683,
                0.314,
                0.7
            ],
            "angle": 0,
            "content": "BETA - Column (6)"
        },
        {
            "type": "text",
            "bbox": [
                0.105,
                0.715,
                0.397,
                0.78
            ],
            "angle": 0,
            "content": "The amount used in this adjustment is the adjusted financial investment on BETA in ALPHA accounts."
        },
        {
            "type": "table",
            "bbox": [
                0.411,
                0.7,
                0.868,
                0.752
            ],
            "angle": 0,
            "content": "<table><tr><td></td><td>Debit</td><td>Credit</td></tr><tr><td>Consolidated reserves</td><td>4,500</td><td></td></tr><tr><td>Link account(Fin. Inv.)</td><td></td><td>4,500</td></tr></table>"
        },
        {
            "type": "title",
            "bbox": [
                0.106,
                0.795,
                0.314,
                0.812
            ],
            "angle": 0,
            "content": "BETA - Column (7)"
        },
        {
            "type": "text",
            "bbox": [
                0.104,
                0.827,
                0.865,
                0.875
            ],
            "angle": 0,
            "content": "This is the BETA contribution to the consolidated balance. The result of 200 is split into a Group result for \\(160 = 80\\%\\) * 200 and a Minority result for \\(40 = 20\\%\\) * 200."
        }
    ],
    [
        {
            "type": "header",
            "bbox": [
                0.122,
                0.069,
                0.372,
                0.084
            ],
            "angle": 0,
            "content": "DIRECT CONSOLIDATION"
        },
        {
            "type": "table",
            "bbox": [
                0.12,
                0.119,
                0.845,
                0.613
            ],
            "angle": 0,
            "content": "<table><tr><td>GAMMA</td><td>(1)</td><td>(2)</td><td>(3)</td><td>(4)</td><td>(5)</td></tr><tr><td>Goodwill (gross val.)</td><td></td><td></td><td></td><td></td><td>0</td></tr><tr><td>Goodwill (deprec.)</td><td></td><td></td><td></td><td></td><td>0</td></tr><tr><td>Lands</td><td>1,000</td><td></td><td></td><td></td><td>1,000</td></tr><tr><td>Tangible assets (acq.val.)</td><td>4,000</td><td></td><td></td><td></td><td>4,000</td></tr><tr><td>Tangible assets (deprec.)</td><td>(800)</td><td></td><td></td><td></td><td>(800)</td></tr><tr><td>Fin.invest./BETA</td><td></td><td></td><td></td><td></td><td>0</td></tr><tr><td>Fin.invest./GAMMA</td><td></td><td></td><td></td><td></td><td>0</td></tr><tr><td>Fin.invest./DELTA</td><td></td><td></td><td></td><td></td><td>0</td></tr><tr><td>Receivables/3rd Parties</td><td>2,000</td><td></td><td></td><td></td><td>2,000</td></tr><tr><td>Cash</td><td>800</td><td></td><td></td><td></td><td>800</td></tr><tr><td>Link account(Fin.Inv.)</td><td></td><td></td><td></td><td>(1,400)</td><td>(1,400)</td></tr><tr><td></td><td>7,000</td><td>0</td><td>0</td><td>(1,400)</td><td>5,600</td></tr><tr><td></td><td></td><td></td><td></td><td></td><td></td></tr><tr><td>Capital</td><td>2,000</td><td>(600)</td><td>(1,400)</td><td></td><td>0</td></tr><tr><td>Retained earnings</td><td>(500)</td><td>150</td><td>350</td><td></td><td>0</td></tr><tr><td>Reserves</td><td></td><td></td><td></td><td></td><td>0</td></tr><tr><td>Result</td><td>(400)</td><td>120</td><td>280</td><td></td><td>0</td></tr><tr><td>Consolidated reserve:</td><td></td><td></td><td>770</td><td>(1,400)</td><td>(630)</td></tr><tr><td>Translation adjustments</td><td></td><td></td><td></td><td></td><td>0</td></tr><tr><td>Minority interests</td><td></td><td>330</td><td></td><td></td><td>330</td></tr><tr><td>Provisions</td><td></td><td></td><td></td><td></td><td>0</td></tr><tr><td>Payables/3rd Parties</td><td>5,900</td><td></td><td></td><td></td><td>5,900</td></tr><tr><td></td><td>7,000</td><td>0</td><td>0</td><td>(1,400)</td><td>5,600</td></tr><tr><td></td><td></td><td></td><td></td><td></td><td></td></tr><tr><td>Turnover/3rd Parties</td><td>30,000</td><td></td><td></td><td></td><td>30,000</td></tr><tr><td>Purchases</td><td>(30,100)</td><td></td><td></td><td></td><td>(30,100)</td></tr><tr><td>Depreciations</td><td>(300)</td><td></td><td></td><td></td><td>(300)</td></tr><tr><td>Provisions</td><td></td><td></td><td></td><td></td><td>0</td></tr><tr><td>Result</td><td>(400)</td><td>0</td><td>0</td><td>0</td><td>(400)</td></tr><tr><td>Group result</td><td></td><td></td><td></td><td></td><td>(280)</td></tr><tr><td>Minority result</td><td></td><td></td><td></td><td></td><td>(120)</td></tr></table>"
        }
    ],
    [
        {
            "type": "header",
            "bbox": [
                0.434,
                0.074,
                0.856,
                0.09
            ],
            "angle": 0,
            "content": "PART 6 CONSOLIDATION CASE STUDY"
        },
        {
            "type": "title",
            "bbox": [
                0.103,
                0.121,
                0.341,
                0.138
            ],
            "angle": 0,
            "content": "GAMMA - Column (1)"
        },
        {
            "type": "text",
            "bbox": [
                0.103,
                0.154,
                0.368,
                0.171
            ],
            "angle": 0,
            "content": "Statutory accounts in EUR."
        },
        {
            "type": "title",
            "bbox": [
                0.103,
                0.186,
                0.341,
                0.203
            ],
            "angle": 0,
            "content": "GAMMA - Column (2)"
        },
        {
            "type": "text",
            "bbox": [
                0.103,
                0.218,
                0.436,
                0.266
            ],
            "angle": 0,
            "content": "Reclassification of \\(30\\%\\) of all equity accounts to Minority interests."
        },
        {
            "type": "table",
            "bbox": [
                0.451,
                0.198,
                0.88,
                0.282
            ],
            "angle": 0,
            "content": "<table><tr><td></td><td>Debit</td><td>Credit</td></tr><tr><td>Capital</td><td>600</td><td></td></tr><tr><td>Retained earnings</td><td></td><td>150</td></tr><tr><td>Result</td><td></td><td>120</td></tr><tr><td>Minority interests</td><td></td><td>330</td></tr></table>"
        },
        {
            "type": "title",
            "bbox": [
                0.104,
                0.298,
                0.341,
                0.315
            ],
            "angle": 0,
            "content": "GAMMA - Column (3)"
        },
        {
            "type": "text",
            "bbox": [
                0.103,
                0.33,
                0.436,
                0.379
            ],
            "angle": 0,
            "content": "Reclassification of \\(70 \\%\\)of all equity accounts on the Consolidated reserves account."
        },
        {
            "type": "table",
            "bbox": [
                0.451,
                0.319,
                0.879,
                0.4
            ],
            "angle": 0,
            "content": "<table><tr><td></td><td>Debit</td><td>Credit</td></tr><tr><td>Capital</td><td>1,400</td><td></td></tr><tr><td>Retained earnings</td><td></td><td></td></tr><tr><td>Result</td><td></td><td>280</td></tr><tr><td>Consolidated reserves</td><td></td><td>770</td></tr></table>"
        },
        {
            "type": "title",
            "bbox": [
                0.104,
                0.411,
                0.341,
                0.427
            ],
            "angle": 0,
            "content": "GAMMA - Column (4)"
        },
        {
            "type": "text",
            "bbox": [
                0.103,
                0.443,
                0.436,
                0.475
            ],
            "angle": 0,
            "content": "The amount used in this adjustment is the adjusted"
        },
        {
            "type": "text",
            "bbox": [
                0.104,
                0.476,
                0.61,
                0.49
            ],
            "angle": 0,
            "content": "Financial investment on GAMMA in ALPHA accounts."
        },
        {
            "type": "table",
            "bbox": [
                0.451,
                0.423,
                0.879,
                0.474
            ],
            "angle": 0,
            "content": "<table><tr><td></td><td>Debit</td><td>Credit</td></tr><tr><td>Consolidated reserves</td><td>1,400</td><td></td></tr><tr><td>Link account(Fin. Inv.)</td><td></td><td>1,400</td></tr></table>"
        },
        {
            "type": "title",
            "bbox": [
                0.104,
                0.507,
                0.341,
                0.524
            ],
            "angle": 0,
            "content": "GAMMA - Column (5)"
        },
        {
            "type": "text",
            "bbox": [
                0.103,
                0.539,
                0.875,
                0.59
            ],
            "angle": 0,
            "content": "This is the GAMMA contribution to the consolidated balance. The result of (400) is split into a group result for \\( (280) = 70\\% \\) (400) and a minority result for \\( (120) = 30\\% \\) (400)."
        }
    ],
    [
        {
            "type": "header",
            "bbox": [
                0.12,
                0.065,
                0.373,
                0.079
            ],
            "angle": 0,
            "content": "DIRECT CONSOLIDATION"
        },
        {
            "type": "table",
            "bbox": [
                0.116,
                0.117,
                0.859,
                0.611
            ],
            "angle": 0,
            "content": "<table><tr><td>DELTA</td><td>(1) (CUR)</td><td>(2)</td><td>(3)</td><td>(4)</td><td>(5)</td></tr><tr><td>Goodwill (gross val.)</td><td></td><td></td><td></td><td></td><td>0</td></tr><tr><td>Goodwill (deprec.)</td><td></td><td></td><td></td><td></td><td>0</td></tr><tr><td>Lands</td><td></td><td></td><td></td><td></td><td>0</td></tr><tr><td>Tangible assets (acq.val.)</td><td>8,000</td><td>6,400</td><td></td><td></td><td>6,400</td></tr><tr><td>Tangible assets (deprec.)</td><td>(4,000)</td><td>(3,200)</td><td></td><td></td><td>(3,200)</td></tr><tr><td>Fin.invest./BETA</td><td></td><td></td><td></td><td></td><td>0</td></tr><tr><td>Fin.invest./GAMMA</td><td></td><td></td><td></td><td></td><td>0</td></tr><tr><td>Fin.invest./DELTA</td><td></td><td></td><td></td><td></td><td>0</td></tr><tr><td>Receivables/3rd Parties</td><td>8,000</td><td>6,400</td><td></td><td></td><td>6,400</td></tr><tr><td>Cash</td><td>6,000</td><td>4,800</td><td></td><td></td><td>4,800</td></tr><tr><td>Link account(Fin.Inv.)</td><td></td><td></td><td></td><td></td><td>0</td></tr><tr><td></td><td>18,000</td><td>14,400</td><td>0</td><td>0</td><td>14,400</td></tr><tr><td></td><td></td><td></td><td></td><td></td><td></td></tr><tr><td>Capital</td><td>8,000</td><td>6,400</td><td>800</td><td></td><td>7,200</td></tr><tr><td>Retained earnings</td><td>4,000</td><td>3,200</td><td>200</td><td></td><td>3,400</td></tr><tr><td>Reserves</td><td></td><td></td><td></td><td></td><td>0</td></tr><tr><td>Result</td><td>600</td><td>480</td><td>(60)</td><td>210</td><td>630</td></tr><tr><td>Consolidated reserves</td><td></td><td></td><td></td><td></td><td>0</td></tr><tr><td>Translation adjustments</td><td></td><td></td><td>(940)</td><td>30</td><td>(910)</td></tr><tr><td>Minority interests</td><td></td><td></td><td></td><td></td><td>0</td></tr><tr><td>Provisions</td><td>1,400</td><td>1,120</td><td></td><td>(240)</td><td>880</td></tr><tr><td>Payables/3rd Parties</td><td>4,000</td><td>3,200</td><td></td><td></td><td>3,200</td></tr><tr><td></td><td>18,000</td><td>14,400</td><td>0</td><td>0</td><td></td></tr><tr><td></td><td></td><td></td><td></td><td></td><td></td></tr><tr><td>Turnover/3rd Parties</td><td>30,000</td><td>21,000</td><td></td><td></td><td>21,000</td></tr><tr><td>Purchases</td><td>(28,600)</td><td>(20,020)</td><td></td><td></td><td>(20,020)</td></tr><tr><td>Depreciations</td><td>(800)</td><td>(560)</td><td></td><td></td><td>(560)</td></tr><tr><td>Provisions</td><td></td><td></td><td></td><td>210</td><td>210</td></tr><tr><td>Result</td><td>600</td><td>420</td><td>0</td><td>210</td><td>630</td></tr><tr><td>Group result</td><td></td><td></td><td></td><td></td><td></td></tr><tr><td>Minority result</td><td></td><td></td><td></td><td></td><td></td></tr></table>"
        }
    ],
    [
        {
            "type": "header",
            "bbox": [
                0.433,
                0.075,
                0.852,
                0.09
            ],
            "angle": 0,
            "content": "PART 6 CONSOLIDATION CASE STUDY"
        },
        {
            "type": "title",
            "bbox": [
                0.102,
                0.122,
                0.326,
                0.138
            ],
            "angle": 0,
            "content": "DELTA - Column (1)"
        },
        {
            "type": "text",
            "bbox": [
                0.102,
                0.155,
                0.507,
                0.172
            ],
            "angle": 0,
            "content": "Statutory accounts in local currency CUR."
        },
        {
            "type": "title",
            "bbox": [
                0.102,
                0.187,
                0.326,
                0.204
            ],
            "angle": 0,
            "content": "DELTA \\(=\\) Column (2)"
        },
        {
            "type": "text",
            "bbox": [
                0.101,
                0.219,
                0.867,
                0.252
            ],
            "angle": 0,
            "content": "We first translate all balance sheet accounts with the closing rate of 0.8 and all the P&L accounts with the average rate of 0.7."
        },
        {
            "type": "title",
            "bbox": [
                0.102,
                0.267,
                0.326,
                0.284
            ],
            "angle": 0,
            "content": "DELTA - Column (3)"
        },
        {
            "type": "text",
            "bbox": [
                0.102,
                0.299,
                0.742,
                0.316
            ],
            "angle": 0,
            "content": "By processing like this way, we introduce some mistakes because"
        },
        {
            "type": "text",
            "bbox": [
                0.14,
                0.331,
                0.865,
                0.379
            ],
            "angle": 0,
            "content": "- The capital amount should be translated with the historical rate of 0.9 instead of the closing rate, which gives an adjustment of \\(800 = [0.9 - 0.81 * 8000]\\)"
        },
        {
            "type": "text",
            "bbox": [
                0.14,
                0.395,
                0.866,
                0.444
            ],
            "angle": 0,
            "content": "- The retained earnings amount should be translated with the historical rate of 0.85 instead of the closing rate, which gives an adjustment of \\(200 = [0.85 - 0.81 * 4000]\\)"
        },
        {
            "type": "text",
            "bbox": [
                0.14,
                0.459,
                0.866,
                0.507
            ],
            "angle": 0,
            "content": "- The result amount has to be translated with the average rate of 0.7 instead of the closing rate, which gives an adjustment of (60) = [0.7 - 0.81 * 600"
        },
        {
            "type": "list",
            "bbox": [
                0.14,
                0.331,
                0.866,
                0.507
            ],
            "angle": 0,
            "content": null
        },
        {
            "type": "text",
            "bbox": [
                0.102,
                0.524,
                0.357,
                0.557
            ],
            "angle": 0,
            "content": "This leads to the following adjustment."
        },
        {
            "type": "table",
            "bbox": [
                0.371,
                0.517,
                0.865,
                0.6
            ],
            "angle": 0,
            "content": "<table><tr><td></td><td>Debit</td><td>Credit</td></tr><tr><td>Capital</td><td></td><td>800</td></tr><tr><td>Retained earnings</td><td></td><td>200</td></tr><tr><td>Result</td><td>60</td><td></td></tr><tr><td>Translation adjustments</td><td>940</td><td></td></tr></table>"
        },
        {
            "type": "title",
            "bbox": [
                0.103,
                0.62,
                0.326,
                0.636
            ],
            "angle": 0,
            "content": "DELTA \\(=\\) Column (4)"
        },
        {
            "type": "text",
            "bbox": [
                0.102,
                0.652,
                0.359,
                0.733
            ],
            "angle": 0,
            "content": "This column concerns the provision of 300 CUR booked in the statutory accounts, which is not compatible with the group"
        },
        {
            "type": "table",
            "bbox": [
                0.372,
                0.648,
                0.865,
                0.716
            ],
            "angle": 0,
            "content": "<table><tr><td></td><td>Debit</td><td>Credit</td></tr><tr><td>Provisions (Balance sheet)</td><td>240</td><td></td></tr><tr><td>Provisions (P&amp;L)</td><td></td><td>210</td></tr><tr><td>Translation adjustments</td><td></td><td>30</td></tr></table>"
        },
        {
            "type": "text",
            "bbox": [
                0.102,
                0.749,
                0.865,
                0.798
            ],
            "angle": 0,
            "content": "The debit amount of 240 corresponds to the provision at closing rate for 240 = 300 CUR * 0.8 and the P&L counterpart is 210 = 300 CUR * 0.7 (average rate). The difference of 30 is a translation adjustment amount."
        },
        {
            "type": "title",
            "bbox": [
                0.102,
                0.813,
                0.325,
                0.83
            ],
            "angle": 0,
            "content": "DELTA - Column (5)"
        },
        {
            "type": "text",
            "bbox": [
                0.101,
                0.845,
                0.865,
                0.879
            ],
            "angle": 0,
            "content": "Because of the number of columns, this spreadsheet is split into two parts and column (5) is a subtotal for columns (2) to (4)."
        }
    ],
    [
        {
            "type": "header",
            "bbox": [
                0.121,
                0.065,
                0.375,
                0.081
            ],
            "angle": 0,
            "content": "DIRECT CONSOLIDATION"
        },
        {
            "type": "table",
            "bbox": [
                0.119,
                0.118,
                0.834,
                0.641
            ],
            "angle": 0,
            "content": "<table><tr><td>DELTA</td><td>(5)</td><td>(6)</td><td>(7)</td><td>(8)</td><td>(9)</td></tr><tr><td></td><td></td><td></td><td></td><td></td><td></td></tr><tr><td>Goodwill (gross val.)</td><td>0</td><td></td><td></td><td></td><td>0</td></tr><tr><td>Goodwill (deprec.)</td><td>0</td><td></td><td></td><td></td><td>0</td></tr><tr><td>Lands</td><td>0</td><td></td><td></td><td></td><td>0</td></tr><tr><td>Tangible assets (acq.val.)</td><td>6,400</td><td></td><td></td><td></td><td>6,400</td></tr><tr><td>Tangible assets (deprec.)</td><td>(3,200)</td><td></td><td></td><td></td><td>(3,200)</td></tr><tr><td>Fin.invest./BETA</td><td>0</td><td></td><td></td><td></td><td>0</td></tr><tr><td>Fin.invest./GAMMA</td><td>0</td><td></td><td></td><td></td><td>0</td></tr><tr><td>Fin.invest./DELTA</td><td>0</td><td></td><td></td><td></td><td>0</td></tr><tr><td>Receivables/3rd Parties</td><td>6,400</td><td></td><td></td><td></td><td>6,400</td></tr><tr><td>Cash</td><td>4,800</td><td></td><td></td><td></td><td>4,800</td></tr><tr><td>Link account(Fin.Inv.)</td><td>0</td><td></td><td></td><td>(3,600)</td><td>(3,600)</td></tr><tr><td></td><td>14,400</td><td>0</td><td>0</td><td>(3,600)</td><td>10,800</td></tr><tr><td></td><td></td><td></td><td></td><td></td><td></td></tr><tr><td>Capital</td><td>7,200</td><td>(2,880)</td><td>(4,320)</td><td></td><td>0</td></tr><tr><td>Retained earnings</td><td>3,400</td><td>(1,360)</td><td>(2,040)</td><td></td><td>0</td></tr><tr><td>Reserves</td><td>0</td><td></td><td></td><td></td><td>0</td></tr><tr><td>Result</td><td>630</td><td>(252)</td><td>(378)</td><td></td><td>0</td></tr><tr><td>Consolidated reserves</td><td>0</td><td></td><td>6,738</td><td>(3,600)</td><td>3,138</td></tr><tr><td>Translation adjustments</td><td>(910)</td><td>364</td><td></td><td></td><td>(546)</td></tr><tr><td>Minority interests</td><td>0</td><td>4,128</td><td></td><td></td><td>4,128</td></tr><tr><td>Provisions</td><td>880</td><td></td><td></td><td></td><td>880</td></tr><tr><td>Payables/3rd Parties</td><td>3,200</td><td></td><td></td><td></td><td>3,200</td></tr><tr><td></td><td></td><td>0</td><td>0</td><td>(3,600)</td><td>10,800</td></tr><tr><td></td><td></td><td></td><td></td><td></td><td></td></tr><tr><td>Turnover/3rd Parties</td><td>21,000</td><td></td><td></td><td></td><td>21,000</td></tr><tr><td>Purchases</td><td>(20,020)</td><td></td><td></td><td></td><td>(20,020)</td></tr><tr><td>Depreciations</td><td>(560)</td><td></td><td></td><td></td><td>(560)</td></tr><tr><td>Provisions</td><td>210</td><td></td><td></td><td></td><td>210</td></tr><tr><td>Result</td><td>630.</td><td>0</td><td>0</td><td>0</td><td>630</td></tr><tr><td>Group result</td><td></td><td></td><td></td><td></td><td>378</td></tr><tr><td>Minority result</td><td></td><td></td><td></td><td></td><td>252</td></tr></table>"
        }
    ],
    [
        {
            "type": "header",
            "bbox": [
                0.434,
                0.075,
                0.853,
                0.091
            ],
            "angle": 0,
            "content": "PART 6 CONSOLIDATION CASE STUDY"
        },
        {
            "type": "title",
            "bbox": [
                0.103,
                0.122,
                0.329,
                0.14
            ],
            "angle": 0,
            "content": "DELTA - Column (5)"
        },
        {
            "type": "text",
            "bbox": [
                0.103,
                0.154,
                0.641,
                0.172
            ],
            "angle": 0,
            "content": "We continue by referencing to the subtotal column (5)."
        },
        {
            "type": "title",
            "bbox": [
                0.103,
                0.186,
                0.329,
                0.203
            ],
            "angle": 0,
            "content": "DELTA - Column (6)"
        },
        {
            "type": "text",
            "bbox": [
                0.103,
                0.218,
                0.361,
                0.3
            ],
            "angle": 0,
            "content": "Reclassification of \\(40\\%\\) of all equity accounts to Minority interests, including the translation adjustments."
        },
        {
            "type": "table",
            "bbox": [
                0.372,
                0.2,
                0.865,
                0.3
            ],
            "angle": 0,
            "content": "<table><tr><td></td><td>Debit</td><td>Credit</td></tr><tr><td>Capital</td><td>2,880</td><td></td></tr><tr><td>Retained earnings</td><td>1,360</td><td></td></tr><tr><td>Result</td><td>252</td><td></td></tr><tr><td>Translation adjustments</td><td></td><td>364</td></tr><tr><td>Minority interests</td><td></td><td>4,128</td></tr></table>"
        },
        {
            "type": "title",
            "bbox": [
                0.104,
                0.331,
                0.329,
                0.348
            ],
            "angle": 0,
            "content": "DELTA - Column (7)"
        },
        {
            "type": "text",
            "bbox": [
                0.103,
                0.362,
                0.361,
                0.445
            ],
            "angle": 0,
            "content": "Reclassification of \\(60 \\%\\)of all equity accounts on the Consolidated \\(\\underline{\\underline{\\mathbf{\\Pi}}}\\) reserves account, excluding the translation adjustments."
        },
        {
            "type": "table",
            "bbox": [
                0.373,
                0.355,
                0.865,
                0.439
            ],
            "angle": 0,
            "content": "<table><tr><td></td><td>Debit</td><td>Credit</td></tr><tr><td>Capital</td><td>4,320</td><td></td></tr><tr><td>Retained earnings</td><td>2,040</td><td></td></tr><tr><td>Result</td><td>378</td><td></td></tr><tr><td>Consolidated reserves</td><td></td><td>6,738</td></tr></table>"
        },
        {
            "type": "title",
            "bbox": [
                0.104,
                0.475,
                0.329,
                0.492
            ],
            "angle": 0,
            "content": "DELTA - Column (8)"
        },
        {
            "type": "text",
            "bbox": [
                0.103,
                0.506,
                0.361,
                0.556
            ],
            "angle": 0,
            "content": "The amount used in this adjustment is the adjusted financial"
        },
        {
            "type": "table",
            "bbox": [
                0.373,
                0.501,
                0.875,
                0.552
            ],
            "angle": 0,
            "content": "<table><tr><td></td><td>Debit</td><td>Credit</td></tr><tr><td>Consolidated reserves</td><td>3,600</td><td></td></tr><tr><td>Link account(Fin. Inv.)</td><td></td><td>3,600</td></tr></table>"
        },
        {
            "type": "text",
            "bbox": [
                0.104,
                0.557,
                0.508,
                0.572
            ],
            "angle": 0,
            "content": "investment on DELTA in ALPHA accounts."
        },
        {
            "type": "title",
            "bbox": [
                0.104,
                0.588,
                0.33,
                0.605
            ],
            "angle": 0,
            "content": "DELTA \\(=\\) Column (9)"
        },
        {
            "type": "text",
            "bbox": [
                0.103,
                0.62,
                0.869,
                0.669
            ],
            "angle": 0,
            "content": "This is the GAMMA contribution to the consolidated balance. The result of 630 is split into a group result for \\(378 = 60\\%\\) \\* 630 and a minority result for 252 \\(= 40\\%\\) \\* 630."
        }
    ],
    [
        {
            "type": "header",
            "bbox": [
                0.122,
                0.069,
                0.371,
                0.084
            ],
            "angle": 0,
            "content": "DIRECT CONSOLIDATION"
        },
        {
            "type": "table",
            "bbox": [
                0.121,
                0.119,
                0.88,
                0.668
            ],
            "angle": 0,
            "content": "<table><tr><td>CONTRIBUTION</td><td>ALPHA</td><td>BETA</td><td>GAMMA</td><td>DELTA</td><td>CONSO</td></tr><tr><td colspan=\"6\"></td></tr><tr><td>Goodwill (gross val.)</td><td>1,200</td><td>0</td><td>0</td><td>0</td><td>1,200</td></tr><tr><td>Goodwill (deprec.)</td><td>(860)</td><td>0</td><td>0</td><td>0</td><td>(860)</td></tr><tr><td>Lands</td><td>1,000</td><td>0</td><td>1,000</td><td>0</td><td>2,000</td></tr><tr><td>Tangible assets (acq.val.)</td><td>0</td><td>4,000</td><td>4,000</td><td>6,400</td><td>14,400</td></tr><tr><td>Tangible assets (deprec.)</td><td>0</td><td>(1,500)</td><td>(800)</td><td>(3,200)</td><td>(5,500)</td></tr><tr><td>Fin.invest./BETA</td><td>0</td><td>0</td><td>0</td><td>0</td><td>0</td></tr><tr><td>Fin.invest./GAMMA</td><td>0</td><td>0</td><td>0</td><td>0</td><td>0</td></tr><tr><td>Fin.invest./DELTA</td><td>0</td><td>0</td><td>0</td><td>0</td><td>0</td></tr><tr><td>Rec.ies</td><td>1,500</td><td>5,000</td><td>2,000</td><td>6,400</td><td>14,900</td></tr><tr><td>Cash</td><td>800</td><td>1,200</td><td>800</td><td>4,800</td><td>7,600</td></tr><tr><td>Link account(Fin.Inv.)</td><td>9,500</td><td>(4,500)</td><td>(1,400)</td><td>(3,600)</td><td>0</td></tr><tr><td></td><td>13,140</td><td>4,200</td><td>5,600</td><td>10,800</td><td>33,740</td></tr><tr><td colspan=\"6\"></td></tr><tr><td>Capital</td><td>5,000</td><td>0</td><td>0</td><td>0</td><td>5,000</td></tr><tr><td>Retained earnings</td><td>3,000</td><td>0</td><td>0</td><td>0</td><td>3,000</td></tr><tr><td>Resewes</td><td>(620)</td><td>0</td><td>0</td><td>0</td><td>(620)</td></tr><tr><td>Result</td><td>160</td><td>0</td><td>0</td><td>0</td><td>160</td></tr><tr><td>Consolidated reserves</td><td>0</td><td>300</td><td>(630)</td><td>3,138</td><td>2,808</td></tr><tr><td>Translation adjustments</td><td>0</td><td>0</td><td>0</td><td>(546)</td><td>(546)</td></tr><tr><td>Minority interests</td><td>0</td><td>1,200</td><td>330</td><td>4,128</td><td>5,658</td></tr><tr><td>Provisions</td><td>1,000</td><td>500</td><td>0</td><td>880</td><td>2,380</td></tr><tr><td>Payables/3rd Parties</td><td>4,600</td><td>2,200</td><td>5,900</td><td>3,200</td><td>15,900</td></tr><tr><td></td><td>13,140</td><td>4,200</td><td>5,600</td><td>10,800</td><td>33,740</td></tr><tr><td colspan=\"6\"></td></tr><tr><td>Turnover/3rd Parties</td><td>10,000</td><td>20,000</td><td>30,000</td><td>21,000</td><td>81,000</td></tr><tr><td>Purchases</td><td>(9,600)</td><td>(18,900)</td><td>(30,100)</td><td>(20,020)</td><td>(78,620)</td></tr><tr><td>Depreciations</td><td>(240)</td><td>(400)</td><td>(300)</td><td>(560)</td><td>(1,500)</td></tr><tr><td>Provisions</td><td>0</td><td>(500)</td><td>0</td><td>210</td><td>(290)</td></tr><tr><td>Result</td><td>160</td><td>200</td><td>(400)</td><td>630</td><td>590</td></tr><tr><td>Group result</td><td>160</td><td>160</td><td>(280)</td><td>378</td><td>418</td></tr><tr><td>Minority result</td><td>0</td><td>40</td><td>(120)</td><td>252</td><td>172</td></tr></table>"
        }
    ],
    [
        {
            "type": "header",
            "bbox": [
                0.432,
                0.073,
                0.852,
                0.089
            ],
            "angle": 0,
            "content": "PART 6 CONSOLIDATION CASE STUDY"
        },
        {
            "type": "text",
            "bbox": [
                0.099,
                0.121,
                0.867,
                0.155
            ],
            "angle": 0,
            "content": "This contribution spreadsheet gives a good overview of this first consolidation with the following comments"
        },
        {
            "type": "text",
            "bbox": [
                0.138,
                0.17,
                0.864,
                0.203
            ],
            "angle": 0,
            "content": "- Goodwills are booked only in ALPHA company. It is normal because it is the unique shareholder in this group."
        },
        {
            "type": "text",
            "bbox": [
                0.138,
                0.218,
                0.864,
                0.266
            ],
            "angle": 0,
            "content": "- All financial investments in consolidated companies have been eliminated. Moreover, the Link account is equal to zero at the end of the consolidation process."
        },
        {
            "type": "text",
            "bbox": [
                0.138,
                0.282,
                0.864,
                0.316
            ],
            "angle": 0,
            "content": "- Consolidated equity includes only ALPHA equity and Consolidated reserves appear only for the three subsidiaries."
        },
        {
            "type": "text",
            "bbox": [
                0.138,
                0.331,
                0.864,
                0.379
            ],
            "angle": 0,
            "content": "- The translation adjustment amount corresponds to the group part (60%) in the translation adjustment initially booked in DELTA company."
        },
        {
            "type": "text",
            "bbox": [
                0.138,
                0.395,
                0.864,
                0.428
            ],
            "angle": 0,
            "content": "- All the amounts in this contribution are of course supposed to be adjusted amounts."
        },
        {
            "type": "list",
            "bbox": [
                0.138,
                0.17,
                0.864,
                0.428
            ],
            "angle": 0,
            "content": null
        },
        {
            "type": "title",
            "bbox": [
                0.102,
                0.462,
                0.702,
                0.483
            ],
            "angle": 0,
            "content": "4 CONSOLIDATION OF YEAR 2"
        },
        {
            "type": "text",
            "bbox": [
                0.1,
                0.506,
                0.866,
                0.539
            ],
            "angle": 0,
            "content": "When receiving individual consolidation bundle of each company, it is worth checking if the announced events are indeed reflected in these accounts."
        },
        {
            "type": "text",
            "bbox": [
                0.1,
                0.555,
                0.866,
                0.588
            ],
            "angle": 0,
            "content": "Moreover, validation of financial investments and equity evolution is the first step to undertake before entering into the consolidation process."
        },
        {
            "type": "text",
            "bbox": [
                0.1,
                0.603,
                0.866,
                0.636
            ],
            "angle": 0,
            "content": "And finally, analyzing these figures can reveal some transactions that the consolidation office may just not simply be aware of."
        },
        {
            "type": "text",
            "bbox": [
                0.102,
                0.651,
                0.377,
                0.668
            ],
            "angle": 0,
            "content": "Let's consider these figures."
        }
    ]
]