[
    [
        {
            "type": "header",
            "bbox": [
                0.12,
                0.066,
                0.371,
                0.08
            ],
            "angle": 0,
            "content": "DIRECT CONSOLIDATION"
        },
        {
            "type": "table",
            "bbox": [
                0.119,
                0.118,
                0.88,
                0.436
            ],
            "angle": 0,
            "content": "<table><tr><td rowspan=\"2\"></td><td colspan=\"2\">ALPHA</td><td colspan=\"2\">BETA</td><td colspan=\"2\">GAMMA</td><td>MU</td><td colspan=\"2\">DELTA (CUR)</td></tr><tr><td>Year 1</td><td>Year 2</td><td>Year 1</td><td>Year 2</td><td>Year 1</td><td>Year 2</td><td>Year 2</td><td>Year 1</td><td>Year 2</td></tr><tr><td>Lands</td><td>1,000</td><td></td><td></td><td>1,500</td><td>1,000</td><td></td><td></td><td></td><td></td></tr><tr><td>Tangible assets (acq.val.)</td><td></td><td></td><td>3,000</td><td>4,000</td><td>4,000</td><td>5,000</td><td>6,000</td><td>8,000</td><td>8,000</td></tr><tr><td>Tangible assets (deprec.)</td><td></td><td></td><td>(1,200)</td><td>(1,800)</td><td>(800)</td><td>(1,300)</td><td>(3,000)</td><td>(4,000)</td><td>(4,800)</td></tr><tr><td>Fin.invest./BETA</td><td>5,000</td><td>7,400</td><td></td><td></td><td></td><td></td><td></td><td></td><td></td></tr><tr><td>Fin.invest./GAMMA</td><td>2,100</td><td>900</td><td></td><td></td><td></td><td></td><td></td><td></td><td></td></tr><tr><td>Fin.invest./DELTA</td><td>3,600</td><td>3,600</td><td></td><td>4,000</td><td></td><td></td><td></td><td></td><td></td></tr><tr><td>Receivables/3rd Parties</td><td>1,500</td><td>1,600</td><td>5,000</td><td>7,000</td><td>2,000</td><td>3,000</td><td>3,000</td><td>8,000</td><td>14,000</td></tr><tr><td>Receivables/DELTA</td><td></td><td>1,000</td><td></td><td></td><td></td><td></td><td></td><td></td><td></td></tr><tr><td>Cash</td><td>800</td><td>1,500</td><td>1,200</td><td>1,000</td><td>800</td><td>1,300</td><td>2,000</td><td>6,000</td><td>4,800</td></tr><tr><td></td><td>14,000</td><td>16,000</td><td>8,000</td><td>15,700</td><td>7,000</td><td>8,000</td><td>8,000</td><td>18,000</td><td>22,000</td></tr><tr><td>Capital</td><td>5,000</td><td>5,000</td><td>3,000</td><td>6,000</td><td>2,000</td><td>2,000</td><td>3,000</td><td>8,000</td><td>8,000</td></tr><tr><td>Retained earnings</td><td>3,000</td><td>3,100</td><td>2,000</td><td>2,300</td><td>(500)</td><td>(900)</td><td>1,000</td><td>4,000</td><td>4,200</td></tr><tr><td>Result</td><td>400</td><td>800</td><td>300</td><td>900</td><td>(400)</td><td>(200)</td><td>500</td><td>600</td><td>1,000</td></tr><tr><td>Provisions</td><td>1,000</td><td>1,200</td><td>500</td><td>600</td><td></td><td></td><td></td><td>1,400</td><td>2,000</td></tr><tr><td>Payables/3rd Paries</td><td>4,600</td><td>5,900</td><td>2,200</td><td>5,900</td><td>5,900</td><td>7,100</td><td>3,500</td><td>4,000</td><td>5,550</td></tr><tr><td>Payables/ALPHA</td><td></td><td></td><td></td><td></td><td></td><td></td><td></td><td></td><td>1,250</td></tr><tr><td></td><td>14,000</td><td>16,000</td><td>8,000</td><td>15,700</td><td>7,000</td><td>8,000</td><td>8,000</td><td>18,000</td><td>22,000</td></tr><tr><td>Turnover/3rd Parties</td><td>10,000</td><td>12,000</td><td>20,000</td><td>30,000</td><td>30,000</td><td>35,000</td><td>10,000</td><td>30,000</td><td>40,000</td></tr><tr><td>Turnover/DELTA</td><td></td><td>3,000</td><td></td><td></td><td></td><td></td><td></td><td></td><td></td></tr><tr><td>Dividends/DELTA</td><td></td><td>150</td><td></td><td></td><td></td><td></td><td></td><td></td><td></td></tr><tr><td>Gain on disposals</td><td></td><td>500</td><td></td><td></td><td></td><td>300</td><td></td><td></td><td></td></tr><tr><td>Purchases/3rd Parties</td><td>(9,600)</td><td>(14,250)</td><td>(18,900)</td><td>(28,400)</td><td>(30,100)</td><td>(35,000)</td><td>(8,900)</td><td>(28,600)</td><td>(32,400)</td></tr><tr><td>Purchases/ALPHA</td><td></td><td></td><td></td><td></td><td></td><td></td><td></td><td></td><td>(5,800)</td></tr><tr><td>Depreciations</td><td></td><td></td><td>(300)</td><td>(600)</td><td>(300)</td><td>(500)</td><td>(600)</td><td>(800)</td><td>(600)</td></tr><tr><td>Provisions</td><td></td><td></td><td></td><td></td><td></td><td></td><td></td><td></td><td></td></tr><tr><td>Loss on disposals</td><td></td><td>(200)</td><td>(500)</td><td>(100)</td><td></td><td></td><td></td><td></td><td></td></tr><tr><td>Result</td><td>400</td><td>800</td><td>300</td><td>900</td><td>(400)</td><td>(200)</td><td>500</td><td>600</td><td>1,000</td></tr></table>"
        },
        {
            "type": "page_number",
            "bbox": [
                0.478,
                0.926,
                0.524,
                0.941
            ],
            "angle": 0,
            "content": "394"
        }
    ],
    [
        {
            "type": "header",
            "bbox": [
                0.434,
                0.074,
                0.855,
                0.09
            ],
            "angle": 0,
            "content": "PART 6 CONSOLIDATION CASE STUDY"
        },
        {
            "type": "title",
            "bbox": [
                0.104,
                0.121,
                0.287,
                0.136
            ],
            "angle": 0,
            "content": "Comeany ALPHA"
        },
        {
            "type": "text",
            "bbox": [
                0.141,
                0.152,
                0.868,
                0.187
            ],
            "angle": 0,
            "content": "- The lands for 1000 in Year 1 have been sold to company BETA for a price of 1500, giving a group profit of 500 that should be eliminated."
        },
        {
            "type": "text",
            "bbox": [
                0.142,
                0.202,
                0.868,
                0.283
            ],
            "angle": 0,
            "content": "- There is an increase of 2400 in the financial investment in BETA. This corresponds to a subscription of \\(2400 = 80\\% * 3000\\) in the capital increase of company. It is important to notice that each shareholder subscribes in the proportion of its participation and that transaction should not imply consolidation adjustments."
        },
        {
            "type": "text",
            "bbox": [
                0.143,
                0.298,
                0.868,
                0.362
            ],
            "angle": 0,
            "content": "- ALPHA has reduced its participation in company GAMMA from \\(70\\%\\) to \\(30\\%\\) by selling for a price of 800 \\(40\\%\\) of shares at a book value of 1200. This transaction gives a loss on disposal for 400 as it can be seen in the P&L"
        },
        {
            "type": "text",
            "bbox": [
                0.143,
                0.378,
                0.868,
                0.442
            ],
            "angle": 0,
            "content": "- There are intercompany receivables with company DELTA for an amount of 1000. The P&L shows also intercompany turnover for 3000 with the same company. These figures will require a special care because the partner DELTA closes its accounts in CUR."
        },
        {
            "type": "text",
            "bbox": [
                0.143,
                0.458,
                0.868,
                0.507
            ],
            "angle": 0,
            "content": "- Analysis of equity shows a distribution of gross dividends for 300. These dividends have been paid during Year 2, which means such transaction should appear in the cash flow statement."
        },
        {
            "type": "text",
            "bbox": [
                0.143,
                0.522,
                0.868,
                0.572
            ],
            "angle": 0,
            "content": "- The dividends for 150 in the P&L have been paid by company DELTA on the basis of 240 CUR = 60% * 400 CUR. These dividends are related to Year 1 profit and paid during Year 2."
        },
        {
            "type": "list",
            "bbox": [
                0.141,
                0.152,
                0.868,
                0.572
            ],
            "angle": 0,
            "content": null
        },
        {
            "type": "title",
            "bbox": [
                0.107,
                0.587,
                0.275,
                0.604
            ],
            "angle": 0,
            "content": "Comeany BETA"
        },
        {
            "type": "text",
            "bbox": [
                0.144,
                0.618,
                0.868,
                0.652
            ],
            "angle": 0,
            "content": "- The lands for 1500 have been acquired from company ALPHA. This book value includes a group profit for 500 to be eliminated."
        },
        {
            "type": "text",
            "bbox": [
                0.144,
                0.667,
                0.868,
                0.732
            ],
            "angle": 0,
            "content": "- BETA acquires \\(90\\%\\) of shares of company MU for a price of 4000. This acquisition occurs on July \\(1^{st}\\), Year 2. This will imply a goodwill calculation at that date. Moreover, we must consolidate only the last six months of the new company."
        },
        {
            "type": "text",
            "bbox": [
                0.144,
                0.747,
                0.759,
                0.763
            ],
            "angle": 0,
            "content": "We notice indeed a capital increase for an amount of 3000."
        },
        {
            "type": "list",
            "bbox": [
                0.144,
                0.618,
                0.868,
                0.763
            ],
            "angle": 0,
            "content": null
        },
        {
            "type": "title",
            "bbox": [
                0.106,
                0.78,
                0.301,
                0.796
            ],
            "angle": 0,
            "content": "Company GAMMA"
        },
        {
            "type": "text",
            "bbox": [
                0.143,
                0.811,
                0.868,
                0.86
            ],
            "angle": 0,
            "content": "- All transactions reflected in these accounts occur with the outside world and need no consolidation adjustments. Of course, this company is now consolidated with the equity method."
        }
    ],
    [
        {
            "type": "header",
            "bbox": [
                0.12,
                0.068,
                0.371,
                0.082
            ],
            "angle": 0,
            "content": "DIRECT CONSOLIDATION"
        },
        {
            "type": "table",
            "bbox": [
                0.119,
                0.119,
                0.873,
                0.435
            ],
            "angle": 0,
            "content": "<table><tr><td rowspan=\"2\"></td><td colspan=\"2\">ALPHA</td><td colspan=\"2\">BETA</td><td colspan=\"2\">GAMMA</td><td>MUJ</td><td colspan=\"2\">DELTA (CUR)</td></tr><tr><td>Year 1</td><td>Year 2</td><td>Year 1</td><td>Year 2</td><td>Year 1</td><td>Year 2</td><td>Year 2</td><td>Year 1</td><td>Year 2</td></tr><tr><td>Lands</td><td>1,000</td><td></td><td></td><td>1,500</td><td>1,000</td><td></td><td></td><td></td><td></td></tr><tr><td>Tangible assets (acq.val.)</td><td></td><td></td><td>3,000</td><td>4,000</td><td>4,000</td><td>5,000</td><td>6,000</td><td>8,000</td><td>8,000</td></tr><tr><td>Tangible assets (deprec.)</td><td></td><td></td><td>(1,200)</td><td>(1,800)</td><td>(800)</td><td>(1,300)</td><td>(3,000)</td><td>(4,000)</td><td>(4,800)</td></tr><tr><td>Fin.invest./BETA</td><td>5,000</td><td>7,400</td><td></td><td></td><td></td><td></td><td></td><td></td><td></td></tr><tr><td>Fin.invest./GAMMA</td><td>2,100</td><td>900</td><td></td><td></td><td></td><td></td><td></td><td></td><td></td></tr><tr><td>Fin.invest./DELTA</td><td>3,600</td><td>3,600</td><td></td><td>4,000</td><td></td><td></td><td></td><td></td><td></td></tr><tr><td>Receivables/3rd Parties</td><td>1,500</td><td>1,600</td><td>5,000</td><td>7,000</td><td>2,000</td><td>3,000</td><td>3,000</td><td>8,000</td><td>14,000</td></tr><tr><td>Receivables/DELTA</td><td></td><td>1,000</td><td></td><td></td><td></td><td></td><td></td><td></td><td></td></tr><tr><td>Cash</td><td>800</td><td>1,500</td><td>1,200</td><td>1,000</td><td>800</td><td>1,300</td><td>2,000</td><td>6,000</td><td>4,800.</td></tr><tr><td></td><td>14,000</td><td>16,000</td><td>8,000</td><td>15,700</td><td>7,000</td><td>8,000</td><td>8,000</td><td>18,000</td><td>22,000</td></tr><tr><td>Capital</td><td>5,000</td><td>5,000</td><td>3,000</td><td>6,000</td><td>2,000</td><td>2,000</td><td>3,000</td><td>8,000</td><td>8,000</td></tr><tr><td>Retained earnings</td><td>3,000</td><td>3,100</td><td>2,000</td><td>2,300</td><td>(500)</td><td>(900)</td><td>1,000</td><td>4,000</td><td>4,200</td></tr><tr><td>Result</td><td>400</td><td>800</td><td>300</td><td>900</td><td>(400)</td><td>(200)</td><td>500</td><td>600</td><td>1,000</td></tr><tr><td>Provisions</td><td>1,000</td><td>1,200</td><td>500</td><td>600</td><td></td><td></td><td></td><td>1,400</td><td>2,000</td></tr><tr><td>Payables/3rd Parties</td><td>4,600</td><td>5,900</td><td>2,200</td><td>5,900</td><td>5,900</td><td>7,100</td><td>3,500</td><td>4,000</td><td>5,550</td></tr><tr><td>Payables/ALPHA</td><td></td><td></td><td></td><td></td><td></td><td></td><td></td><td></td><td>1,250</td></tr><tr><td></td><td>14,000</td><td>16,000</td><td>8,000</td><td>15,700</td><td>7,000</td><td>8,000</td><td>8,000</td><td>18,000</td><td>22,000</td></tr><tr><td>Turnover/3rd Parties</td><td>10,000</td><td>12,000</td><td>20,000</td><td>30,000</td><td>30,000</td><td>35,000</td><td>10,000</td><td>30,000</td><td>40,000</td></tr><tr><td>Turnover/DELTA</td><td></td><td>3,000</td><td></td><td></td><td></td><td></td><td></td><td></td><td></td></tr><tr><td>Dividends/DELTA</td><td></td><td>150</td><td></td><td></td><td></td><td></td><td></td><td></td><td></td></tr><tr><td>Gain on disposals</td><td></td><td>500</td><td></td><td></td><td></td><td>300</td><td></td><td></td><td></td></tr><tr><td>Purchases/3rd Parties</td><td>(9,600)</td><td>(14,250)</td><td>(18,900)</td><td>(28,400)</td><td>(30,100)</td><td>(35,000)</td><td>(8,900)</td><td>(28,600)</td><td>(32,400)</td></tr><tr><td>Purchases/ALPHA</td><td></td><td></td><td></td><td></td><td></td><td></td><td></td><td></td><td>(5,200)</td></tr><tr><td>Depreciations</td><td></td><td></td><td>(300)</td><td>(600)</td><td>(300)</td><td>(500)</td><td>(600)</td><td>(800)</td><td>(800)</td></tr><tr><td>Provisions</td><td></td><td>(200)</td><td></td><td></td><td></td><td></td><td></td><td></td><td>(600)</td></tr><tr><td>Loss on disposals</td><td></td><td>(400)</td><td>(500)</td><td>(100)</td><td></td><td></td><td></td><td></td><td></td></tr><tr><td>Result</td><td>400</td><td>800</td><td>300</td><td>900</td><td>(400)</td><td>(200)</td><td>500</td><td>600</td><td>1,000</td></tr></table>"
        },
        {
            "type": "page_number",
            "bbox": [
                0.476,
                0.923,
                0.519,
                0.938
            ],
            "angle": 0,
            "content": "396"
        }
    ],
    [
        {
            "type": "header",
            "bbox": [
                0.432,
                0.074,
                0.852,
                0.09
            ],
            "angle": 0,
            "content": "PART 6 CONSOLIDATION CASE STUDY"
        },
        {
            "type": "title",
            "bbox": [
                0.102,
                0.122,
                0.25,
                0.138
            ],
            "angle": 0,
            "content": "Company MU"
        },
        {
            "type": "text",
            "bbox": [
                0.14,
                0.154,
                0.867,
                0.203
            ],
            "angle": 0,
            "content": "- This is a new company acquired by company GAMMA on July \\(1^{st}\\), Year 2. On that date, the company's result was already 200. Here are the accounts giving that result:"
        },
        {
            "type": "text",
            "bbox": [
                0.217,
                0.219,
                0.465,
                0.234
            ],
            "angle": 0,
            "content": "Turnover 6000"
        },
        {
            "type": "text",
            "bbox": [
                0.219,
                0.235,
                0.464,
                0.249
            ],
            "angle": 0,
            "content": "o Purchases 5500"
        },
        {
            "type": "text",
            "bbox": [
                0.219,
                0.252,
                0.464,
                0.266
            ],
            "angle": 0,
            "content": "o Depreciations 300"
        },
        {
            "type": "list",
            "bbox": [
                0.217,
                0.219,
                0.465,
                0.266
            ],
            "angle": 0,
            "content": null
        },
        {
            "type": "text",
            "bbox": [
                0.141,
                0.282,
                0.697,
                0.3
            ],
            "angle": 0,
            "content": "The due diligence concludes to no goodwill allocation."
        },
        {
            "type": "title",
            "bbox": [
                0.104,
                0.315,
                0.285,
                0.331
            ],
            "angle": 0,
            "content": "Company DELTA"
        },
        {
            "type": "text",
            "bbox": [
                0.141,
                0.347,
                0.867,
                0.395
            ],
            "angle": 0,
            "content": "Equity analysis confirms the payment of dividends for 400 CUR. As stated before, company ALPHA receives \\(240\\ \\mathrm{CUR} = 60\\%\\) * 400 CUR booked for a value of 150 EUR."
        },
        {
            "type": "text",
            "bbox": [
                0.141,
                0.411,
                0.867,
                0.475
            ],
            "angle": 0,
            "content": "- We remind that the provisions still include an amount of 300 CUR to be eliminated. These provisions have already been adjusted during Year 1 consolidation. This means that the adjustment has to be maintained."
        },
        {
            "type": "text",
            "bbox": [
                0.141,
                0.491,
                0.867,
                0.557
            ],
            "angle": 0,
            "content": "- The intercompany payables of 1250 CUR with partner ALPHA correspond to the intercompany receivables booked in ALPHA accounts. This means the difference that will be noticed after currency translation is to be considered as an exchange gain or loss."
        },
        {
            "type": "text",
            "bbox": [
                0.141,
                0.571,
                0.866,
                0.603
            ],
            "angle": 0,
            "content": "- The same comment can be made for the intercompany purchases with ALPHA for an amount of 5200 CUR."
        },
        {
            "type": "list",
            "bbox": [
                0.141,
                0.347,
                0.867,
                0.603
            ],
            "angle": 0,
            "content": null
        },
        {
            "type": "text",
            "bbox": [
                0.104,
                0.619,
                0.792,
                0.636
            ],
            "angle": 0,
            "content": "Let's now proceed to the consolidation of Year 2 like we did for Year 1."
        }
    ],
    [
        {
            "type": "header",
            "bbox": [
                0.125,
                0.065,
                0.376,
                0.08
            ],
            "angle": 0,
            "content": "DIRECT CONSOLIDATION"
        },
        {
            "type": "table",
            "bbox": [
                0.119,
                0.142,
                0.867,
                0.711
            ],
            "angle": 0,
            "content": "<table><tr><td>ALPHA</td><td>(1)</td><td>(2)</td><td>(3)</td><td>(4)</td><td>(5)</td><td>(6)</td><td>(7)</td></tr><tr><td>Goodwill (gross val.)</td><td></td><td>500</td><td></td><td>300</td><td></td><td></td><td>800</td></tr><tr><td>Goodwill (deprec.)</td><td></td><td></td><td>(400)</td><td></td><td>(300)</td><td></td><td>(700)</td></tr><tr><td>Lands</td><td></td><td></td><td></td><td></td><td></td><td></td><td>0</td></tr><tr><td>Tangible assets (acq.val.)</td><td></td><td></td><td></td><td></td><td></td><td></td><td>0</td></tr><tr><td>Tangible assets (deprec.)</td><td></td><td></td><td></td><td></td><td></td><td></td><td>0</td></tr><tr><td>Fin.invest./BETA</td><td>7,400</td><td>(500)</td><td></td><td>(300)</td><td></td><td></td><td>6,900</td></tr><tr><td>Fin.invest./GAMMA</td><td>900</td><td></td><td></td><td></td><td></td><td></td><td>600</td></tr><tr><td>Fin.invest./DELTA</td><td>3,600</td><td></td><td></td><td></td><td></td><td></td><td>3,600</td></tr><tr><td>Fin.invest./MU</td><td></td><td></td><td></td><td></td><td></td><td></td><td>0</td></tr><tr><td>Equity value</td><td></td><td></td><td></td><td></td><td></td><td></td><td>0</td></tr><tr><td>Receivables/3rd Parties</td><td>1,600</td><td></td><td></td><td></td><td></td><td></td><td>1,600</td></tr><tr><td>Receivables/DELTA</td><td>1,000</td><td></td><td></td><td></td><td></td><td></td><td>1,000</td></tr><tr><td>Cash</td><td>1,500</td><td></td><td></td><td></td><td></td><td></td><td>1,500</td></tr><tr><td>Link account(Intercos)</td><td></td><td></td><td></td><td></td><td></td><td></td><td>0</td></tr><tr><td>Link account(Fin,Inv.)</td><td></td><td></td><td></td><td></td><td></td><td></td><td>0</td></tr><tr><td></td><td>16,000</td><td>0</td><td>(400)</td><td>0</td><td>(300)</td><td>0</td><td>15,300&#x27;</td></tr><tr><td></td><td></td><td></td><td></td><td></td><td></td><td></td><td></td></tr><tr><td>Capital</td><td>5,000</td><td></td><td></td><td></td><td></td><td></td><td>5,000</td></tr><tr><td>Retained earnings</td><td>3,100</td><td></td><td></td><td></td><td></td><td></td><td>3,100</td></tr><tr><td>Reserves</td><td></td><td></td><td>(300)</td><td></td><td>(240)</td><td>168</td><td>(372)</td></tr><tr><td>Result</td><td>800</td><td></td><td>(100)</td><td></td><td>(60)</td><td>(168)</td><td>472</td></tr><tr><td>Consolidated reserves</td><td></td><td></td><td></td><td></td><td></td><td></td><td>0</td></tr><tr><td>Translation adjustments</td><td></td><td></td><td></td><td></td><td></td><td></td><td>0</td></tr><tr><td>Minority interests</td><td></td><td></td><td></td><td></td><td></td><td></td><td>0</td></tr><tr><td>Provisions</td><td>1,200</td><td></td><td></td><td></td><td></td><td></td><td>1,200</td></tr><tr><td>Payables/3rd Parties</td><td>5,900</td><td></td><td></td><td></td><td></td><td></td><td>5,900</td></tr><tr><td>Payables/ALPHA</td><td></td><td></td><td></td><td></td><td></td><td></td><td>0</td></tr><tr><td></td><td>16,000</td><td>0</td><td>(400)</td><td>0</td><td>(300)</td><td>0</td><td>15,300</td></tr><tr><td></td><td></td><td></td><td></td><td></td><td></td><td></td><td></td></tr><tr><td>Turnover/3rd Parties</td><td>12,000</td><td></td><td></td><td></td><td></td><td></td><td>12,000</td></tr><tr><td>Turnover/DELTA</td><td>3,000</td><td></td><td></td><td></td><td></td><td></td><td>3,000</td></tr><tr><td>Dividends/DELTA</td><td>150</td><td></td><td></td><td></td><td></td><td></td><td>0</td></tr><tr><td>Exchange gain(unrealized)</td><td></td><td></td><td></td><td></td><td></td><td></td><td>0</td></tr><tr><td>Gain on disposals</td><td>500</td><td></td><td></td><td></td><td></td><td></td><td>500</td></tr><tr><td>Purchases/3rd Parties</td><td>(14,250)</td><td></td><td></td><td></td><td></td><td></td><td>(14,250)</td></tr><tr><td>Purchases/ALPHA</td><td></td><td></td><td></td><td></td><td></td><td></td><td>0</td></tr><tr><td>Depreciations</td><td></td><td></td><td>(100)</td><td></td><td>(60)</td><td></td><td>(160)</td></tr><tr><td>Provisions</td><td>(200)</td><td></td><td></td><td></td><td></td><td></td><td>(200)</td></tr><tr><td>Exchange loss( realized)</td><td></td><td></td><td></td><td></td><td></td><td></td><td>(18)</td></tr><tr><td>Loss on disposals</td><td>(400)</td><td></td><td></td><td></td><td></td><td></td><td>(400)</td></tr><tr><td>Loss on equity cies</td><td></td><td></td><td></td><td></td><td></td><td></td><td>0</td></tr><tr><td>Link account(Intercos)</td><td></td><td></td><td></td><td></td><td></td><td></td><td>0</td></tr><tr><td>Result</td><td>800</td><td>0</td><td>(100)</td><td>0</td><td>(60)</td><td>(168)</td><td>472</td></tr></table>"
        }
    ],
    [
        {
            "type": "header",
            "bbox": [
                0.433,
                0.073,
                0.856,
                0.089
            ],
            "angle": 0,
            "content": "PART 6 CONSOLIDATION CASE STUDY"
        },
        {
            "type": "title",
            "bbox": [
                0.102,
                0.12,
                0.331,
                0.138
            ],
            "angle": 0,
            "content": "ALPHA - Column (1)"
        },
        {
            "type": "text",
            "bbox": [
                0.102,
                0.153,
                0.295,
                0.171
            ],
            "angle": 0,
            "content": "Statutory accounts."
        },
        {
            "type": "title",
            "bbox": [
                0.102,
                0.185,
                0.331,
                0.203
            ],
            "angle": 0,
            "content": "ALPHA - Column (2)"
        },
        {
            "type": "text",
            "bbox": [
                0.101,
                0.217,
                0.416,
                0.282
            ],
            "angle": 0,
            "content": "Historical goodwill of 500 related to the acquisition of company BETA in beginning of Year -1."
        },
        {
            "type": "table",
            "bbox": [
                0.429,
                0.212,
                0.872,
                0.264
            ],
            "angle": 0,
            "content": "<table><tr><td></td><td>Debit</td><td>Credit</td></tr><tr><td>Goodwill (gross val.)</td><td>500</td><td></td></tr><tr><td>Fin.invest./BETA</td><td></td><td>500</td></tr></table>"
        },
        {
            "type": "title",
            "bbox": [
                0.102,
                0.298,
                0.331,
                0.316
            ],
            "angle": 0,
            "content": "ALPHA - Column (3)"
        },
        {
            "type": "text",
            "bbox": [
                0.102,
                0.33,
                0.418,
                0.428
            ],
            "angle": 0,
            "content": "This goodwill is now depreciated for an amount of (400) corresponding to (300) impacting the Reserves and a depreciation of (100) to book in P&L."
        },
        {
            "type": "text",
            "bbox": [
                0.715,
                0.332,
                0.868,
                0.348
            ],
            "angle": 0,
            "content": "Debit Credit"
        },
        {
            "type": "text",
            "bbox": [
                0.434,
                0.35,
                0.528,
                0.365
            ],
            "angle": 0,
            "content": "Reserves"
        },
        {
            "type": "text",
            "bbox": [
                0.434,
                0.365,
                0.61,
                0.382
            ],
            "angle": 0,
            "content": "Goodwill (deprec.)"
        },
        {
            "type": "text",
            "bbox": [
                0.434,
                0.382,
                0.573,
                0.396
            ],
            "angle": 0,
            "content": "De, reciations"
        },
        {
            "type": "title",
            "bbox": [
                0.103,
                0.443,
                0.331,
                0.46
            ],
            "angle": 0,
            "content": "ALPHA - Column (4)"
        },
        {
            "type": "text",
            "bbox": [
                0.102,
                0.475,
                0.42,
                0.54
            ],
            "angle": 0,
            "content": "Initially, we had a gross goodwill of 700 corresponding to the \\(70\\%\\) acquisition of GAMMA. In January this year,"
        },
        {
            "type": "table",
            "bbox": [
                0.434,
                0.475,
                0.877,
                0.528
            ],
            "angle": 0,
            "content": "<table><tr><td></td><td>Debit</td><td>Credit</td></tr><tr><td>Goodwill (gross val.)</td><td>300</td><td></td></tr><tr><td>Fin.invest./GAMMA</td><td></td><td>300</td></tr></table>"
        },
        {
            "type": "text",
            "bbox": [
                0.102,
                0.54,
                0.87,
                0.59
            ],
            "angle": 0,
            "content": "ALPHA has sold \\(40\\%\\) of these shares, remaining with a participation of \\(30\\%\\). The remaining gross goodwill kept in the consolidation is than \\(300 = 700 \\times [30\\% / 70\\%]\\)."
        },
        {
            "type": "title",
            "bbox": [
                0.104,
                0.604,
                0.331,
                0.621
            ],
            "angle": 0,
            "content": "ALPHA - Column (5)"
        },
        {
            "type": "text",
            "bbox": [
                0.103,
                0.636,
                0.421,
                0.716
            ],
            "angle": 0,
            "content": "Same comment can be made for the goodwill depreciations which opening value is (240) = (560) \\(\\times\\) [30% / 70%]. After this transaction, the net value"
        },
        {
            "type": "table",
            "bbox": [
                0.434,
                0.633,
                0.877,
                0.703
            ],
            "angle": 0,
            "content": "<table><tr><td></td><td>Debit</td><td>Credit</td></tr><tr><td>Reserves</td><td>240</td><td></td></tr><tr><td>Goodwill (deprec.)</td><td></td><td>300</td></tr><tr><td>Depreciations</td><td>60</td><td></td></tr></table>"
        },
        {
            "type": "text",
            "bbox": [
                0.103,
                0.717,
                0.797,
                0.734
            ],
            "angle": 0,
            "content": "of the goodwill is now 60 and the group decides to depreciate it totally."
        },
        {
            "type": "title",
            "bbox": [
                0.104,
                0.749,
                0.331,
                0.766
            ],
            "angle": 0,
            "content": "ALPHA - Column (6)"
        },
        {
            "type": "text",
            "bbox": [
                0.103,
                0.781,
                0.416,
                0.845
            ],
            "angle": 0,
            "content": "Company DELTA is paying dividends for 400 CUR valuated at Year 1 average rate of 0.7. ALPHA should then receive 168"
        },
        {
            "type": "table",
            "bbox": [
                0.432,
                0.766,
                0.872,
                0.834
            ],
            "angle": 0,
            "content": "<table><tr><td></td><td>Debit</td><td>Credit</td></tr><tr><td>Dividends/DELTA</td><td>150</td><td></td></tr><tr><td>Exchange loss(realized)</td><td>18</td><td></td></tr><tr><td>Reserves</td><td></td><td>168</td></tr></table>"
        },
        {
            "type": "text",
            "bbox": [
                0.103,
                0.845,
                0.87,
                0.88
            ],
            "angle": 0,
            "content": "\\(= 60\\%\\) \\(400\\) CUR \\(^{\\star}0.7\\) but, on the basis of the bank receipt, books only 150. The difference is considered as a realized exchange loss."
        }
    ],
    [
        {
            "type": "header",
            "bbox": [
                0.122,
                0.065,
                0.375,
                0.078
            ],
            "angle": 0,
            "content": "DIRECT CONSOLIDATION"
        },
        {
            "type": "table",
            "bbox": [
                0.117,
                0.117,
                0.882,
                0.786
            ],
            "angle": 0,
            "content": "<table><tr><td>ALPHA</td><td>(7)</td><td>(8)</td><td>(9)</td><td>(10)</td><td>(11)</td><td>(12)</td></tr><tr><td>Goodwill (gross val.)</td><td>800</td><td></td><td></td><td></td><td></td><td>800</td></tr><tr><td>Goodwill (deprec.)</td><td>(700)</td><td></td><td></td><td></td><td></td><td>(700)</td></tr><tr><td>Lands</td><td>0</td><td></td><td></td><td></td><td></td><td>0</td></tr><tr><td>Tangible assets (acq.val.)</td><td>0</td><td></td><td></td><td></td><td></td><td>0</td></tr><tr><td>Tangible assets (deprec.)</td><td>0</td><td></td><td></td><td></td><td></td><td>0</td></tr><tr><td>Fin.invest./BETA</td><td>6,900</td><td></td><td></td><td></td><td>(6,900)</td><td>0</td></tr><tr><td>Fin.invest./GAMMA</td><td>600</td><td></td><td></td><td></td><td>(600)</td><td>0</td></tr><tr><td>Fin.invest./DELTA</td><td>3,600</td><td></td><td></td><td></td><td>(3,600)</td><td>0</td></tr><tr><td>Fin.invest./MU</td><td>0</td><td></td><td></td><td></td><td></td><td>0</td></tr><tr><td>Equity value</td><td>0</td><td></td><td></td><td></td><td></td><td>0</td></tr><tr><td>Receivables/3rd Parties</td><td>1,600</td><td></td><td></td><td></td><td></td><td>1,600</td></tr><tr><td>Receivables/DELTA</td><td>1,000</td><td></td><td></td><td>(1,000)</td><td></td><td>0</td></tr><tr><td>Cash</td><td>1,500</td><td></td><td></td><td></td><td></td><td>1,500</td></tr><tr><td>Link account(Intercos)</td><td>0</td><td></td><td></td><td></td><td></td><td>1,000</td></tr><tr><td>Link account(Fin.Inv.)</td><td>0</td><td></td><td></td><td></td><td>11,100</td><td>11,100</td></tr><tr><td></td><td>15,300</td><td>0</td><td>0</td><td>0</td><td>0</td><td>15,300</td></tr><tr><td></td><td></td><td></td><td></td><td></td><td></td><td></td></tr><tr><td>Capital</td><td>5,000</td><td></td><td></td><td></td><td></td><td>5,000</td></tr><tr><td>Retained earnings</td><td>3,100</td><td></td><td></td><td></td><td></td><td>3,100</td></tr><tr><td>Reserves</td><td>(372)</td><td>400</td><td>(680)</td><td></td><td></td><td>(652)</td></tr><tr><td>Result</td><td>472</td><td>(400)</td><td>680</td><td></td><td></td><td>752</td></tr><tr><td>Consolidated reserves</td><td>0</td><td></td><td></td><td></td><td></td><td>0</td></tr><tr><td>Translation adjustments</td><td>0</td><td></td><td></td><td></td><td></td><td>0</td></tr><tr><td>Minority interests</td><td>0</td><td></td><td></td><td></td><td></td><td>0</td></tr><tr><td>Provisions</td><td>1,200</td><td></td><td></td><td></td><td></td><td>1,200</td></tr><tr><td>Payables/3rd Parties</td><td>5,900</td><td></td><td></td><td></td><td></td><td>5,900</td></tr><tr><td>Payables/ALPHA</td><td>0</td><td></td><td></td><td></td><td></td><td>0</td></tr><tr><td></td><td>15,300</td><td>0</td><td>0</td><td></td><td>0</td><td>15,300</td></tr><tr><td></td><td></td><td></td><td></td><td></td><td></td><td></td></tr><tr><td>Turnover/3rd Parties</td><td>12,000</td><td></td><td></td><td></td><td></td><td>12,000</td></tr><tr><td>Turnover/DELTA</td><td>3,000</td><td></td><td></td><td>(3,000)</td><td></td><td>0</td></tr><tr><td>Dividends/DELTA</td><td>0</td><td></td><td></td><td></td><td></td><td>0</td></tr><tr><td>Exchange gain(unrealized)</td><td>0</td><td></td><td></td><td></td><td></td><td>0</td></tr><tr><td>Gain on disposals</td><td>500</td><td>(400)</td><td>280</td><td></td><td></td><td>380</td></tr><tr><td>Purchases/3rd Parties</td><td>(14,250)</td><td></td><td></td><td></td><td></td><td>(14,250)</td></tr><tr><td>Purchases/ALPHA</td><td>0</td><td></td><td></td><td></td><td></td><td>0</td></tr><tr><td>Depreciations</td><td>(160)</td><td></td><td></td><td></td><td></td><td>(160)</td></tr><tr><td>Provisions</td><td>(200)</td><td></td><td></td><td></td><td></td><td>(200)</td></tr><tr><td>Exchange loss( realized)</td><td>(18)</td><td></td><td></td><td></td><td></td><td>(18)</td></tr><tr><td>Loss on disposals</td><td>(400)</td><td></td><td>400</td><td></td><td></td><td>0</td></tr><tr><td>Loss on equity cies</td><td>0</td><td></td><td></td><td></td><td></td><td>0</td></tr><tr><td>Link account(Intercos)</td><td>0</td><td></td><td></td><td>3,000</td><td></td><td>3,000</td></tr><tr><td>Result</td><td>472</td><td>(400)</td><td>680</td><td>0</td><td>0</td><td>752</td></tr><tr><td>Group result</td><td></td><td></td><td></td><td></td><td></td><td>752</td></tr><tr><td>Minority result</td><td></td><td></td><td></td><td></td><td></td><td>0</td></tr></table>"
        }
    ],
    [
        {
            "type": "header",
            "bbox": [
                0.437,
                0.075,
                0.856,
                0.091
            ],
            "angle": 0,
            "content": "PART 6 CONSOLIDATION CASE STUDY"
        },
        {
            "type": "title",
            "bbox": [
                0.108,
                0.123,
                0.335,
                0.14
            ],
            "angle": 0,
            "content": "ALPHA = Column (7)"
        },
        {
            "type": "text",
            "bbox": [
                0.108,
                0.154,
                0.641,
                0.172
            ],
            "angle": 0,
            "content": "We continue by referencing to the subtotal column (7)."
        },
        {
            "type": "title",
            "bbox": [
                0.108,
                0.187,
                0.336,
                0.205
            ],
            "angle": 0,
            "content": "ALPHA - Column (8)"
        },
        {
            "type": "text",
            "bbox": [
                0.107,
                0.219,
                0.42,
                0.268
            ],
            "angle": 0,
            "content": "We have already noticed that the disposal of lands for a price of 1500 generates a group"
        },
        {
            "type": "table",
            "bbox": [
                0.434,
                0.215,
                0.872,
                0.266
            ],
            "angle": 0,
            "content": "<table><tr><td></td><td>Debit</td><td>Credit</td></tr><tr><td>Gain on disposals</td><td>400</td><td></td></tr><tr><td>Reserves</td><td></td><td>400</td></tr></table>"
        },
        {
            "type": "text",
            "bbox": [
                0.107,
                0.269,
                0.871,
                0.332
            ],
            "angle": 0,
            "content": "profit of 500. This transaction being concluded with the \\(80\\%\\) owned company BETA implies we recognize a group profit for only \\(400 = 80\\% * 500\\) which has to be eliminated and we keep a profit of \\(100 = 20\\% * 500\\) with the \\(3^{\\text{rd}}\\) Parties."
        },
        {
            "type": "title",
            "bbox": [
                0.108,
                0.347,
                0.336,
                0.365
            ],
            "angle": 0,
            "content": "ALPHA - Column (9)"
        },
        {
            "type": "text",
            "bbox": [
                0.107,
                0.379,
                0.871,
                0.414
            ],
            "angle": 0,
            "content": "In statutory accounts, the \\(40\\%\\) GAMMA shares valuated at 1200 are disposed for a price of 800 giving a loss of 400."
        },
        {
            "type": "text",
            "bbox": [
                0.107,
                0.427,
                0.872,
                0.524
            ],
            "angle": 0,
            "content": "In consolidated accounts, the value of these shares is \\(440 = 40\\% * [2000 + (900)]\\) where figures between brackets are the equity at time of disposal. Moreover, a corresponding part of the remaining goodwill has also to be eliminated against the P&L. We speak about \\(80 = [40\\% / 70\\%]^{*} [700 + (560)]\\). Compared to the disposal price of 800, the consolidated gain is \\(280 = 800 - 440 - 80\\)."
        },
        {
            "type": "text",
            "bbox": [
                0.108,
                0.54,
                0.421,
                0.603
            ],
            "angle": 0,
            "content": "The final adjustment eliminates the statutory loss for 400 and book a complementary gain of 280."
        },
        {
            "type": "table",
            "bbox": [
                0.434,
                0.53,
                0.872,
                0.597
            ],
            "angle": 0,
            "content": "<table><tr><td></td><td>Debit</td><td>Credit</td></tr><tr><td>Reserves</td><td>680</td><td></td></tr><tr><td>Loss on disposals</td><td></td><td>400</td></tr><tr><td>Gain on disposals</td><td></td><td>280</td></tr></table>"
        },
        {
            "type": "title",
            "bbox": [
                0.109,
                0.62,
                0.349,
                0.638
            ],
            "angle": 0,
            "content": "ALPHA - Column (10)"
        },
        {
            "type": "text",
            "bbox": [
                0.108,
                0.651,
                0.42,
                0.732
            ],
            "angle": 0,
            "content": "We eliminate the intercompany positions with DELTA on the receivables and turnover accounts against the Link account."
        },
        {
            "type": "table",
            "bbox": [
                0.434,
                0.648,
                0.872,
                0.732
            ],
            "angle": 0,
            "content": "<table><tr><td></td><td>Debit</td><td>Credit</td></tr><tr><td>Link account(Intercos)</td><td>1,000</td><td></td></tr><tr><td>Receivables/DELTA</td><td></td><td></td></tr><tr><td>Turnover/DELTA</td><td>3,000</td><td></td></tr><tr><td>Link account Intercos</td><td></td><td>3,000</td></tr></table>"
        },
        {
            "type": "title",
            "bbox": [
                0.108,
                0.763,
                0.349,
                0.781
            ],
            "angle": 0,
            "content": "ALPHA - Column (11)"
        },
        {
            "type": "text",
            "bbox": [
                0.107,
                0.795,
                0.42,
                0.844
            ],
            "angle": 0,
            "content": "Elimination of each Financial investment via the Link account."
        },
        {
            "type": "table",
            "bbox": [
                0.434,
                0.766,
                0.872,
                0.851
            ],
            "angle": 0,
            "content": "<table><tr><td></td><td>Debit</td><td>Credit</td></tr><tr><td>Link account(Fin.Inv.)</td><td>11,100</td><td></td></tr><tr><td>Fin.invest./BETA</td><td></td><td>6,900</td></tr><tr><td>Fin.invest./GAMMA</td><td></td><td></td></tr><tr><td>Fin.invest./DELTA</td><td></td><td>3 600</td></tr></table>"
        }
    ],
    [
        {
            "type": "header",
            "bbox": [
                0.121,
                0.065,
                0.373,
                0.079
            ],
            "angle": 0,
            "content": "DIRECT CONSOLIDATION"
        },
        {
            "type": "table",
            "bbox": [
                0.116,
                0.117,
                0.915,
                0.796
            ],
            "angle": 0,
            "content": "<table><tr><td>BETA</td><td>(1)</td><td>(2)</td><td>(3)</td><td>(4)</td><td>(5)</td><td>(6)</td><td>(7)</td></tr><tr><td>Goodwill (gross val.)</td><td></td><td></td><td></td><td></td><td>220</td><td>(22)</td><td>220</td></tr><tr><td>Goodwill (deprec.)</td><td></td><td></td><td></td><td></td><td></td><td></td><td>(22)</td></tr><tr><td>Lands</td><td>1,500</td><td></td><td></td><td>(500)</td><td></td><td></td><td>1,000</td></tr><tr><td>Tangible assets (acq.val.)</td><td>4,000</td><td>1,000</td><td></td><td></td><td></td><td></td><td>5,000</td></tr><tr><td>Tangible assets (deprec.)</td><td>(1,800)</td><td></td><td>(400)</td><td></td><td></td><td></td><td>(2,200)</td></tr><tr><td>Fin.invest./BETA</td><td></td><td></td><td></td><td></td><td></td><td></td><td>0</td></tr><tr><td>Fin.invest./GAIYMA</td><td></td><td></td><td></td><td></td><td></td><td></td><td>0</td></tr><tr><td>Fin.invest./DELTA</td><td></td><td></td><td></td><td></td><td></td><td></td><td>0</td></tr><tr><td>Fin.invest./MU</td><td>4,000</td><td></td><td></td><td></td><td>(220)</td><td></td><td>3,780</td></tr><tr><td>Equity value</td><td></td><td></td><td></td><td></td><td></td><td></td><td>0</td></tr><tr><td>Receivables/3rd Parties</td><td>7,000</td><td></td><td></td><td></td><td></td><td></td><td>7,000</td></tr><tr><td>Receivables/DELTA</td><td></td><td></td><td></td><td></td><td></td><td></td><td>0</td></tr><tr><td>Cash</td><td>1,000</td><td></td><td></td><td></td><td></td><td></td><td>1,000</td></tr><tr><td>Link account(Intercos)</td><td></td><td></td><td></td><td></td><td></td><td></td><td>0</td></tr><tr><td>Link account(Fin.Inv.)</td><td></td><td></td><td></td><td></td><td></td><td></td><td>0</td></tr><tr><td></td><td>15,700</td><td>1,000</td><td>(400)</td><td>(500)</td><td>0</td><td>(22)</td><td>15,778</td></tr><tr><td>Capital</td><td>6,000</td><td></td><td></td><td></td><td></td><td></td><td>6,000</td></tr><tr><td>Retained earnings</td><td>2,300</td><td></td><td></td><td></td><td></td><td></td><td>2,300</td></tr><tr><td>Reserves</td><td></td><td>1,000</td><td>(300)</td><td>(500)</td><td></td><td>(22)</td><td>778</td></tr><tr><td>Result</td><td>900</td><td></td><td>(100)</td><td></td><td></td><td></td><td>0</td></tr><tr><td>Consolidated reserves</td><td></td><td></td><td></td><td></td><td></td><td></td><td>0</td></tr><tr><td>Translation adjustments</td><td></td><td></td><td></td><td></td><td></td><td></td><td>0</td></tr><tr><td>Minority interests</td><td></td><td></td><td></td><td></td><td></td><td></td><td>0</td></tr><tr><td>Provisions</td><td>600</td><td></td><td></td><td></td><td></td><td></td><td>600</td></tr><tr><td>Payables/3rd Parties</td><td>5,900</td><td></td><td></td><td></td><td></td><td></td><td>5,900</td></tr><tr><td>Payables/ALPHA</td><td></td><td></td><td></td><td></td><td></td><td></td><td>0</td></tr><tr><td></td><td>15,700</td><td>1,000</td><td>(400)</td><td>(500)</td><td>0</td><td>(22)</td><td>15,778</td></tr><tr><td>Turnover/3rd Parties</td><td>30,000</td><td></td><td></td><td></td><td></td><td></td><td>30,000</td></tr><tr><td>Turnover/DELTA</td><td></td><td></td><td></td><td></td><td></td><td></td><td>0</td></tr><tr><td>Dividends/DELTA</td><td></td><td></td><td></td><td></td><td></td><td></td><td>0</td></tr><tr><td>Exchange gain(unrealized)</td><td></td><td></td><td></td><td></td><td></td><td></td><td>0</td></tr><tr><td>Gain on disposals</td><td></td><td></td><td></td><td></td><td></td><td></td><td>0</td></tr><tr><td>Purchases/3rd Parties</td><td>(28,400)</td><td></td><td></td><td></td><td></td><td></td><td>(28,400)</td></tr><tr><td>Purchases/ALPHA</td><td></td><td></td><td></td><td></td><td></td><td></td><td>0</td></tr><tr><td>Depreciations</td><td>(600)</td><td></td><td>(100)</td><td></td><td></td><td>(22)</td><td>(722)</td></tr><tr><td>Provisions</td><td>(100)</td><td></td><td></td><td></td><td></td><td></td><td>(100)</td></tr><tr><td>Exchange loss( realized)</td><td></td><td></td><td></td><td></td><td></td><td></td><td>0</td></tr><tr><td>Loss on disposals</td><td></td><td></td><td></td><td></td><td></td><td></td><td>0</td></tr><tr><td>Loss on equity cies</td><td></td><td></td><td></td><td></td><td></td><td></td><td>0</td></tr><tr><td>Link account(Intercos)</td><td></td><td></td><td></td><td></td><td></td><td></td><td>0</td></tr><tr><td>Result</td><td>900</td><td>0</td><td>(100)</td><td>0</td><td>0</td><td>(22)</td><td>778</td></tr><tr><td>Group result</td><td>900</td><td>0</td><td>(100)</td><td>0</td><td>0</td><td>(22)</td><td>778</td></tr><tr><td>Minority result</td><td></td><td></td><td></td><td></td><td></td><td></td><td></td></tr></table>"
        }
    ],
    [
        {
            "type": "header",
            "bbox": [
                0.437,
                0.075,
                0.856,
                0.091
            ],
            "angle": 0,
            "content": "PART 6 CONSOLIDATION CASE STUDY"
        },
        {
            "type": "title",
            "bbox": [
                0.108,
                0.123,
                0.318,
                0.14
            ],
            "angle": 0,
            "content": "BETA - Column (1)"
        },
        {
            "type": "text",
            "bbox": [
                0.107,
                0.155,
                0.299,
                0.172
            ],
            "angle": 0,
            "content": "Statutory accounts."
        },
        {
            "type": "title",
            "bbox": [
                0.107,
                0.187,
                0.318,
                0.205
            ],
            "angle": 0,
            "content": "BETA = Column (2)"
        },
        {
            "type": "text",
            "bbox": [
                0.106,
                0.22,
                0.401,
                0.284
            ],
            "angle": 0,
            "content": "At time of acquisition in Year -1, the initial goodwill has been partially allocated to some tangible assets for an"
        },
        {
            "type": "text",
            "bbox": [
                0.106,
                0.284,
                0.867,
                0.316
            ],
            "angle": 0,
            "content": "amount of 1000. These tangible assets are still in the company and so we keep the adjustment."
        },
        {
            "type": "table",
            "bbox": [
                0.414,
                0.227,
                0.871,
                0.278
            ],
            "angle": 0,
            "content": "<table><tr><td></td><td>Debit</td><td>Credit</td></tr><tr><td>Tangible assets (acq.val.)</td><td>1,000</td><td></td></tr><tr><td>Reserves</td><td></td><td>1,000</td></tr></table>"
        },
        {
            "type": "title",
            "bbox": [
                0.107,
                0.332,
                0.317,
                0.348
            ],
            "angle": 0,
            "content": "BETA - Column (3)"
        },
        {
            "type": "text",
            "bbox": [
                0.107,
                0.364,
                0.399,
                0.395
            ],
            "angle": 0,
            "content": "A new depreciation is booked in the P&L."
        },
        {
            "type": "table",
            "bbox": [
                0.414,
                0.346,
                0.871,
                0.413
            ],
            "angle": 0,
            "content": "<table><tr><td></td><td>Debit</td><td>Credit</td></tr><tr><td>Reserves</td><td>300</td><td></td></tr><tr><td>Tangible assets (deprec.)</td><td></td><td>400</td></tr><tr><td>Depreciations</td><td>100</td><td></td></tr></table>"
        },
        {
            "type": "title",
            "bbox": [
                0.107,
                0.427,
                0.317,
                0.444
            ],
            "angle": 0,
            "content": "BETA - Column (4)"
        },
        {
            "type": "text",
            "bbox": [
                0.106,
                0.46,
                0.4,
                0.523
            ],
            "angle": 0,
            "content": "Lands account includes a group profit of 500 we eliminate against the Reserves account. We did the"
        },
        {
            "type": "text",
            "bbox": [
                0.106,
                0.524,
                0.867,
                0.573
            ],
            "angle": 0,
            "content": "same in APLHA by eliminating the group profit for 400 also against the Reserves. The impact in BETA being taken at \\(80\\%\\), Reserves accounts between the two companies will be netted to zero."
        },
        {
            "type": "table",
            "bbox": [
                0.414,
                0.464,
                0.871,
                0.515
            ],
            "angle": 0,
            "content": "<table><tr><td></td><td>Debit</td><td>Credit</td></tr><tr><td>Reserves</td><td>500</td><td></td></tr><tr><td>Lands</td><td></td><td>500</td></tr></table>"
        },
        {
            "type": "title",
            "bbox": [
                0.107,
                0.588,
                0.317,
                0.604
            ],
            "angle": 0,
            "content": "BETA - Column (5)"
        },
        {
            "type": "text",
            "bbox": [
                0.106,
                0.62,
                0.4,
                0.732
            ],
            "angle": 0,
            "content": "Acquisition of company MU is done with a goodwill corresponding to the difference between the acquisition price of 4000 and between brackets are the MU first six months profit."
        },
        {
            "type": "table",
            "bbox": [
                0.414,
                0.625,
                0.869,
                0.676
            ],
            "angle": 0,
            "content": "<table><tr><td></td><td>Debit</td><td>Credit</td></tr><tr><td>Goodwill</td><td>220</td><td></td></tr><tr><td>Fin.invest./MU</td><td></td><td>220</td></tr></table>"
        },
        {
            "type": "text",
            "bbox": [
                0.402,
                0.683,
                0.867,
                0.717
            ],
            "angle": 0,
            "content": "\\(3780 = 90\\% * [3000 + 1000 + 200]\\). Figures equity on July \\(1^{st}\\), Year 2, 200 representing the"
        },
        {
            "type": "title",
            "bbox": [
                0.107,
                0.747,
                0.316,
                0.764
            ],
            "angle": 0,
            "content": "BETA - Column (6)"
        },
        {
            "type": "text",
            "bbox": [
                0.105,
                0.779,
                0.4,
                0.861
            ],
            "angle": 0,
            "content": "This goodwill is depreciated over 5 years, starting at acquisition date. The corresponding depreciation for Year 2 is \\(22 = 20\\%\\) 220"
        },
        {
            "type": "table",
            "bbox": [
                0.412,
                0.78,
                0.868,
                0.831
            ],
            "angle": 0,
            "content": "<table><tr><td></td><td>Debit</td><td>Credit</td></tr><tr><td>Depreciations</td><td>22</td><td></td></tr><tr><td>Goodwill</td><td></td><td>22</td></tr></table>"
        }
    ]
]