[
    {
        "type": "text",
        "text": "8.14 Disposal of consolidated shares to 3rd Parties. 135",
        "bbox": [
            117,
            117,
            869,
            134
        ],
        "page_idx": 0
    },
    {
        "type": "text",
        "text": "9 THE ELIMINATION PROCESS 145",
        "text_level": 2,
        "bbox": [
            96,
            151,
            869,
            167
        ],
        "page_idx": 0
    },
    {
        "type": "list",
        "sub_type": "text",
        "list_items": [
            "9.1 What has been done until now? 145",
            "9.2 Global integration companies 147",
            "9.3 Proportional integration companies 148",
            "9.4 Equity method companies 148",
            "9.5 Elimination of intercompany positions 149",
            "9.6 Elimination of financial investments and equity of each company..152"
        ],
        "bbox": [
            117,
            169,
            867,
            265
        ],
        "page_idx": 0
    },
    {
        "type": "text",
        "text": "PART 3 EVOLUTION OF CONSOLIDATED ACCOUNTS 155",
        "text_level": 1,
        "bbox": [
            96,
            291,
            869,
            307
        ],
        "page_idx": 0
    },
    {
        "type": "text",
        "text": "1 EVOLUTION OF ASSETS AND LIABILITIES ACCOUNTS 156",
        "text_level": 2,
        "bbox": [
            100,
            325,
            869,
            340
        ],
        "page_idx": 0
    },
    {
        "type": "list",
        "sub_type": "text",
        "list_items": [
            "1.1 Flows on each balance sheet account 156",
            "1.2 Flows and consolidation process 158",
            "1.3 Flows on intercompany accounts 160",
            "1.4 Flows related to asset disposal between companies 161"
        ],
        "bbox": [
            119,
            341,
            867,
            406
        ],
        "page_idx": 0
    },
    {
        "type": "text",
        "text": "2 EVOLUTION OF EQUITY ACCOUNTS 163",
        "text_level": 2,
        "bbox": [
            100,
            424,
            869,
            438
        ],
        "page_idx": 0
    },
    {
        "type": "list",
        "sub_type": "text",
        "list_items": [
            "2.1 Content of equity accounts 163",
            "2.2 Evolution of consolidated reserves 168",
            "2.3 A status board to justify consolidated reserves evolution 177",
            "2.4 Consolidated reserves status board: A case study 179"
        ],
        "bbox": [
            119,
            441,
            867,
            505
        ],
        "page_idx": 0
    },
    {
        "type": "text",
        "text": "3 EVOLUTION OF TRANSLATION ADJUSTMENTS 185",
        "text_level": 2,
        "bbox": [
            100,
            522,
            869,
            537
        ],
        "page_idx": 0
    },
    {
        "type": "list",
        "sub_type": "text",
        "list_items": [
            "3.1 Some important principles 185",
            "3.2 Variation analysis from a theoretical point of view 187",
            "3.3 Case study 189"
        ],
        "bbox": [
            119,
            540,
            867,
            587
        ],
        "page_idx": 0
    },
    {
        "type": "text",
        "text": "4 EVOLUTION OF MINORITY INTERESTS 193",
        "text_level": 2,
        "bbox": [
            100,
            603,
            869,
            618
        ],
        "page_idx": 0
    },
    {
        "type": "list",
        "sub_type": "text",
        "list_items": [
            "4.1 On which accounts are calculated the Minority interests? 193",
            "4.2 How to explain variations? 194",
            "4.3 Case study 195"
        ],
        "bbox": [
            119,
            622,
            867,
            670
        ],
        "page_idx": 0
    },
    {
        "type": "text",
        "text": "5 EVOLUTION OF PARTICIPATION AT EQUITY VALUE 197",
        "text_level": 2,
        "bbox": [
            100,
            686,
            869,
            701
        ],
        "page_idx": 0
    },
    {
        "type": "text",
        "text": "5.1 When Equity value and Minority Interests are the two sides of the same mirror 197",
        "bbox": [
            119,
            703,
            867,
            736
        ],
        "page_idx": 0
    },
    {
        "type": "text",
        "text": "6 THE CASH FLOW STATEMENT 198",
        "text_level": 2,
        "bbox": [
            100,
            752,
            869,
            767
        ],
        "page_idx": 0
    },
    {
        "type": "list",
        "sub_type": "text",
        "list_items": [
            "6.1 About the cash flow statement and its utility 198",
            "6.2 A cash flow statement presentation 200",
            "6.3 Let's build a statutory cash flow statement 203",
            "6.4 Flows for the consolidated cash flow statement 205",
            "6.5 How would finally a consolidated cash flow statement look like?...209",
            "6.6 Let's build a consolidated cash flow statement 211"
        ],
        "bbox": [
            119,
            770,
            867,
            865
        ],
        "page_idx": 0
    },
    {
        "type": "header",
        "text": "CONTENTS",
        "bbox": [
            732,
            70,
            854,
            85
        ],
        "page_idx": 0
    },
    {
        "type": "text",
        "text": "6.7 Some traps to avoid when producing a consolidated cash flow statement 228",
        "bbox": [
            141,
            119,
            883,
            154
        ],
        "page_idx": 1
    },
    {
        "type": "text",
        "text": "PART 4 SPECIAL CONSOLIDATION TOPICS. 241",
        "text_level": 1,
        "bbox": [
            122,
            179,
            883,
            195
        ],
        "page_idx": 1
    },
    {
        "type": "text",
        "text": "1 UNUSUAL GROUP STRUCTURES 242",
        "text_level": 2,
        "bbox": [
            126,
            211,
            881,
            226
        ],
        "page_idx": 1
    },
    {
        "type": "list",
        "sub_type": "text",
        "list_items": [
            "1.1 Chain of equity method companies 242",
            "1.2 Equity method company owned by a global integration company..245",
            "1.3 Proportional integration company owned by a global integration method company 248",
            "1.4 An equity method company owns shares of a global integration method company 250",
            "1.5 Consolidation of a consortium 254"
        ],
        "bbox": [
            145,
            229,
            881,
            340
        ],
        "page_idx": 1
    },
    {
        "type": "text",
        "text": "2 CAPITAL TRANSACTIONS 257",
        "text_level": 2,
        "bbox": [
            124,
            358,
            881,
            372
        ],
        "page_idx": 1
    },
    {
        "type": "list",
        "sub_type": "text",
        "list_items": [
            "2.1 Capital increase with a change of financial percentage during the consolidation period 257",
            "2.2 Dividends paid by issuing new shares 262",
            "2.3 Dividends paid on the basis of different types of shares representing the capital 266"
        ],
        "bbox": [
            145,
            375,
            881,
            454
        ],
        "page_idx": 1
    },
    {
        "type": "text",
        "text": "3 IN/OUT CONSOLIDATION SCOPE. 271",
        "text_level": 2,
        "bbox": [
            124,
            472,
            881,
            486
        ],
        "page_idx": 1
    },
    {
        "type": "list",
        "sub_type": "text",
        "list_items": [
            "3.1 Acquisition of a subgroup 271",
            "3.2 Disposal of a subgroup 275",
            "3.3 Disposal of shares of a foreign company to 3rd Parties 280",
            "3.4 Change of consolidation method during the year 288"
        ],
        "bbox": [
            145,
            489,
            881,
            552
        ],
        "page_idx": 1
    },
    {
        "type": "text",
        "text": "4 RESTUCTURATION OF A GROUP 295",
        "text_level": 2,
        "bbox": [
            124,
            568,
            881,
            584
        ],
        "page_idx": 1
    },
    {
        "type": "list",
        "sub_type": "text",
        "list_items": [
            "4.1 Internal group disposal of a company 295",
            "4.2 Absorption of a company 302",
            "4.3 Merge of two companies 309",
            "4.4 Deconsolidation of a company 317",
            "4.5 Liquidation of a company 319"
        ],
        "bbox": [
            145,
            587,
            881,
            666
        ],
        "page_idx": 1
    },
    {
        "type": "text",
        "text": "5 SOME PARTICULAR SITUATIONS THAT HAPPEN ONLY TO OTHERS 326",
        "text_level": 2,
        "bbox": [
            124,
            682,
            871,
            714
        ],
        "page_idx": 1
    },
    {
        "type": "list",
        "sub_type": "text",
        "list_items": [
            "5.1 Segmented consolidation 326",
            "5.2 Break even price when selling a company 328",
            "5.3 Family group consolidating for the first time 330",
            "5.4 What is the value of a company? 332",
            "5.5 Disposal and acquisition of the same company within the year.....333",
            "5.6 Acquisition of a company with negative equity 334",
            "5.7 Existence of minority interests when acquiring  \\(100\\%\\)  of a company 335",
            "5.8 When a group is changing its parent company 337"
        ],
        "bbox": [
            145,
            716,
            881,
            861
        ],
        "page_idx": 1
    },
    {
        "type": "header",
        "text": "DIRECT CONSOLIDATION",
        "bbox": [
            122,
            67,
            375,
            83
        ],
        "page_idx": 1
    },
    {
        "type": "text",
        "text": "PART 5 ORGANIZATION OF A CONSOLIDATION AND FAST CLOSE 341",
        "text_level": 1,
        "bbox": [
            96,
            119,
            850,
            153
        ],
        "page_idx": 2
    },
    {
        "type": "text",
        "text": "1 FIRST CONSOLIDATION OF A GROUP 342",
        "text_level": 2,
        "bbox": [
            100,
            169,
            871,
            185
        ],
        "page_idx": 2
    },
    {
        "type": "list",
        "sub_type": "text",
        "list_items": [
            "1.1 The very initial choices 342",
            "1.2 The consolidation scope 342",
            "1.3 The consolidation rules 346",
            "1.4 The Auditors 346",
            "1.5 The information system 347",
            "1.6 The tasks of the consolidation office 351",
            "1.7 Human resources 352",
            "1.8 Software resources 352",
            "1.9 Consequences of a first consolidation for subsidiaries 354"
        ],
        "bbox": [
            119,
            187,
            869,
            331
        ],
        "page_idx": 2
    },
    {
        "type": "text",
        "text": "2 THE CONSOLIDATION BUNDLE 357",
        "text_level": 2,
        "bbox": [
            100,
            347,
            871,
            363
        ],
        "page_idx": 2
    },
    {
        "type": "list",
        "sub_type": "text",
        "list_items": [
            "2.1 Basic principles and structure 357",
            "2.2 Content 360",
            "2.3 Validation rules 364"
        ],
        "bbox": [
            119,
            366,
            869,
            413
        ],
        "page_idx": 2
    },
    {
        "type": "text",
        "text": "3 FAST CLOSE 368",
        "text_level": 2,
        "bbox": [
            100,
            431,
            871,
            447
        ],
        "page_idx": 2
    },
    {
        "type": "list",
        "sub_type": "text",
        "list_items": [
            "3.1 Before the consolidation 368",
            "3.2 During the consolidation 373",
            "3.3 After the consolidation 375"
        ],
        "bbox": [
            119,
            449,
            869,
            494
        ],
        "page_idx": 2
    },
    {
        "type": "text",
        "text": "PART 6 CONSOLIDATION CASE STUDY 377",
        "text_level": 1,
        "bbox": [
            100,
            521,
            871,
            537
        ],
        "page_idx": 2
    },
    {
        "type": "list",
        "sub_type": "text",
        "list_items": [
            "1 OBJECTIVES OF THIS CASE STUDY 378",
            "2 THE GROUP TO CONSOLIDATE 378",
            "3 CONSOLIDATION OF YEAR 1 380",
            "4 CONSOLIDATION OF YEAR 2 393",
            "5 EVOLUTION OF CONSOLIDATED ACCOUNTS 416",
            "6 CONSOLIDATED CASH FLOW STATMENT 423",
            "7 CONCLUSION 450"
        ],
        "bbox": [
            100,
            555,
            871,
            774
        ],
        "page_idx": 2
    },
    {
        "type": "text",
        "text": "PART7 CONSOLIDATIONQUIZZ. 451",
        "text_level": 1,
        "bbox": [
            100,
            801,
            871,
            817
        ],
        "page_idx": 2
    },
    {
        "type": "list",
        "sub_type": "text",
        "list_items": [
            "1 QUIZZ 1 (+) 453",
            "2 QUIZZ 2  \\((++)\\)  458"
        ],
        "bbox": [
            100,
            836,
            871,
            886
        ],
        "page_idx": 2
    },
    {
        "type": "header",
        "text": "CONTENTS",
        "bbox": [
            732,
            72,
            854,
            88
        ],
        "page_idx": 2
    },
    {
        "type": "page_number",
        "text": "497",
        "bbox": [
            460,
            924,
            505,
            938
        ],
        "page_idx": 2
    },
    {
        "type": "list",
        "sub_type": "text",
        "list_items": [
            "3 QUIZZ 3  \\((++)\\)  464",
            "4 CORRECT ANSWERS: SUMMARY 472",
            "5 CORRECT ANSWERS: QUIZZ 1. 473",
            "6 CORRECT ANSWERS: QUIZZ 2. 475",
            "7 CORRECT ANSWERS: QUIZZ 3. 479"
        ],
        "bbox": [
            120,
            120,
            883,
            272
        ],
        "page_idx": 3
    },
    {
        "type": "text",
        "text": "PART 8 INTERNATIONAL CONSOLIDATION GLOSSARY. 483",
        "text_level": 1,
        "bbox": [
            120,
            297,
            881,
            314
        ],
        "page_idx": 3
    },
    {
        "type": "list",
        "sub_type": "text",
        "list_items": [
            "1 ENGLISH / FRENCH 484",
            "2 ENGLISH/NEDERLANDS 485",
            "3 ENGLISH / GERMAN 486",
            "4 ENGLISH/ITALIAN 487",
            "5 ENGLISH /SPANISH 488",
            "6 ENGLISH / CHINESE 489",
            "7 ENGLISH/MALAYSIAN 490",
            "8 ENGLISH/ARABIC 491"
        ],
        "bbox": [
            120,
            330,
            881,
            585
        ],
        "page_idx": 3
    },
    {
        "type": "header",
        "text": "DIRECT CONSOLIDATION",
        "bbox": [
            120,
            68,
            372,
            83
        ],
        "page_idx": 3
    },
    {
        "type": "page_number",
        "text": "498",
        "bbox": [
            478,
            923,
            523,
            939
        ],
        "page_idx": 3
    },
    {
        "type": "list",
        "sub_type": "ref_text",
        "list_items": [
            "[1] J-P. COLLE, X. PAPER, Le tableau de financement consolidé, Editions Comptables Malesherbes, 1990",
            "[2] M. GAUTHIER, Le code annote de la consolidation, Le Villeguérin, 1987",
            "[3] M. GAUTHIER, La consolidation par la méthode des variations, Litec Droit, 1985",
            "[4] NG ENG JUAN, Consolidated financial statements Singapore, McGraw Hill, 2011",
            "[5] J. RAFFEGEAU, P. DUFILS, D. de MENONVILLE, Comptes consolidés, Francis Lefebvre, 1989",
            "[6] TCLM Réviseurs d'Entreprises, Pratique de la consolidation en Belgique et dans les pays limitrophes, Kluwer, 2002",
            "[7] Frank THIHATMAR, Konsolidierung nach Lux-GAAP und IFRS, Editions Saint-Paul, 2010",
            "[8] A. WHITE, La Consolidation Direte, Principes de Base, Conso Services International, 2009, 368 pages",
            "[9] A. WHITE, La Consolidation Direte, Etudes de Cas, Conso Services International, 1994, 369 pages"
        ],
        "bbox": [
            107,
            153,
            871,
            556
        ],
        "page_idx": 4
    },
    {
        "type": "header",
        "text": "BIBLIOGRAPHY",
        "bbox": [
            693,
            75,
            861,
            91
        ],
        "page_idx": 4
    }
]