[
    [
        {
            "type": "header",
            "bbox": [
                0.733,
                0.071,
                0.856,
                0.086
            ],
            "angle": 0,
            "content": "CONTENTS"
        },
        {
            "type": "text",
            "bbox": [
                0.119,
                0.118,
                0.87,
                0.135
            ],
            "angle": 0,
            "content": "8.14 Disposal of consolidated shares to 3rd Parties. 135"
        },
        {
            "type": "title",
            "bbox": [
                0.098,
                0.152,
                0.87,
                0.168
            ],
            "angle": 0,
            "content": "9 THE ELIMINATION PROCESS 145"
        },
        {
            "type": "text",
            "bbox": [
                0.119,
                0.17,
                0.869,
                0.185
            ],
            "angle": 0,
            "content": "9.1 What has been done until now? 145"
        },
        {
            "type": "text",
            "bbox": [
                0.119,
                0.187,
                0.869,
                0.201
            ],
            "angle": 0,
            "content": "9.2 Global integration companies 147"
        },
        {
            "type": "text",
            "bbox": [
                0.119,
                0.203,
                0.869,
                0.218
            ],
            "angle": 0,
            "content": "9.3 Proportional integration companies 148"
        },
        {
            "type": "text",
            "bbox": [
                0.119,
                0.219,
                0.869,
                0.233
            ],
            "angle": 0,
            "content": "9.4 Equity method companies 148"
        },
        {
            "type": "text",
            "bbox": [
                0.119,
                0.235,
                0.869,
                0.25
            ],
            "angle": 0,
            "content": "9.5 Elimination of intercompany positions 149"
        },
        {
            "type": "text",
            "bbox": [
                0.119,
                0.251,
                0.869,
                0.266
            ],
            "angle": 0,
            "content": "9.6 Elimination of financial investments and equity of each company..152"
        },
        {
            "type": "list",
            "bbox": [
                0.119,
                0.17,
                0.869,
                0.266
            ],
            "angle": 0,
            "content": null
        },
        {
            "type": "title",
            "bbox": [
                0.098,
                0.292,
                0.87,
                0.308
            ],
            "angle": 0,
            "content": "PART 3 EVOLUTION OF CONSOLIDATED ACCOUNTS 155"
        },
        {
            "type": "title",
            "bbox": [
                0.101,
                0.326,
                0.87,
                0.341
            ],
            "angle": 0,
            "content": "1 EVOLUTION OF ASSETS AND LIABILITIES ACCOUNTS 156"
        },
        {
            "type": "text",
            "bbox": [
                0.122,
                0.343,
                0.869,
                0.358
            ],
            "angle": 0,
            "content": "1.1 Flows on each balance sheet account 156"
        },
        {
            "type": "text",
            "bbox": [
                0.122,
                0.36,
                0.869,
                0.374
            ],
            "angle": 0,
            "content": "1.2 Flows and consolidation process 158"
        },
        {
            "type": "text",
            "bbox": [
                0.122,
                0.376,
                0.869,
                0.391
            ],
            "angle": 0,
            "content": "1.3 Flows on intercompany accounts 160"
        },
        {
            "type": "text",
            "bbox": [
                0.122,
                0.392,
                0.869,
                0.407
            ],
            "angle": 0,
            "content": "1.4 Flows related to asset disposal between companies 161"
        },
        {
            "type": "list",
            "bbox": [
                0.122,
                0.343,
                0.869,
                0.407
            ],
            "angle": 0,
            "content": null
        },
        {
            "type": "title",
            "bbox": [
                0.101,
                0.425,
                0.87,
                0.44
            ],
            "angle": 0,
            "content": "2 EVOLUTION OF EQUITY ACCOUNTS 163"
        },
        {
            "type": "text",
            "bbox": [
                0.121,
                0.442,
                0.869,
                0.457
            ],
            "angle": 0,
            "content": "2.1 Content of equity accounts 163"
        },
        {
            "type": "text",
            "bbox": [
                0.121,
                0.458,
                0.869,
                0.472
            ],
            "angle": 0,
            "content": "2.2 Evolution of consolidated reserves 168"
        },
        {
            "type": "text",
            "bbox": [
                0.121,
                0.474,
                0.869,
                0.489
            ],
            "angle": 0,
            "content": "2.3 A status board to justify consolidated reserves evolution 177"
        },
        {
            "type": "text",
            "bbox": [
                0.121,
                0.49,
                0.869,
                0.506
            ],
            "angle": 0,
            "content": "2.4 Consolidated reserves status board: A case study 179"
        },
        {
            "type": "list",
            "bbox": [
                0.121,
                0.442,
                0.869,
                0.506
            ],
            "angle": 0,
            "content": null
        },
        {
            "type": "title",
            "bbox": [
                0.101,
                0.523,
                0.87,
                0.538
            ],
            "angle": 0,
            "content": "3 EVOLUTION OF TRANSLATION ADJUSTMENTS 185"
        },
        {
            "type": "text",
            "bbox": [
                0.121,
                0.541,
                0.869,
                0.556
            ],
            "angle": 0,
            "content": "3.1 Some important principles 185"
        },
        {
            "type": "text",
            "bbox": [
                0.121,
                0.557,
                0.869,
                0.572
            ],
            "angle": 0,
            "content": "3.2 Variation analysis from a theoretical point of view 187"
        },
        {
            "type": "text",
            "bbox": [
                0.121,
                0.573,
                0.869,
                0.589
            ],
            "angle": 0,
            "content": "3.3 Case study 189"
        },
        {
            "type": "list",
            "bbox": [
                0.121,
                0.541,
                0.869,
                0.589
            ],
            "angle": 0,
            "content": null
        },
        {
            "type": "title",
            "bbox": [
                0.101,
                0.605,
                0.87,
                0.62
            ],
            "angle": 0,
            "content": "4 EVOLUTION OF MINORITY INTERESTS 193"
        },
        {
            "type": "text",
            "bbox": [
                0.121,
                0.623,
                0.869,
                0.638
            ],
            "angle": 0,
            "content": "4.1 On which accounts are calculated the Minority interests? 193"
        },
        {
            "type": "text",
            "bbox": [
                0.121,
                0.639,
                0.869,
                0.654
            ],
            "angle": 0,
            "content": "4.2 How to explain variations? 194"
        },
        {
            "type": "text",
            "bbox": [
                0.121,
                0.655,
                0.869,
                0.671
            ],
            "angle": 0,
            "content": "4.3 Case study 195"
        },
        {
            "type": "list",
            "bbox": [
                0.121,
                0.623,
                0.869,
                0.671
            ],
            "angle": 0,
            "content": null
        },
        {
            "type": "title",
            "bbox": [
                0.101,
                0.687,
                0.87,
                0.702
            ],
            "angle": 0,
            "content": "5 EVOLUTION OF PARTICIPATION AT EQUITY VALUE 197"
        },
        {
            "type": "text",
            "bbox": [
                0.121,
                0.704,
                0.869,
                0.737
            ],
            "angle": 0,
            "content": "5.1 When Equity value and Minority Interests are the two sides of the same mirror 197"
        },
        {
            "type": "title",
            "bbox": [
                0.101,
                0.753,
                0.87,
                0.768
            ],
            "angle": 0,
            "content": "6 THE CASH FLOW STATEMENT 198"
        },
        {
            "type": "text",
            "bbox": [
                0.121,
                0.771,
                0.869,
                0.786
            ],
            "angle": 0,
            "content": "6.1 About the cash flow statement and its utility 198"
        },
        {
            "type": "text",
            "bbox": [
                0.121,
                0.788,
                0.869,
                0.802
            ],
            "angle": 0,
            "content": "6.2 A cash flow statement presentation 200"
        },
        {
            "type": "text",
            "bbox": [
                0.121,
                0.804,
                0.869,
                0.818
            ],
            "angle": 0,
            "content": "6.3 Let's build a statutory cash flow statement 203"
        },
        {
            "type": "text",
            "bbox": [
                0.121,
                0.82,
                0.869,
                0.834
            ],
            "angle": 0,
            "content": "6.4 Flows for the consolidated cash flow statement 205"
        },
        {
            "type": "text",
            "bbox": [
                0.121,
                0.836,
                0.869,
                0.85
            ],
            "angle": 0,
            "content": "6.5 How would finally a consolidated cash flow statement look like?...209"
        },
        {
            "type": "text",
            "bbox": [
                0.121,
                0.852,
                0.869,
                0.866
            ],
            "angle": 0,
            "content": "6.6 Let's build a consolidated cash flow statement 211"
        },
        {
            "type": "list",
            "bbox": [
                0.121,
                0.771,
                0.869,
                0.866
            ],
            "angle": 0,
            "content": null
        }
    ],
    [
        {
            "type": "header",
            "bbox": [
                0.123,
                0.068,
                0.376,
                0.084
            ],
            "angle": 0,
            "content": "DIRECT CONSOLIDATION"
        },
        {
            "type": "text",
            "bbox": [
                0.142,
                0.121,
                0.884,
                0.155
            ],
            "angle": 0,
            "content": "6.7 Some traps to avoid when producing a consolidated cash flow statement 228"
        },
        {
            "type": "title",
            "bbox": [
                0.123,
                0.18,
                0.884,
                0.197
            ],
            "angle": 0,
            "content": "PART 4 SPECIAL CONSOLIDATION TOPICS. 241"
        },
        {
            "type": "title",
            "bbox": [
                0.127,
                0.212,
                0.882,
                0.228
            ],
            "angle": 0,
            "content": "1 UNUSUAL GROUP STRUCTURES 242"
        },
        {
            "type": "text",
            "bbox": [
                0.147,
                0.23,
                0.882,
                0.245
            ],
            "angle": 0,
            "content": "1.1 Chain of equity method companies 242"
        },
        {
            "type": "text",
            "bbox": [
                0.147,
                0.246,
                0.882,
                0.262
            ],
            "angle": 0,
            "content": "1.2 Equity method company owned by a global integration company..245"
        },
        {
            "type": "text",
            "bbox": [
                0.147,
                0.263,
                0.882,
                0.294
            ],
            "angle": 0,
            "content": "1.3 Proportional integration company owned by a global integration method company 248"
        },
        {
            "type": "text",
            "bbox": [
                0.147,
                0.295,
                0.882,
                0.327
            ],
            "angle": 0,
            "content": "1.4 An equity method company owns shares of a global integration method company 250"
        },
        {
            "type": "text",
            "bbox": [
                0.147,
                0.327,
                0.882,
                0.342
            ],
            "angle": 0,
            "content": "1.5 Consolidation of a consortium 254"
        },
        {
            "type": "list",
            "bbox": [
                0.147,
                0.23,
                0.882,
                0.342
            ],
            "angle": 0,
            "content": null
        },
        {
            "type": "title",
            "bbox": [
                0.125,
                0.359,
                0.882,
                0.374
            ],
            "angle": 0,
            "content": "2 CAPITAL TRANSACTIONS 257"
        },
        {
            "type": "text",
            "bbox": [
                0.147,
                0.376,
                0.882,
                0.407
            ],
            "angle": 0,
            "content": "2.1 Capital increase with a change of financial percentage during the consolidation period 257"
        },
        {
            "type": "text",
            "bbox": [
                0.147,
                0.408,
                0.882,
                0.424
            ],
            "angle": 0,
            "content": "2.2 Dividends paid by issuing new shares 262"
        },
        {
            "type": "text",
            "bbox": [
                0.147,
                0.425,
                0.882,
                0.456
            ],
            "angle": 0,
            "content": "2.3 Dividends paid on the basis of different types of shares representing the capital 266"
        },
        {
            "type": "list",
            "bbox": [
                0.147,
                0.376,
                0.882,
                0.456
            ],
            "angle": 0,
            "content": null
        },
        {
            "type": "title",
            "bbox": [
                0.125,
                0.473,
                0.882,
                0.488
            ],
            "angle": 0,
            "content": "3 IN/OUT CONSOLIDATION SCOPE. 271"
        },
        {
            "type": "text",
            "bbox": [
                0.147,
                0.49,
                0.882,
                0.506
            ],
            "angle": 0,
            "content": "3.1 Acquisition of a subgroup 271"
        },
        {
            "type": "text",
            "bbox": [
                0.147,
                0.507,
                0.882,
                0.522
            ],
            "angle": 0,
            "content": "3.2 Disposal of a subgroup 275"
        },
        {
            "type": "text",
            "bbox": [
                0.147,
                0.523,
                0.882,
                0.538
            ],
            "angle": 0,
            "content": "3.3 Disposal of shares of a foreign company to 3rd Parties 280"
        },
        {
            "type": "text",
            "bbox": [
                0.147,
                0.539,
                0.882,
                0.554
            ],
            "angle": 0,
            "content": "3.4 Change of consolidation method during the year 288"
        },
        {
            "type": "list",
            "bbox": [
                0.147,
                0.49,
                0.882,
                0.554
            ],
            "angle": 0,
            "content": null
        },
        {
            "type": "title",
            "bbox": [
                0.125,
                0.57,
                0.882,
                0.586
            ],
            "angle": 0,
            "content": "4 RESTUCTURATION OF A GROUP 295"
        },
        {
            "type": "text",
            "bbox": [
                0.147,
                0.588,
                0.882,
                0.604
            ],
            "angle": 0,
            "content": "4.1 Internal group disposal of a company 295"
        },
        {
            "type": "text",
            "bbox": [
                0.147,
                0.605,
                0.882,
                0.62
            ],
            "angle": 0,
            "content": "4.2 Absorption of a company 302"
        },
        {
            "type": "text",
            "bbox": [
                0.147,
                0.621,
                0.882,
                0.635
            ],
            "angle": 0,
            "content": "4.3 Merge of two companies 309"
        },
        {
            "type": "text",
            "bbox": [
                0.147,
                0.636,
                0.882,
                0.651
            ],
            "angle": 0,
            "content": "4.4 Deconsolidation of a company 317"
        },
        {
            "type": "text",
            "bbox": [
                0.147,
                0.652,
                0.882,
                0.667
            ],
            "angle": 0,
            "content": "4.5 Liquidation of a company 319"
        },
        {
            "type": "list",
            "bbox": [
                0.147,
                0.588,
                0.882,
                0.667
            ],
            "angle": 0,
            "content": null
        },
        {
            "type": "title",
            "bbox": [
                0.125,
                0.684,
                0.872,
                0.715
            ],
            "angle": 0,
            "content": "5 SOME PARTICULAR SITUATIONS THAT HAPPEN ONLY TO OTHERS 326"
        },
        {
            "type": "text",
            "bbox": [
                0.147,
                0.717,
                0.882,
                0.732
            ],
            "angle": 0,
            "content": "5.1 Segmented consolidation 326"
        },
        {
            "type": "text",
            "bbox": [
                0.147,
                0.734,
                0.882,
                0.749
            ],
            "angle": 0,
            "content": "5.2 Break even price when selling a company 328"
        },
        {
            "type": "text",
            "bbox": [
                0.147,
                0.75,
                0.882,
                0.765
            ],
            "angle": 0,
            "content": "5.3 Family group consolidating for the first time 330"
        },
        {
            "type": "text",
            "bbox": [
                0.147,
                0.766,
                0.882,
                0.781
            ],
            "angle": 0,
            "content": "5.4 What is the value of a company? 332"
        },
        {
            "type": "text",
            "bbox": [
                0.147,
                0.782,
                0.882,
                0.797
            ],
            "angle": 0,
            "content": "5.5 Disposal and acquisition of the same company within the year.....333"
        },
        {
            "type": "text",
            "bbox": [
                0.147,
                0.798,
                0.882,
                0.814
            ],
            "angle": 0,
            "content": "5.6 Acquisition of a company with negative equity 334"
        },
        {
            "type": "text",
            "bbox": [
                0.147,
                0.815,
                0.856,
                0.844
            ],
            "angle": 0,
            "content": "5.7 Existence of minority interests when acquiring \\(100\\%\\) of a company 335"
        },
        {
            "type": "text",
            "bbox": [
                0.147,
                0.846,
                0.882,
                0.862
            ],
            "angle": 0,
            "content": "5.8 When a group is changing its parent company 337"
        },
        {
            "type": "list",
            "bbox": [
                0.147,
                0.717,
                0.882,
                0.862
            ],
            "angle": 0,
            "content": null
        }
    ],
    [
        {
            "type": "header",
            "bbox": [
                0.734,
                0.073,
                0.856,
                0.089
            ],
            "angle": 0,
            "content": "CONTENTS"
        },
        {
            "type": "title",
            "bbox": [
                0.098,
                0.12,
                0.852,
                0.154
            ],
            "angle": 0,
            "content": "PART 5 ORGANIZATION OF A CONSOLIDATION AND FAST CLOSE 341"
        },
        {
            "type": "title",
            "bbox": [
                0.101,
                0.17,
                0.872,
                0.186
            ],
            "angle": 0,
            "content": "1 FIRST CONSOLIDATION OF A GROUP 342"
        },
        {
            "type": "text",
            "bbox": [
                0.122,
                0.188,
                0.87,
                0.203
            ],
            "angle": 0,
            "content": "1.1 The very initial choices 342"
        },
        {
            "type": "text",
            "bbox": [
                0.122,
                0.204,
                0.871,
                0.219
            ],
            "angle": 0,
            "content": "1.2 The consolidation scope 342"
        },
        {
            "type": "text",
            "bbox": [
                0.122,
                0.22,
                0.871,
                0.235
            ],
            "angle": 0,
            "content": "1.3 The consolidation rules 346"
        },
        {
            "type": "text",
            "bbox": [
                0.122,
                0.236,
                0.871,
                0.25
            ],
            "angle": 0,
            "content": "1.4 The Auditors 346"
        },
        {
            "type": "text",
            "bbox": [
                0.122,
                0.252,
                0.871,
                0.267
            ],
            "angle": 0,
            "content": "1.5 The information system 347"
        },
        {
            "type": "text",
            "bbox": [
                0.122,
                0.268,
                0.871,
                0.283
            ],
            "angle": 0,
            "content": "1.6 The tasks of the consolidation office 351"
        },
        {
            "type": "text",
            "bbox": [
                0.122,
                0.285,
                0.871,
                0.299
            ],
            "angle": 0,
            "content": "1.7 Human resources 352"
        },
        {
            "type": "text",
            "bbox": [
                0.122,
                0.301,
                0.871,
                0.316
            ],
            "angle": 0,
            "content": "1.8 Software resources 352"
        },
        {
            "type": "text",
            "bbox": [
                0.122,
                0.317,
                0.871,
                0.332
            ],
            "angle": 0,
            "content": "1.9 Consequences of a first consolidation for subsidiaries 354"
        },
        {
            "type": "list",
            "bbox": [
                0.122,
                0.188,
                0.871,
                0.332
            ],
            "angle": 0,
            "content": null
        },
        {
            "type": "title",
            "bbox": [
                0.101,
                0.349,
                0.872,
                0.365
            ],
            "angle": 0,
            "content": "2 THE CONSOLIDATION BUNDLE 357"
        },
        {
            "type": "text",
            "bbox": [
                0.122,
                0.367,
                0.87,
                0.383
            ],
            "angle": 0,
            "content": "2.1 Basic principles and structure 357"
        },
        {
            "type": "text",
            "bbox": [
                0.122,
                0.384,
                0.871,
                0.398
            ],
            "angle": 0,
            "content": "2.2 Content 360"
        },
        {
            "type": "text",
            "bbox": [
                0.122,
                0.399,
                0.871,
                0.414
            ],
            "angle": 0,
            "content": "2.3 Validation rules 364"
        },
        {
            "type": "list",
            "bbox": [
                0.122,
                0.367,
                0.871,
                0.414
            ],
            "angle": 0,
            "content": null
        },
        {
            "type": "title",
            "bbox": [
                0.101,
                0.432,
                0.872,
                0.448
            ],
            "angle": 0,
            "content": "3 FAST CLOSE 368"
        },
        {
            "type": "text",
            "bbox": [
                0.122,
                0.45,
                0.87,
                0.465
            ],
            "angle": 0,
            "content": "3.1 Before the consolidation 368"
        },
        {
            "type": "text",
            "bbox": [
                0.122,
                0.466,
                0.871,
                0.481
            ],
            "angle": 0,
            "content": "3.2 During the consolidation 373"
        },
        {
            "type": "text",
            "bbox": [
                0.122,
                0.482,
                0.871,
                0.495
            ],
            "angle": 0,
            "content": "3.3 After the consolidation 375"
        },
        {
            "type": "list",
            "bbox": [
                0.122,
                0.45,
                0.871,
                0.495
            ],
            "angle": 0,
            "content": null
        },
        {
            "type": "title",
            "bbox": [
                0.101,
                0.522,
                0.872,
                0.538
            ],
            "angle": 0,
            "content": "PART 6 CONSOLIDATION CASE STUDY 377"
        },
        {
            "type": "text",
            "bbox": [
                0.101,
                0.556,
                0.872,
                0.572
            ],
            "angle": 0,
            "content": "1 OBJECTIVES OF THIS CASE STUDY 378"
        },
        {
            "type": "text",
            "bbox": [
                0.101,
                0.591,
                0.872,
                0.607
            ],
            "angle": 0,
            "content": "2 THE GROUP TO CONSOLIDATE 378"
        },
        {
            "type": "text",
            "bbox": [
                0.101,
                0.625,
                0.872,
                0.641
            ],
            "angle": 0,
            "content": "3 CONSOLIDATION OF YEAR 1 380"
        },
        {
            "type": "text",
            "bbox": [
                0.101,
                0.658,
                0.871,
                0.674
            ],
            "angle": 0,
            "content": "4 CONSOLIDATION OF YEAR 2 393"
        },
        {
            "type": "text",
            "bbox": [
                0.101,
                0.693,
                0.871,
                0.709
            ],
            "angle": 0,
            "content": "5 EVOLUTION OF CONSOLIDATED ACCOUNTS 416"
        },
        {
            "type": "text",
            "bbox": [
                0.101,
                0.726,
                0.871,
                0.742
            ],
            "angle": 0,
            "content": "6 CONSOLIDATED CASH FLOW STATMENT 423"
        },
        {
            "type": "text",
            "bbox": [
                0.101,
                0.76,
                0.871,
                0.776
            ],
            "angle": 0,
            "content": "7 CONCLUSION 450"
        },
        {
            "type": "list",
            "bbox": [
                0.101,
                0.556,
                0.872,
                0.776
            ],
            "angle": 0,
            "content": null
        },
        {
            "type": "title",
            "bbox": [
                0.101,
                0.802,
                0.872,
                0.818
            ],
            "angle": 0,
            "content": "PART7 CONSOLIDATIONQUIZZ. 451"
        },
        {
            "type": "text",
            "bbox": [
                0.101,
                0.837,
                0.872,
                0.854
            ],
            "angle": 0,
            "content": "1 QUIZZ 1 (+) 453"
        },
        {
            "type": "text",
            "bbox": [
                0.101,
                0.871,
                0.872,
                0.887
            ],
            "angle": 0,
            "content": "2 QUIZZ 2 \\((++)\\) 458"
        },
        {
            "type": "list",
            "bbox": [
                0.101,
                0.837,
                0.872,
                0.887
            ],
            "angle": 0,
            "content": null
        },
        {
            "type": "page_number",
            "bbox": [
                0.462,
                0.925,
                0.506,
                0.939
            ],
            "angle": 0,
            "content": "497"
        }
    ],
    [
        {
            "type": "header",
            "bbox": [
                0.122,
                0.069,
                0.373,
                0.084
            ],
            "angle": 0,
            "content": "DIRECT CONSOLIDATION"
        },
        {
            "type": "text",
            "bbox": [
                0.122,
                0.121,
                0.885,
                0.14
            ],
            "angle": 0,
            "content": "3 QUIZZ 3 \\((++)\\) 464"
        },
        {
            "type": "text",
            "bbox": [
                0.121,
                0.155,
                0.884,
                0.172
            ],
            "angle": 0,
            "content": "4 CORRECT ANSWERS: SUMMARY 472"
        },
        {
            "type": "text",
            "bbox": [
                0.122,
                0.189,
                0.883,
                0.206
            ],
            "angle": 0,
            "content": "5 CORRECT ANSWERS: QUIZZ 1. 473"
        },
        {
            "type": "text",
            "bbox": [
                0.121,
                0.223,
                0.882,
                0.24
            ],
            "angle": 0,
            "content": "6 CORRECT ANSWERS: QUIZZ 2. 475"
        },
        {
            "type": "text",
            "bbox": [
                0.121,
                0.256,
                0.883,
                0.273
            ],
            "angle": 0,
            "content": "7 CORRECT ANSWERS: QUIZZ 3. 479"
        },
        {
            "type": "list",
            "bbox": [
                0.121,
                0.121,
                0.885,
                0.273
            ],
            "angle": 0,
            "content": null
        },
        {
            "type": "title",
            "bbox": [
                0.122,
                0.298,
                0.883,
                0.316
            ],
            "angle": 0,
            "content": "PART 8 INTERNATIONAL CONSOLIDATION GLOSSARY. 483"
        },
        {
            "type": "text",
            "bbox": [
                0.122,
                0.332,
                0.883,
                0.35
            ],
            "angle": 0,
            "content": "1 ENGLISH / FRENCH 484"
        },
        {
            "type": "text",
            "bbox": [
                0.122,
                0.366,
                0.882,
                0.383
            ],
            "angle": 0,
            "content": "2 ENGLISH/NEDERLANDS 485"
        },
        {
            "type": "text",
            "bbox": [
                0.122,
                0.4,
                0.882,
                0.417
            ],
            "angle": 0,
            "content": "3 ENGLISH / GERMAN 486"
        },
        {
            "type": "text",
            "bbox": [
                0.122,
                0.434,
                0.882,
                0.451
            ],
            "angle": 0,
            "content": "4 ENGLISH/ITALIAN 487"
        },
        {
            "type": "text",
            "bbox": [
                0.122,
                0.468,
                0.882,
                0.485
            ],
            "angle": 0,
            "content": "5 ENGLISH /SPANISH 488"
        },
        {
            "type": "text",
            "bbox": [
                0.122,
                0.502,
                0.882,
                0.518
            ],
            "angle": 0,
            "content": "6 ENGLISH / CHINESE 489"
        },
        {
            "type": "text",
            "bbox": [
                0.122,
                0.535,
                0.882,
                0.552
            ],
            "angle": 0,
            "content": "7 ENGLISH/MALAYSIAN 490"
        },
        {
            "type": "text",
            "bbox": [
                0.122,
                0.569,
                0.882,
                0.586
            ],
            "angle": 0,
            "content": "8 ENGLISH/ARABIC 491"
        },
        {
            "type": "list",
            "bbox": [
                0.122,
                0.332,
                0.883,
                0.586
            ],
            "angle": 0,
            "content": null
        },
        {
            "type": "page_number",
            "bbox": [
                0.48,
                0.924,
                0.524,
                0.94
            ],
            "angle": 0,
            "content": "498"
        }
    ],
    [
        {
            "type": "header",
            "bbox": [
                0.694,
                0.077,
                0.863,
                0.093
            ],
            "angle": 0,
            "content": "BIBLIOGRAPHY"
        },
        {
            "type": "ref_text",
            "bbox": [
                0.111,
                0.154,
                0.871,
                0.192
            ],
            "angle": 0,
            "content": "[1] J-P. COLLE, X. PAPER, Le tableau de financement consolidé, Editions Comptables Malesherbes, 1990"
        },
        {
            "type": "ref_text",
            "bbox": [
                0.111,
                0.203,
                0.832,
                0.221
            ],
            "angle": 0,
            "content": "[2] M. GAUTHIER, Le code annote de la consolidation, Le Villeguérin, 1987"
        },
        {
            "type": "ref_text",
            "bbox": [
                0.11,
                0.235,
                0.867,
                0.267
            ],
            "angle": 0,
            "content": "[3] M. GAUTHIER, La consolidation par la méthode des variations, Litec Droit, 1985"
        },
        {
            "type": "ref_text",
            "bbox": [
                0.11,
                0.283,
                0.868,
                0.316
            ],
            "angle": 0,
            "content": "[4] NG ENG JUAN, Consolidated financial statements Singapore, McGraw Hill, 2011"
        },
        {
            "type": "ref_text",
            "bbox": [
                0.11,
                0.33,
                0.87,
                0.364
            ],
            "angle": 0,
            "content": "[5] J. RAFFEGEAU, P. DUFILS, D. de MENONVILLE, Comptes consolidés, Francis Lefebvre, 1989"
        },
        {
            "type": "ref_text",
            "bbox": [
                0.11,
                0.379,
                0.873,
                0.413
            ],
            "angle": 0,
            "content": "[6] TCLM Réviseurs d'Entreprises, Pratique de la consolidation en Belgique et dans les pays limitrophes, Kluwer, 2002"
        },
        {
            "type": "ref_text",
            "bbox": [
                0.11,
                0.427,
                0.872,
                0.46
            ],
            "angle": 0,
            "content": "[7] Frank THIHATMAR, Konsolidierung nach Lux-GAAP und IFRS, Editions Saint-Paul, 2010"
        },
        {
            "type": "ref_text",
            "bbox": [
                0.11,
                0.475,
                0.872,
                0.51
            ],
            "angle": 0,
            "content": "[8] A. WHITE, La Consolidation Direte, Principes de Base, Conso Services International, 2009, 368 pages"
        },
        {
            "type": "ref_text",
            "bbox": [
                0.109,
                0.524,
                0.871,
                0.557
            ],
            "angle": 0,
            "content": "[9] A. WHITE, La Consolidation Direte, Etudes de Cas, Conso Services International, 1994, 369 pages"
        },
        {
            "type": "list",
            "bbox": [
                0.109,
                0.154,
                0.873,
                0.557
            ],
            "angle": 0,
            "content": null
        }
    ]
]